Titel:,,,,,,,,,,,
Gebruikersnaam:,,,,,,,,,,,
Periode aangevraagd:,01-01-1800,tot:,02-05-2019,,,,,,,,
Gegevens beschikbaar:,30-01-2003,tot:,05-04-2018,,,,,,,,
Datum: ,02-05-2019,,,,,,,,,,
Referentie:,NAP,,,,,,,,,,

NAP:,Normaal Amsterdams Peil,,,,,,,,,,
MV:,Maaiveld,,,,,,,,,,
MP:,Meetpunt,,,,,,,,,,

Locatie,Filternummer,Externe aanduiding,X-coordinaat,Y-coordinaat,Maaiveld (cm t.o.v. NAP),Datum maaiveld gemeten,Startdatum,Einddatum,Meetpunt (cm t.o.v. NAP),Meetpunt (cm t.o.v. MV),Bovenkant filter (cm t.o.v. NAP),Onderkant filter (cm t.o.v. NAP)
B52D0495,002,52DP0495,192798,378240,3215,18-06-2001,18-06-2001,05-04-2018,3249,34,2915,2905


Locatie,Filternummer,Peildatum,Stand (cm t.o.v. MP),Stand (cm t.o.v. MV),Stand (cm t.o.v. NAP),Bijzonderheid,Opmerking,,,
B52D0495,002,30-01-2003,38,4,3211,,,,,,
B52D0495,002,12-02-2003,42,8,3207,,,,,,
B52D0495,002,21-02-2003,46,12,3203,,,,,,
B52D0495,002,27-02-2003,47,13,3202,,,,,,
B52D0495,002,14-03-2003,44,10,3205,,,,,,
B52D0495,002,28-03-2003,50,16,3199,,,,,,
B52D0495,002,16-04-2003,53,19,3196,,,,,,
B52D0495,002,28-04-2003,55,21,3194,,,,,,
B52D0495,002,14-05-2003,53,19,3196,,,,,,
B52D0495,002,28-05-2003,51,17,3198,,,,,,
B52D0495,002,16-06-2003,54,20,3195,,,,,,
B52D0495,002,30-06-2003,63,29,3186,,,,,,
B52D0495,002,15-07-2003,68,34,3181,,,,,,
B52D0495,002,28-07-2003,80,46,3169,,,,,,
B52D0495,002,14-08-2003,109,75,3140,,,,,,
B52D0495,002,28-08-2003,90,56,3159,,,,,,
B52D0495,002,15-09-2003,113,79,3136,,,,,,
B52D0495,002,30-09-2003,113,79,3136,,,,,,
B52D0495,002,14-10-2003,95,61,3154,,,,,,
B52D0495,002,17-11-2003,88,54,3161,,,,,,
B52D0495,002,01-12-2003,86,52,3163,,,,,,
B52D0495,002,15-12-2003,75,41,3174,,,,,,
B52D0495,002,14-01-2004,68,34,3181,,,,,,
B52D0495,002,28-01-2004,57,23,3192,,,,,,
B52D0495,002,16-02-2004,52,18,3197,,,,,,
B52D0495,002,02-03-2004,52,18,3197,,,,,,
B52D0495,002,16-03-2004,52,18,3197,,,,,,
B52D0495,002,30-03-2004,55,21,3194,,,,,,
B52D0495,002,15-04-2004,52,18,3197,,,,,,
B52D0495,002,28-04-2004,55,21,3194,,,,,,
B52D0495,002,18-05-2004,58,24,3191,,,,,,
B52D0495,002,02-06-2004,60,26,3189,,,,,,
B52D0495,002,14-06-2004,64,30,3185,,,,,,
B52D0495,002,29-06-2004,68,34,3181,,,,,,
B52D0495,002,12-07-2004,92,58,3157,,STAND HANDHAVEN,,,,
B52D0495,002,28-07-2004,58,24,3191,,,,,,
B52D0495,002,17-08-2004,62,28,3187,,,,,,
B52D0495,002,31-08-2004,56,22,3193,,,,,,
B52D0495,002,27-09-2004,70,36,3179,,,,,,
B52D0495,002,19-10-2004,60,26,3189,,,,,,
B52D0495,002,01-11-2004,60,26,3189,,,,,,
B52D0495,002,17-11-2004,58,24,3191,,,,,,
B52D0495,002,14-12-2004,52,18,3197,,,,,,
B52D0495,002,07-01-2005,50,16,3199,,,,,,
B52D0495,002,19-01-2005,60,26,3189,,,,,,
B52D0495,002,31-01-2005,50,16,3199,,,,,,
B52D0495,002,15-02-2005,43,9,3206,,,,,,
B52D0495,002,01-03-2005,45,11,3204,,,,,,
B52D0495,002,15-03-2005,50,16,3199,,,,,,
B52D0495,002,30-03-2005,52,18,3197,,,,,,
B52D0495,002,15-04-2005,57,23,3192,,,,,,
B52D0495,002,28-04-2005,50,16,3199,,,,,,
B52D0495,002,13-05-2005,51,17,3198,,,,,,
B52D0495,002,27-05-2005,58,24,3191,,,,,,
B52D0495,002,15-06-2005,60,26,3189,,,,,,
B52D0495,002,28-06-2005,70,36,3179,,,,,,
B52D0495,002,13-07-2005,70,36,3179,,,,,,
B52D0495,002,29-07-2005,80,46,3169,,,,,,
B52D0495,002,16-08-2005,80,46,3169,,,,,,
B52D0495,002,26-08-2005,85,51,3164,,,,,,
B52D0495,002,15-09-2005,106,72,3143,,,,,,
B52D0495,002,03-10-2005,110,76,3139,,,,,,
B52D0495,002,14-10-2005,112,78,3137,,,,,,
B52D0495,002,28-10-2005,94,60,3155,,,,,,
B52D0495,002,15-11-2005,94,60,3155,,,,,,
B52D0495,002,30-11-2005,76,42,3173,,,,,,
B52D0495,002,12-12-2005,80,46,3169,,,,,,
B52D0495,002,13-01-2006,72,38,3177,,,,,,
B52D0495,002,30-01-2006,73,39,3176,,,,,,
B52D0495,002,14-02-2006,70,36,3179,,,,,,
B52D0495,002,02-03-2006,60,26,3189,,,,,,
B52D0495,002,14-03-2006,54,20,3195,,,,,,
B52D0495,002,28-03-2006,54,20,3195,,,,,,
B52D0495,002,18-04-2006,52,18,3197,,,,,,
B52D0495,002,02-05-2006,55,21,3194,,,,,,
B52D0495,002,16-05-2006,64,30,3185,,,,,,
B52D0495,002,30-05-2006,53,19,3196,,,,,,
B52D0495,002,14-06-2006,62,28,3187,,,,,,
B52D0495,002,29-06-2006,66,32,3183,,,,,,
B52D0495,002,17-07-2006,80,46,3169,,,,,,
B52D0495,002,27-07-2006,103,69,3146,,,,,,
B52D0495,002,15-08-2006,107,73,3142,,,,,,
B52D0495,002,28-08-2006,79,45,3170,,,,,,
B52D0495,002,15-09-2006,100,66,3149,,,,,,
B52D0495,002,28-09-2006,112,78,3137,,,,,,
B52D0495,002,16-10-2006,91,57,3158,,,,,,
B52D0495,002,30-10-2006,90,56,3159,,,,,,
B52D0495,002,15-11-2006,80,46,3169,,,,,,
B52D0495,002,28-11-2006,74,40,3175,,,,,,
B52D0495,002,14-12-2006,68,34,3181,,,,,,
B52D0495,002,03-01-2007,67,33,3182,,,,,,
B52D0495,002,15-01-2007,60,26,3189,,,,,,
B52D0495,002,29-01-2007,52,18,3197,,,,,,
B52D0495,002,15-02-2007,47,13,3202,,,,,,
B52D0495,002,01-03-2007,44,10,3205,,,,,,
B52D0495,002,16-03-2007,43,9,3206,,,,,,
B52D0495,002,28-03-2007,45,11,3204,,,,,,
B52D0495,002,17-04-2007,53,19,3196,,,,,,
B52D0495,002,28-04-2007,62,28,3187,,,,,,
B52D0495,002,15-05-2007,57,23,3192,,,,,,
B52D0495,002,29-05-2007,56,22,3193,,,,,,
B52D0495,002,13-06-2007,60,26,3189,,,,,,
B52D0495,002,28-06-2007,62,28,3187,,,,,,
B52D0495,002,17-07-2007,60,26,3189,,,,,,
B52D0495,002,30-07-2007,50,16,3199,,,,,,
B52D0495,002,13-08-2007,54,20,3195,,,,,,
B52D0495,002,29-08-2007,53,19,3196,,,,,,
B52D0495,002,14-09-2007,57,23,3192,,,,,,
B52D0495,002,27-09-2007,60,26,3189,,,,,,
B52D0495,002,18-10-2007,59,25,3190,,,,,,
B52D0495,002,29-10-2007,60,26,3189,,,,,,
B52D0495,002,13-11-2007,53,19,3196,,,,,,
B52D0495,002,28-11-2007,50,16,3199,,,,,,
B52D0495,002,17-12-2007,47,13,3202,,,,,,
B52D0495,002,03-01-2008,49,15,3200,,,,,,
B52D0495,002,16-01-2008,46,12,3203,,,,,,
B52D0495,002,29-01-2008,42,8,3207,,,,,,
B52D0495,002,14-02-2008,42,8,3207,,,,,,
B52D0495,002,28-02-2008,46,12,3203,,,,,,
B52D0495,002,14-03-2008,43,9,3206,,,,,,
B52D0495,002,28-03-2008,42,8,3207,,,,,,
B52D0495,002,14-04-2008,43,9,3206,,,,,,
B52D0495,002,29-04-2008,42,8,3207,,,,,,
B52D0495,002,15-05-2008,48,14,3201,,,,,,
B52D0495,002,28-05-2008,49,15,3200,,,,,,
B52D0495,002,16-06-2008,51,17,3198,,,,,,
B52D0495,002,27-06-2008,59,25,3190,,,,,,
B52D0495,002,14-07-2008,58,24,3191,,,,,,
B52D0495,002,28-07-2008,60,26,3189,,,,,,
B52D0495,002,14-08-2008,57,23,3192,,,,,,
B52D0495,002,28-08-2008,61,27,3188,,,,,,
B52D0495,002,12-09-2008,68,34,3181,,,,,,
B52D0495,002,29-09-2008,70,36,3179,,,,,,
B52D0495,002,14-10-2008,69,35,3180,,,,,,
B52D0495,002,28-10-2008,66,32,3183,,,,,,
B52D0495,002,14-11-2008,65,31,3184,,,,,,
B52D0495,002,27-11-2008,63,29,3186,,,,,,
B52D0495,002,15-12-2008,61,27,3188,,,,,,
B52D0495,002,14-01-2009,58,24,3191,,,,,,
B52D0495,002,29-01-2009,56,22,3193,,,,,,
B52D0495,002,03-02-2009,49,15,3200,,,,,,
B52D0495,002,13-02-2009,50,16,3199,,,,,,
B52D0495,002,13-03-2009,46,12,3203,,,,,,
B52D0495,002,27-03-2009,45,11,3204,,,,,,
B52D0495,002,14-04-2009,46,12,3203,,,,,,
B52D0495,002,29-04-2009,47,13,3202,,,,,,
B52D0495,002,13-05-2009,50,16,3199,,,,,,
B52D0495,002,27-05-2009,56,22,3193,,,,,,
B52D0495,002,15-06-2009,58,24,3191,,,,,,
B52D0495,002,30-06-2009,64,30,3185,,,,,,
B52D0495,002,14-07-2009,68,34,3181,,,,,,
B52D0495,002,24-07-2009,67,33,3182,,,,,,
B52D0495,002,13-08-2009,76,42,3173,,,,,,
B52D0495,002,28-08-2009,86,52,3163,,,,,,
B52D0495,002,15-09-2009,97,63,3152,,,,,,
B52D0495,002,28-09-2009,114,80,3135,,,,,,
B52D0495,002,14-10-2009,64,30,3185,,,,,,
B52D0495,002,28-10-2009,63,29,3186,,,,,,
B52D0495,002,12-11-2009,71,37,3178,,,,,,
B52D0495,002,26-11-2009,65,31,3184,,,,,,
B52D0495,002,14-01-2010,50,16,3199,,,,,,
B52D0495,002,27-01-2010,49,15,3200,,,,,,
B52D0495,002,11-02-2010,46,12,3203,,,,,,
B52D0495,002,02-03-2010,45,11,3204,,,,,,
B52D0495,002,16-03-2010,46,12,3203,,,,,,
B52D0495,002,29-03-2010,43,9,3206,,,,,,
B52D0495,002,14-04-2010,34,0,3215,,,,,,
B52D0495,002,27-04-2010,48,14,3201,,,,,,
B52D0495,002,17-05-2010,47,13,3202,,,,,,
B52D0495,002,27-05-2010,50,16,3199,,,,,,
B52D0495,002,15-06-2010,55,21,3194,,,,,,
B52D0495,002,13-07-2010,74,40,3175,,,,,,
B52D0495,002,27-07-2010,80,46,3169,,,,,,
B52D0495,002,13-08-2010,80,46,3169,,,,,,
B52D0495,002,27-08-2010,67,33,3182,,,,,,
B52D0495,002,15-09-2010,60,26,3189,,,,,,
B52D0495,002,28-09-2010,60,26,3189,,,,,,
B52D0495,002,13-10-2010,59,25,3190,,,,,,
B52D0495,002,28-10-2010,58,24,3191,,,,,,
B52D0495,002,17-11-2010,42,8,3207,,,,,,
B52D0495,002,29-11-2010,42,8,3207,,,,,,
B52D0495,002,14-12-2010,41,7,3208,,,,,,
B52D0495,002,28-01-2011,40,6,3209,,,,,,
B52D0495,002,14-02-2011,42,8,3207,,,,,,
B52D0495,002,28-02-2011,42,8,3207,,,,,,
B52D0495,002,14-03-2011,44,10,3205,,,,,,
B52D0495,002,28-03-2011,44,10,3205,,,,,,
B52D0495,002,15-04-2011,47,13,3202,,,,,,
B52D0495,002,28-04-2011,50,16,3199,,,,,,
B52D0495,002,13-05-2011,56,22,3193,,,,,,
B52D0495,002,27-05-2011,64,30,3185,,,,,,
B52D0495,002,14-06-2011,68,34,3181,,,,,,
B52D0495,002,28-06-2011,70,36,3179,,,,,,
B52D0495,002,14-07-2011,78,44,3171,,,,,,
B52D0495,002,28-07-2011,70,36,3179,,,,,,
B52D0495,002,15-08-2011,65,31,3184,,,,,,
B52D0495,002,29-08-2011,60,26,3189,,,,,,
B52D0495,002,14-09-2011,163,129,3086,,,,,,
B52D0495,002,28-09-2011,66,32,3183,,,,,,
B52D0495,002,14-10-2011,62,28,3187,,,,,,
B52D0495,002,28-10-2011,62,28,3187,,,,,,
B52D0495,002,14-11-2011,65,31,3184,,,,,,
B52D0495,002,28-11-2011,65,31,3184,,,,,,
B52D0495,002,14-12-2011,62,28,3187,,,,,,
B52D0495,002,13-01-2012,40,6,3209,,,,,,
B52D0495,002,13-09-2012,145,111,3104,,,,,,
B52D0495,002,27-09-2012,148,114,3101,,,,,,
B52D0495,002,26-10-2012,128,94,3121,,,,,,
B52D0495,002,14-11-2012,125,91,3124,,,,,,
B52D0495,002,28-11-2012,125,91,3124,,,,,,
B52D0495,002,14-12-2012,108,74,3141,,,,,,
B52D0495,002,15-01-2013,88,54,3161,,,,,,
B52D0495,002,04-02-2013,83,49,3166,,,,,,
B52D0495,002,15-02-2013,85,51,3164,,,,,,
B52D0495,002,28-02-2013,92,58,3157,,,,,,
B52D0495,002,14-03-2013,93,59,3156,,,,,,
B52D0495,002,28-03-2013,95,61,3154,,,,,,
B52D0495,002,15-04-2013,103,69,3146,,,,,,
B52D0495,002,26-04-2013,105,71,3144,,,,,,
B52D0495,002,15-05-2013,115,81,3134,,,,,,
B52D0495,002,28-05-2013,110,76,3139,,,,,,
B52D0495,002,14-06-2013,122,88,3127,,,,,,
B52D0495,002,26-06-2013,132,98,3117,,,,,,
B52D0495,002,15-07-2013,,,,N,,,,,
B52D0495,002,30-07-2013,152,118,3097,,,,,,
B52D0495,002,15-08-2013,162,128,3087,,,,,,
B52D0495,002,30-08-2013,165,131,3084,,,,,,
B52D0495,002,16-09-2013,149,115,3100,,,,,,
B52D0495,002,30-09-2013,146,112,3103,,,,,,
B52D0495,002,15-10-2013,143,109,3106,,,,,,
B52D0495,002,31-10-2013,133,99,3116,,,,,,
B52D0495,002,14-11-2013,108,74,3141,,,,,,
B52D0495,002,29-11-2013,110,76,3139,,,,,,
B52D0495,002,16-12-2013,110,76,3139,,,,,,
B52D0495,002,31-12-2013,90,56,3159,,,,,,
B52D0495,002,28-01-2014,91,57,3158,,,,,,
B52D0495,002,25-02-2014,92,58,3157,,,,,,
B52D0495,002,26-03-2014,107,73,3142,,,,,,
B52D0495,002,30-04-2014,126,92,3123,,,,,,
B52D0495,002,26-05-2014,115,81,3134,,,,,,
B52D0495,002,30-06-2014,131,97,3118,,,,,,
B52D0495,002,02-07-2014,,,,N,,,,,
B52D0495,002,29-07-2014,104,70,3145,,,,,,
B52D0495,002,10-08-2014,,,,N,,,,,
B52D0495,002,27-08-2014,109,75,3140,,,,,,
B52D0495,002,30-09-2014,122,88,3127,,,,,,
B52D0495,002,31-10-2014,101,67,3148,,,,,,
B52D0495,002,28-11-2014,102,68,3147,,,,,,
B52D0495,002,05-01-2015,,,,N,,,,,
B52D0495,002,30-01-2015,,,,N,,,,,
B52D0495,002,24-02-2015,,,,N,,,,,
B52D0495,002,25-03-2015,,,,N,,,,,
B52D0495,002,28-04-2015,,,,N,,,,,
B52D0495,002,27-05-2015,,,,N,,,,,
B52D0495,002,26-08-2015,146,112,3103,,,,,,
B52D0495,002,02-11-2015,121,87,3128,,,,,,
B52D0495,002,15-01-2016,88,54,3161,,,,,,
B52D0495,002,29-01-2016,90,56,3159,,,,,,
B52D0495,002,15-02-2016,80,46,3169,,,,,,
B52D0495,002,29-02-2016,82,48,3167,,,,,,
B52D0495,002,15-03-2016,86,52,3163,,,,,,
B52D0495,002,29-03-2016,93,59,3156,,,,,,
B52D0495,002,15-04-2016,98,64,3151,,,,,,
B52D0495,002,28-04-2016,103,69,3146,,,,,,
B52D0495,002,16-05-2016,115,81,3134,,,,,,
B52D0495,002,20-05-2016,117,83,3132,,,,,,
B52D0495,002,21-05-2016,117,83,3132,,,,,,
B52D0495,002,22-05-2016,118,84,3131,,,,,,
B52D0495,002,23-05-2016,121,87,3128,,,,,,
B52D0495,002,24-05-2016,120,86,3129,,,,,,
B52D0495,002,25-05-2016,119,85,3130,,,,,,
B52D0495,002,26-05-2016,119,85,3130,,,,,,
B52D0495,002,27-05-2016,119,85,3130,,,,,,
B52D0495,002,28-05-2016,119,85,3130,,,,,,
B52D0495,002,29-05-2016,120,86,3129,,,,,,
B52D0495,002,30-05-2016,121,87,3128,,,,,,
B52D0495,002,31-05-2016,116,82,3133,,,,,,
B52D0495,002,01-06-2016,112,78,3137,,,,,,
B52D0495,002,02-06-2016,101,67,3148,,,,,,
B52D0495,002,03-06-2016,90,56,3159,,,,,,
B52D0495,002,04-06-2016,88,54,3161,,,,,,
B52D0495,002,05-06-2016,87,53,3162,,,,,,
B52D0495,002,06-06-2016,87,53,3162,,,,,,
B52D0495,002,07-06-2016,88,54,3161,,,,,,
B52D0495,002,08-06-2016,89,55,3160,,,,,,
B52D0495,002,09-06-2016,89,55,3160,,,,,,
B52D0495,002,10-06-2016,88,54,3161,,,,,,
B52D0495,002,11-06-2016,89,55,3160,,,,,,
B52D0495,002,12-06-2016,90,56,3159,,,,,,
B52D0495,002,13-06-2016,90,56,3159,,,,,,
B52D0495,002,14-06-2016,88,54,3161,,,,,,
B52D0495,002,15-06-2016,86,52,3163,,,,,,
B52D0495,002,16-06-2016,84,50,3165,,,,,,
B52D0495,002,17-06-2016,85,51,3164,,,,,,
B52D0495,002,18-06-2016,84,50,3165,,,,,,
B52D0495,002,19-06-2016,84,50,3165,,,,,,
B52D0495,002,20-06-2016,83,49,3166,,,,,,
B52D0495,002,21-06-2016,84,50,3165,,,,,,
B52D0495,002,22-06-2016,84,50,3165,,,,,,
B52D0495,002,23-06-2016,83,49,3166,,,,,,
B52D0495,002,24-06-2016,82,48,3167,,,,,,
B52D0495,002,25-06-2016,74,40,3175,,,,,,
B52D0495,002,26-06-2016,71,37,3178,,,,,,
B52D0495,002,27-06-2016,71,37,3178,,,,,,
B52D0495,002,28-06-2016,71,37,3178,,,,,,
B52D0495,002,29-06-2016,73,39,3176,,,,,,
B52D0495,002,30-06-2016,74,40,3175,,,,,,
B52D0495,002,01-07-2016,75,41,3174,,,,,,
B52D0495,002,02-07-2016,76,42,3173,,,,,,
B52D0495,002,03-07-2016,77,43,3172,,,,,,
B52D0495,002,04-07-2016,77,43,3172,,,,,,
B52D0495,002,05-07-2016,79,45,3170,,,,,,
B52D0495,002,06-07-2016,80,46,3169,,,,,,
B52D0495,002,07-07-2016,81,47,3168,,,,,,
B52D0495,002,08-07-2016,84,50,3165,,,,,,
B52D0495,002,09-07-2016,85,51,3164,,,,,,
B52D0495,002,10-07-2016,86,52,3163,,,,,,
B52D0495,002,11-07-2016,88,54,3161,,,,,,
B52D0495,002,12-07-2016,90,56,3159,,,,,,
B52D0495,002,13-07-2016,92,58,3157,,,,,,
B52D0495,002,14-07-2016,95,61,3154,,,,,,
B52D0495,002,15-07-2016,96,62,3153,,,,,,
B52D0495,002,16-07-2016,98,64,3151,,,,,,
B52D0495,002,17-07-2016,99,65,3150,,,,,,
B52D0495,002,18-07-2016,101,67,3148,,,,,,
B52D0495,002,19-07-2016,102,68,3147,,,,,,
B52D0495,002,20-07-2016,103,69,3146,,,,,,
B52D0495,002,21-07-2016,105,71,3144,,,,,,
B52D0495,002,22-07-2016,106,72,3143,,,,,,
B52D0495,002,23-07-2016,107,73,3142,,,,,,
B52D0495,002,24-07-2016,107,73,3142,,,,,,
B52D0495,002,25-07-2016,109,75,3140,,,,,,
B52D0495,002,26-07-2016,109,75,3140,,,,,,
B52D0495,002,27-07-2016,109,75,3140,,,,,,
B52D0495,002,28-07-2016,110,76,3139,,,,,,
B52D0495,002,29-07-2016,110,76,3139,,,,,,
B52D0495,002,30-07-2016,111,77,3138,,,,,,
B52D0495,002,31-07-2016,113,79,3136,,,,,,
B52D0495,002,01-08-2016,114,80,3135,,,,,,
B52D0495,002,02-08-2016,115,81,3134,,,,,,
B52D0495,002,03-08-2016,115,81,3134,,,,,,
B52D0495,002,04-08-2016,116,82,3133,,,,,,
B52D0495,002,05-08-2016,117,83,3132,,,,,,
B52D0495,002,06-08-2016,117,83,3132,,,,,,
B52D0495,002,07-08-2016,116,82,3133,,,,,,
B52D0495,002,08-08-2016,117,83,3132,,,,,,
B52D0495,002,09-08-2016,118,84,3131,,,,,,
B52D0495,002,10-08-2016,118,84,3131,,,,,,
B52D0495,002,11-08-2016,117,83,3132,,,,,,
B52D0495,002,12-08-2016,118,84,3131,,,,,,
B52D0495,002,13-08-2016,118,84,3131,,,,,,
B52D0495,002,14-08-2016,119,85,3130,,,,,,
B52D0495,002,15-08-2016,119,85,3130,,,,,,
B52D0495,002,16-08-2016,119,85,3130,,,,,,
B52D0495,002,17-08-2016,119,85,3130,,,,,,
B52D0495,002,18-08-2016,120,86,3129,,,,,,
B52D0495,002,19-08-2016,120,86,3129,,,,,,
B52D0495,002,20-08-2016,120,86,3129,,,,,,
B52D0495,002,21-08-2016,121,87,3128,,,,,,
B52D0495,002,22-08-2016,122,88,3127,,,,,,
B52D0495,002,23-08-2016,122,88,3127,,,,,,
B52D0495,002,24-08-2016,122,88,3127,,,,,,
B52D0495,002,25-08-2016,122,88,3127,,,,,,
B52D0495,002,26-08-2016,124,90,3125,,,,,,
B52D0495,002,27-08-2016,124,90,3125,,,,,,
B52D0495,002,28-08-2016,127,93,3122,,,,,,
B52D0495,002,29-08-2016,127,93,3122,,,,,,
B52D0495,002,30-08-2016,127,93,3122,,,,,,
B52D0495,002,31-08-2016,127,93,3122,,,,,,
B52D0495,002,01-09-2016,128,94,3121,,,,,,
B52D0495,002,02-09-2016,129,95,3120,,,,,,
B52D0495,002,03-09-2016,129,95,3120,,,,,,
B52D0495,002,04-09-2016,130,96,3119,,,,,,
B52D0495,002,05-09-2016,131,97,3118,,,,,,
B52D0495,002,06-09-2016,131,97,3118,,,,,,
B52D0495,002,07-09-2016,130,96,3119,,,,,,
B52D0495,002,08-09-2016,131,97,3118,,,,,,
B52D0495,002,09-09-2016,132,98,3117,,,,,,
B52D0495,002,10-09-2016,132,98,3117,,,,,,
B52D0495,002,11-09-2016,133,99,3116,,,,,,
B52D0495,002,12-09-2016,133,99,3116,,,,,,
B52D0495,002,13-09-2016,133,99,3116,,,,,,
B52D0495,002,14-09-2016,135,101,3114,,,,,,
B52D0495,002,15-09-2016,136,102,3113,,,,,,
B52D0495,002,16-09-2016,137,103,3112,,,,,,
B52D0495,002,17-09-2016,138,104,3111,,,,,,
B52D0495,002,18-09-2016,139,105,3110,,,,,,
B52D0495,002,19-09-2016,139,105,3110,,,,,,
B52D0495,002,20-09-2016,139,105,3110,,,,,,
B52D0495,002,21-09-2016,139,105,3110,,,,,,
B52D0495,002,22-09-2016,139,105,3110,,,,,,
B52D0495,002,23-09-2016,140,106,3109,,,,,,
B52D0495,002,24-09-2016,140,106,3109,,,,,,
B52D0495,002,25-09-2016,140,106,3109,,,,,,
B52D0495,002,26-09-2016,141,107,3108,,,,,,
B52D0495,002,27-09-2016,142,108,3107,,,,,,
B52D0495,002,28-09-2016,143,109,3106,,,,,,
B52D0495,002,29-09-2016,142,108,3107,,,,,,
B52D0495,002,30-09-2016,143,109,3106,,,,,,
B52D0495,002,01-10-2016,143,109,3106,,,,,,
B52D0495,002,02-10-2016,144,110,3105,,,,,,
B52D0495,002,03-10-2016,145,111,3104,,,,,,
B52D0495,002,04-10-2016,145,111,3104,,,,,,
B52D0495,002,05-10-2016,145,111,3104,,,,,,
B52D0495,002,06-10-2016,146,112,3103,,,,,,
B52D0495,002,07-10-2016,147,113,3102,,,,,,
B52D0495,002,08-10-2016,147,113,3102,,,,,,
B52D0495,002,09-10-2016,147,113,3102,,,,,,
B52D0495,002,10-10-2016,147,113,3102,,,,,,
B52D0495,002,11-10-2016,148,114,3101,,,,,,
B52D0495,002,12-10-2016,149,115,3100,,,,,,
B52D0495,002,13-10-2016,147,113,3102,,,,,,
B52D0495,002,14-10-2016,149,115,3100,,,,,,
B52D0495,002,15-10-2016,150,116,3099,,,,,,
B52D0495,002,16-10-2016,149,115,3100,,,,,,
B52D0495,002,17-10-2016,150,116,3099,,,,,,
B52D0495,002,18-10-2016,149,115,3100,,,,,,
B52D0495,002,19-10-2016,151,117,3098,,,,,,
B52D0495,002,20-10-2016,151,117,3098,,,,,,
B52D0495,002,21-10-2016,150,116,3099,,,,,,
B52D0495,002,22-10-2016,151,117,3098,,,,,,
B52D0495,002,23-10-2016,150,116,3099,,,,,,
B52D0495,002,24-10-2016,149,115,3100,,,,,,
B52D0495,002,25-10-2016,150,116,3099,,,,,,
B52D0495,002,26-10-2016,149,115,3100,,,,,,
B52D0495,002,27-10-2016,149,115,3100,,,,,,
B52D0495,002,28-10-2016,149,115,3100,,,,,,
B52D0495,002,29-10-2016,149,115,3100,,,,,,
B52D0495,002,30-10-2016,149,115,3100,,,,,,
B52D0495,002,31-10-2016,149,115,3100,,,,,,
B52D0495,002,01-11-2016,148,114,3101,,,,,,
B52D0495,002,02-11-2016,148,114,3101,,,,,,
B52D0495,002,03-11-2016,148,114,3101,,,,,,
B52D0495,002,04-11-2016,147,113,3102,,,,,,
B52D0495,002,05-11-2016,146,112,3103,,,,,,
B52D0495,002,06-11-2016,145,111,3104,,,,,,
B52D0495,002,07-11-2016,146,112,3103,,,,,,
B52D0495,002,08-11-2016,145,111,3104,,,,,,
B52D0495,002,09-11-2016,144,110,3105,,,,,,
B52D0495,002,10-11-2016,144,110,3105,,,,,,
B52D0495,002,11-11-2016,145,111,3104,,,,,,
B52D0495,002,12-11-2016,142,108,3107,,,,,,
B52D0495,002,13-11-2016,142,108,3107,,,,,,
B52D0495,002,14-11-2016,140,106,3109,,,,,,
B52D0495,002,15-11-2016,140,106,3109,,,,,,
B52D0495,002,16-11-2016,137,103,3112,,,,,,
B52D0495,002,17-11-2016,131,97,3118,,,,,,
B52D0495,002,18-11-2016,128,94,3121,,,,,,
B52D0495,002,19-11-2016,123,89,3126,,,,,,
B52D0495,002,20-11-2016,119,85,3130,,,,,,
B52D0495,002,21-11-2016,117,83,3132,,,,,,
B52D0495,002,22-11-2016,117,83,3132,,,,,,
B52D0495,002,23-11-2016,117,83,3132,,,,,,
B52D0495,002,24-11-2016,117,83,3132,,,,,,
B52D0495,002,25-11-2016,117,83,3132,,,,,,
B52D0495,002,26-11-2016,117,83,3132,,,,,,
B52D0495,002,27-11-2016,117,83,3132,,,,,,
B52D0495,002,28-11-2016,117,83,3132,,,,,,
B52D0495,002,29-11-2016,117,83,3132,,,,,,
B52D0495,002,30-11-2016,117,83,3132,,,,,,
B52D0495,002,01-12-2016,117,83,3132,,,,,,
B52D0495,002,02-12-2016,118,84,3131,,,,,,
B52D0495,002,03-12-2016,118,84,3131,,,,,,
B52D0495,002,04-12-2016,117,83,3132,,,,,,
B52D0495,002,05-12-2016,118,84,3131,,,,,,
B52D0495,002,06-12-2016,118,84,3131,,,,,,
B52D0495,002,07-12-2016,117,83,3132,,,,,,
B52D0495,002,08-12-2016,118,84,3131,,,,,,
B52D0495,002,09-12-2016,119,85,3130,,,,,,
B52D0495,002,10-12-2016,119,85,3130,,,,,,
B52D0495,002,11-12-2016,120,86,3129,,,,,,
B52D0495,002,12-12-2016,119,85,3130,,,,,,
B52D0495,002,13-12-2016,119,85,3130,,,,,,
B52D0495,002,14-12-2016,120,86,3129,,,,,,
B52D0495,002,15-12-2016,119,85,3130,,,,,,
B52D0495,002,16-12-2016,120,86,3129,,,,,,
B52D0495,002,17-12-2016,120,86,3129,,,,,,
B52D0495,002,18-12-2016,120,86,3129,,,,,,
B52D0495,002,19-12-2016,120,86,3129,,,,,,
B52D0495,002,20-12-2016,120,86,3129,,,,,,
B52D0495,002,21-12-2016,120,86,3129,,,,,,
B52D0495,002,22-12-2016,121,87,3128,,,,,,
B52D0495,002,23-12-2016,120,86,3129,,,,,,
B52D0495,002,24-12-2016,117,83,3132,,,,,,
B52D0495,002,25-12-2016,115,81,3134,,,,,,
B52D0495,002,26-12-2016,115,81,3134,,,,,,
B52D0495,002,27-12-2016,115,81,3134,,,,,,
B52D0495,002,28-12-2016,114,80,3135,,,,,,
B52D0495,002,29-12-2016,113,79,3136,,,,,,
B52D0495,002,30-12-2016,113,79,3136,,,,,,
B52D0495,002,31-12-2016,113,79,3136,,,,,,
B52D0495,002,01-01-2017,113,79,3136,,,,,,
B52D0495,002,02-01-2017,114,80,3135,,,,,,
B52D0495,002,03-01-2017,112,78,3137,,,,,,
B52D0495,002,04-01-2017,113,79,3136,,,,,,
B52D0495,002,05-01-2017,113,79,3136,,,,,,
B52D0495,002,06-01-2017,111,77,3138,,,,,,
B52D0495,002,07-01-2017,111,77,3138,,,,,,
B52D0495,002,08-01-2017,112,78,3137,,,,,,
B52D0495,002,09-01-2017,110,76,3139,,,,,,
B52D0495,002,10-01-2017,109,75,3140,,,,,,
B52D0495,002,11-01-2017,107,73,3142,,,,,,
B52D0495,002,12-01-2017,105,71,3144,,,,,,
B52D0495,002,13-01-2017,103,69,3146,,,,,,
B52D0495,002,14-01-2017,100,66,3149,,,,,,
B52D0495,002,15-01-2017,99,65,3150,,,,,,
B52D0495,002,16-01-2017,99,65,3150,,,,,,
B52D0495,002,17-01-2017,99,65,3150,,,,,,
B52D0495,002,18-01-2017,99,65,3150,,,,,,
B52D0495,002,19-01-2017,99,65,3150,,,,,,
B52D0495,002,20-01-2017,99,65,3150,,,,,,
B52D0495,002,21-01-2017,100,66,3149,,,,,,
B52D0495,002,22-01-2017,101,67,3148,,,,,,
B52D0495,002,23-01-2017,101,67,3148,,,,,,
B52D0495,002,24-01-2017,102,68,3147,,,,,,
B52D0495,002,25-01-2017,102,68,3147,,,,,,
B52D0495,002,26-01-2017,103,69,3146,,,,,,
B52D0495,002,27-01-2017,104,70,3145,,,,,,
B52D0495,002,28-01-2017,104,70,3145,,,,,,
B52D0495,002,29-01-2017,105,71,3144,,,,,,
B52D0495,002,30-01-2017,105,71,3144,,,,,,
B52D0495,002,31-01-2017,106,72,3143,,,,,,
B52D0495,002,01-02-2017,105,71,3144,,,,,,
B52D0495,002,02-02-2017,104,70,3145,,,,,,
B52D0495,002,03-02-2017,104,70,3145,,,,,,
B52D0495,002,04-02-2017,104,70,3145,,,,,,
B52D0495,002,05-02-2017,103,69,3146,,,,,,
B52D0495,002,06-02-2017,103,69,3146,,,,,,
B52D0495,002,07-02-2017,103,69,3146,,,,,,
B52D0495,002,08-02-2017,104,70,3145,,,,,,
B52D0495,002,09-02-2017,103,69,3146,,,,,,
B52D0495,002,10-02-2017,102,68,3147,,,,,,
B52D0495,002,11-02-2017,102,68,3147,,,,,,
B52D0495,002,12-02-2017,102,68,3147,,,,,,
B52D0495,002,13-02-2017,102,68,3147,,,,,,
B52D0495,002,14-02-2017,102,68,3147,,,,,,
B52D0495,002,15-02-2017,101,67,3148,,,,,,
B52D0495,002,16-02-2017,102,68,3147,,,,,,
B52D0495,002,17-02-2017,103,69,3146,,,,,,
B52D0495,002,18-02-2017,102,68,3147,,,,,,
B52D0495,002,19-02-2017,102,68,3147,,,,,,
B52D0495,002,20-02-2017,102,68,3147,,,,,,
B52D0495,002,21-02-2017,103,69,3146,,,,,,
B52D0495,002,22-02-2017,103,69,3146,,,,,,
B52D0495,002,23-02-2017,96,62,3153,,,,,,
B52D0495,002,24-02-2017,96,62,3153,,,,,,
B52D0495,002,25-02-2017,94,60,3155,,,,,,
B52D0495,002,26-02-2017,94,60,3155,,,,,,
B52D0495,002,27-02-2017,91,57,3158,,,,,,
B52D0495,002,28-02-2017,92,58,3157,,,,,,
B52D0495,002,01-03-2017,93,59,3156,,,,,,
B52D0495,002,02-03-2017,94,60,3155,,,,,,
B52D0495,002,03-03-2017,92,58,3157,,,,,,
B52D0495,002,04-03-2017,93,59,3156,,,,,,
B52D0495,002,05-03-2017,93,59,3156,,,,,,
B52D0495,002,06-03-2017,92,58,3157,,,,,,
B52D0495,002,07-03-2017,91,57,3158,,,,,,
B52D0495,002,08-03-2017,89,55,3160,,,,,,
B52D0495,002,09-03-2017,89,55,3160,,,,,,
B52D0495,002,10-03-2017,87,53,3162,,,,,,
B52D0495,002,11-03-2017,87,53,3162,,,,,,
B52D0495,002,12-03-2017,87,53,3162,,,,,,
B52D0495,002,13-03-2017,89,55,3160,,,,,,
B52D0495,002,14-03-2017,88,54,3161,,,,,,
B52D0495,002,15-03-2017,90,56,3159,,,,,,
B52D0495,002,16-03-2017,90,56,3159,,,,,,
B52D0495,002,17-03-2017,92,58,3157,,,,,,
B52D0495,002,18-03-2017,92,58,3157,,,,,,
B52D0495,002,19-03-2017,91,57,3158,,,,,,
B52D0495,002,20-03-2017,91,57,3158,,,,,,
B52D0495,002,21-03-2017,92,58,3157,,,,,,
B52D0495,002,22-03-2017,90,56,3159,,,,,,
B52D0495,002,23-03-2017,91,57,3158,,,,,,
B52D0495,002,24-03-2017,92,58,3157,,,,,,
B52D0495,002,25-03-2017,93,59,3156,,,,,,
B52D0495,002,26-03-2017,94,60,3155,,,,,,
B52D0495,002,27-03-2017,94,60,3155,,,,,,
B52D0495,002,28-03-2017,96,62,3153,,,,,,
B52D0495,002,29-03-2017,96,62,3153,,,,,,
B52D0495,002,30-03-2017,98,64,3151,,,,,,
B52D0495,002,31-03-2017,98,64,3151,,,,,,
B52D0495,002,01-04-2017,100,66,3149,,,,,,
B52D0495,002,02-04-2017,101,67,3148,,,,,,
B52D0495,002,03-04-2017,102,68,3147,,,,,,
B52D0495,002,04-04-2017,103,69,3146,,,,,,
B52D0495,002,05-04-2017,105,71,3144,,,,,,
B52D0495,002,06-04-2017,106,72,3143,,,,,,
B52D0495,002,07-04-2017,106,72,3143,,,,,,
B52D0495,002,08-04-2017,107,73,3142,,,,,,
B52D0495,002,09-04-2017,107,73,3142,,,,,,
B52D0495,002,10-04-2017,109,75,3140,,,,,,
B52D0495,002,11-04-2017,109,75,3140,,,,,,
B52D0495,002,12-04-2017,110,76,3139,,,,,,
B52D0495,002,13-04-2017,111,77,3138,,,,,,
B52D0495,002,14-04-2017,111,77,3138,,,,,,
B52D0495,002,15-04-2017,112,78,3137,,,,,,
B52D0495,002,16-04-2017,113,79,3136,,,,,,
B52D0495,002,17-04-2017,114,80,3135,,,,,,
B52D0495,002,18-04-2017,114,80,3135,,,,,,
B52D0495,002,19-04-2017,114,80,3135,,,,,,
B52D0495,002,20-04-2017,114,80,3135,,,,,,
B52D0495,002,21-04-2017,114,80,3135,,,,,,
B52D0495,002,22-04-2017,115,81,3134,,,,,,
B52D0495,002,23-04-2017,115,81,3134,,,,,,
B52D0495,002,24-04-2017,114,80,3135,,,,,,
B52D0495,002,25-04-2017,116,82,3133,,,,,,
B52D0495,002,26-04-2017,116,82,3133,,,,,,
B52D0495,002,27-04-2017,116,82,3133,,,,,,
B52D0495,002,28-04-2017,117,83,3132,,,,,,
B52D0495,002,29-04-2017,118,84,3131,,,,,,
B52D0495,002,30-04-2017,117,83,3132,,,,,,
B52D0495,002,01-05-2017,119,85,3130,,,,,,
B52D0495,002,02-05-2017,120,86,3129,,,,,,
B52D0495,002,03-05-2017,120,86,3129,,,,,,
B52D0495,002,04-05-2017,121,87,3128,,,,,,
B52D0495,002,05-05-2017,121,87,3128,,,,,,
B52D0495,002,06-05-2017,120,86,3129,,,,,,
B52D0495,002,07-05-2017,122,88,3127,,,,,,
B52D0495,002,08-05-2017,122,88,3127,,,,,,
B52D0495,002,09-05-2017,122,88,3127,,,,,,
B52D0495,002,10-05-2017,122,88,3127,,,,,,
B52D0495,002,11-05-2017,122,88,3127,,,,,,
B52D0495,002,12-05-2017,123,89,3126,,,,,,
B52D0495,002,13-05-2017,124,90,3125,,,,,,
B52D0495,002,14-05-2017,125,91,3124,,,,,,
B52D0495,002,15-05-2017,125,91,3124,,,,,,
B52D0495,002,16-05-2017,126,92,3123,,,,,,
B52D0495,002,17-05-2017,126,92,3123,,,,,,
B52D0495,002,18-05-2017,128,94,3121,,,,,,
B52D0495,002,19-05-2017,129,95,3120,,,,,,
B52D0495,002,20-05-2017,130,96,3119,,,,,,
B52D0495,002,21-05-2017,129,95,3120,,,,,,
B52D0495,002,22-05-2017,130,96,3119,,,,,,
B52D0495,002,23-05-2017,132,98,3117,,,,,,
B52D0495,002,24-05-2017,132,98,3117,,,,,,
B52D0495,002,25-05-2017,133,99,3116,,,,,,
B52D0495,002,26-05-2017,134,100,3115,,,,,,
B52D0495,002,27-05-2017,135,101,3114,,,,,,
B52D0495,002,28-05-2017,137,103,3112,,,,,,
B52D0495,002,29-05-2017,138,104,3111,,,,,,
B52D0495,002,30-05-2017,140,106,3109,,,,,,
B52D0495,002,31-05-2017,141,107,3108,,,,,,
B52D0495,002,01-06-2017,141,107,3108,,,,,,
B52D0495,002,02-06-2017,143,109,3106,,,,,,
B52D0495,002,03-06-2017,143,109,3106,,,,,,
B52D0495,002,04-06-2017,144,110,3105,,,,,,
B52D0495,002,05-06-2017,144,110,3105,,,,,,
B52D0495,002,06-06-2017,144,110,3105,,,,,,
B52D0495,002,07-06-2017,146,112,3103,,,,,,
B52D0495,002,08-06-2017,145,111,3104,,,,,,
B52D0495,002,09-06-2017,147,113,3102,,,,,,
B52D0495,002,10-06-2017,147,113,3102,,,,,,
B52D0495,002,11-06-2017,147,113,3102,,,,,,
B52D0495,002,12-06-2017,149,115,3100,,,,,,
B52D0495,002,13-06-2017,149,115,3100,,,,,,
B52D0495,002,14-06-2017,148,114,3101,,,,,,
B52D0495,002,15-06-2017,149,115,3100,,,,,,
B52D0495,002,16-06-2017,151,117,3098,,,,,,
B52D0495,002,17-06-2017,151,117,3098,,,,,,
B52D0495,002,18-06-2017,152,118,3097,,,,,,
B52D0495,002,19-06-2017,153,119,3096,,,,,,
B52D0495,002,20-06-2017,156,122,3093,,,,,,
B52D0495,002,21-06-2017,157,123,3092,,,,,,
B52D0495,002,22-06-2017,158,124,3091,,,,,,
B52D0495,002,23-06-2017,161,127,3088,,,,,,
B52D0495,002,24-06-2017,161,127,3088,,,,,,
B52D0495,002,25-06-2017,163,129,3086,,,,,,
B52D0495,002,26-06-2017,163,129,3086,,,,,,
B52D0495,002,27-06-2017,163,129,3086,,,,,,
B52D0495,002,28-06-2017,163,129,3086,,,,,,
B52D0495,002,29-06-2017,164,130,3085,,,,,,
B52D0495,002,30-06-2017,164,130,3085,,,,,,
B52D0495,002,01-07-2017,165,131,3084,,,,,,
B52D0495,002,02-07-2017,164,130,3085,,,,,,
B52D0495,002,03-07-2017,163,129,3086,,,,,,
B52D0495,002,04-07-2017,164,130,3085,,,,,,
B52D0495,002,05-07-2017,164,130,3085,,,,,,
B52D0495,002,06-07-2017,164,130,3085,,,,,,
B52D0495,002,07-07-2017,165,131,3084,,,,,,
B52D0495,002,08-07-2017,164,130,3085,,,,,,
B52D0495,002,09-07-2017,164,130,3085,,,,,,
B52D0495,002,10-07-2017,164,130,3085,,,,,,
B52D0495,002,11-07-2017,164,130,3085,,,,,,
B52D0495,002,12-07-2017,167,133,3082,,,,,,
B52D0495,002,13-07-2017,163,129,3086,,,,,,
B52D0495,002,14-07-2017,161,127,3088,,,,,,
B52D0495,002,15-07-2017,159,125,3090,,,,,,
B52D0495,002,16-07-2017,158,124,3091,,,,,,
B52D0495,002,17-07-2017,158,124,3091,,,,,,
B52D0495,002,18-07-2017,156,122,3093,,,,,,
B52D0495,002,19-07-2017,156,122,3093,,,,,,
B52D0495,002,20-07-2017,156,122,3093,,,,,,
B52D0495,002,21-07-2017,156,122,3093,,,,,,
B52D0495,002,22-07-2017,156,122,3093,,,,,,
B52D0495,002,23-07-2017,157,123,3092,,,,,,
B52D0495,002,24-07-2017,158,124,3091,,,,,,
B52D0495,002,25-07-2017,158,124,3091,,,,,,
B52D0495,002,26-07-2017,157,123,3092,,,,,,
B52D0495,002,27-07-2017,158,124,3091,,,,,,
B52D0495,002,28-07-2017,157,123,3092,,,,,,
B52D0495,002,29-07-2017,158,124,3091,,,,,,
B52D0495,002,30-07-2017,158,124,3091,,,,,,
B52D0495,002,31-07-2017,158,124,3091,,,,,,
B52D0495,002,01-08-2017,159,125,3090,,,,,,
B52D0495,002,02-08-2017,159,125,3090,,,,,,
B52D0495,002,03-08-2017,159,125,3090,,,,,,
B52D0495,002,04-08-2017,159,125,3090,,,,,,
B52D0495,002,05-08-2017,160,126,3089,,,,,,
B52D0495,002,06-08-2017,161,127,3088,,,,,,
B52D0495,002,07-08-2017,161,127,3088,,,,,,
B52D0495,002,08-08-2017,162,128,3087,,,,,,
B52D0495,002,09-08-2017,163,129,3086,,,,,,
B52D0495,002,10-08-2017,163,129,3086,,,,,,
B52D0495,002,11-08-2017,163,129,3086,,,,,,
B52D0495,002,12-08-2017,164,130,3085,,,,,,
B52D0495,002,13-08-2017,164,130,3085,,,,,,
B52D0495,002,14-08-2017,163,129,3086,,,,,,
B52D0495,002,15-08-2017,163,129,3086,,,,,,
B52D0495,002,16-08-2017,165,131,3084,,,,,,
B52D0495,002,17-08-2017,165,131,3084,,,,,,
B52D0495,002,18-08-2017,165,131,3084,,,,,,
B52D0495,002,19-08-2017,166,132,3083,,,,,,
B52D0495,002,20-08-2017,166,132,3083,,,,,,
B52D0495,002,21-08-2017,165,131,3084,,,,,,
B52D0495,002,22-08-2017,165,131,3084,,,,,,
B52D0495,002,23-08-2017,165,131,3084,,,,,,
B52D0495,002,24-08-2017,165,131,3084,,,,,,
B52D0495,002,25-08-2017,165,131,3084,,,,,,
B52D0495,002,26-08-2017,166,132,3083,,,,,,
B52D0495,002,27-08-2017,166,132,3083,,,,,,
B52D0495,002,28-08-2017,166,132,3083,,,,,,
B52D0495,002,29-08-2017,166,132,3083,,,,,,
B52D0495,002,30-08-2017,168,134,3081,,,,,,
B52D0495,002,31-08-2017,168,134,3081,,,,,,
B52D0495,002,01-09-2017,166,132,3083,,,,,,
B52D0495,002,02-09-2017,167,133,3082,,,,,,
B52D0495,002,03-09-2017,166,132,3083,,,,,,
B52D0495,002,04-09-2017,166,132,3083,,,,,,
B52D0495,002,05-09-2017,166,132,3083,,,,,,
B52D0495,002,06-09-2017,166,132,3083,,,,,,
B52D0495,002,07-09-2017,165,131,3084,,,,,,
B52D0495,002,08-09-2017,165,131,3084,,,,,,
B52D0495,002,09-09-2017,165,131,3084,,,,,,
B52D0495,002,10-09-2017,164,130,3085,,,,,,
B52D0495,002,11-09-2017,164,130,3085,,,,,,
B52D0495,002,12-09-2017,165,131,3084,,,,,,
B52D0495,002,13-09-2017,166,132,3083,,,,,,
B52D0495,002,14-09-2017,166,132,3083,,,,,,
B52D0495,002,15-09-2017,165,131,3084,,,,,,
B52D0495,002,16-09-2017,165,131,3084,,,,,,
B52D0495,002,17-09-2017,165,131,3084,,,,,,
B52D0495,002,18-09-2017,165,131,3084,,,,,,
B52D0495,002,19-09-2017,165,131,3084,,,,,,
B52D0495,002,20-09-2017,163,129,3086,,,,,,
B52D0495,002,21-09-2017,162,128,3087,,,,,,
B52D0495,002,22-09-2017,162,128,3087,,,,,,
B52D0495,002,23-09-2017,162,128,3087,,,,,,
B52D0495,002,24-09-2017,161,127,3088,,,,,,
B52D0495,002,25-09-2017,161,127,3088,,,,,,
B52D0495,002,26-09-2017,162,128,3087,,,,,,
B52D0495,002,27-09-2017,161,127,3088,,,,,,
B52D0495,002,28-09-2017,161,127,3088,,,,,,
B52D0495,002,29-09-2017,160,126,3089,,,,,,
B52D0495,002,30-09-2017,162,128,3087,,,,,,
B52D0495,002,01-10-2017,158,124,3091,,,,,,
B52D0495,002,02-10-2017,156,122,3093,,,,,,
B52D0495,002,03-10-2017,156,122,3093,,,,,,
B52D0495,002,04-10-2017,154,120,3095,,,,,,
B52D0495,002,05-10-2017,157,123,3092,,,,,,
B52D0495,002,06-10-2017,155,121,3094,,,,,,
B52D0495,002,07-10-2017,153,119,3096,,,,,,
B52D0495,002,08-10-2017,153,119,3096,,,,,,
B52D0495,002,09-10-2017,151,117,3098,,,,,,
B52D0495,002,10-10-2017,149,115,3100,,,,,,
B52D0495,002,11-10-2017,147,113,3102,,,,,,
B52D0495,002,12-10-2017,148,114,3101,,,,,,
B52D0495,002,13-10-2017,148,114,3101,,,,,,
B52D0495,002,14-10-2017,148,114,3101,,,,,,
B52D0495,002,15-10-2017,148,114,3101,,,,,,
B52D0495,002,16-10-2017,148,114,3101,,,,,,
B52D0495,002,17-10-2017,149,115,3100,,,,,,
B52D0495,002,18-10-2017,148,114,3101,,,,,,
B52D0495,002,19-10-2017,148,114,3101,,,,,,
B52D0495,002,20-10-2017,149,115,3100,,,,,,
B52D0495,002,21-10-2017,148,114,3101,,,,,,
B52D0495,002,22-10-2017,149,115,3100,,,,,,
B52D0495,002,23-10-2017,149,115,3100,,,,,,
B52D0495,002,24-10-2017,149,115,3100,,,,,,
B52D0495,002,25-10-2017,150,116,3099,,,,,,
B52D0495,002,26-10-2017,149,115,3100,,,,,,
B52D0495,002,27-10-2017,150,116,3099,,,,,,
B52D0495,002,28-10-2017,149,115,3100,,,,,,
B52D0495,002,29-10-2017,149,115,3100,,,,,,
B52D0495,002,30-10-2017,148,114,3101,,,,,,
B52D0495,002,31-10-2017,146,112,3103,,,,,,
B52D0495,002,01-11-2017,145,111,3104,,,,,,
B52D0495,002,02-11-2017,144,110,3105,,,,,,
B52D0495,002,03-11-2017,144,110,3105,,,,,,
B52D0495,002,04-11-2017,142,108,3107,,,,,,
B52D0495,002,05-11-2017,144,110,3105,,,,,,
B52D0495,002,06-11-2017,144,110,3105,,,,,,
B52D0495,002,07-11-2017,143,109,3106,,,,,,
B52D0495,002,08-11-2017,144,110,3105,,,,,,
B52D0495,002,09-11-2017,143,109,3106,,,,,,
B52D0495,002,10-11-2017,143,109,3106,,,,,,
B52D0495,002,11-11-2017,142,108,3107,,,,,,
B52D0495,002,12-11-2017,142,108,3107,,,,,,
B52D0495,002,13-11-2017,143,109,3106,,,,,,
B52D0495,002,14-11-2017,141,107,3108,,,,,,
B52D0495,002,15-11-2017,142,108,3107,,,,,,
B52D0495,002,16-11-2017,142,108,3107,,,,,,
B52D0495,002,17-11-2017,142,108,3107,,,,,,
B52D0495,002,18-11-2017,141,107,3108,,,,,,
B52D0495,002,19-11-2017,142,108,3107,,,,,,
B52D0495,002,20-11-2017,140,106,3109,,,,,,
B52D0495,002,21-11-2017,138,104,3111,,,,,,
B52D0495,002,22-11-2017,134,100,3115,,,,,,
B52D0495,002,23-11-2017,133,99,3116,,,,,,
B52D0495,002,24-11-2017,133,99,3116,,,,,,
B52D0495,002,25-11-2017,131,97,3118,,,,,,
B52D0495,002,26-11-2017,130,96,3119,,,,,,
B52D0495,002,27-11-2017,127,93,3122,,,,,,
B52D0495,002,28-11-2017,125,91,3124,,,,,,
B52D0495,002,29-11-2017,122,88,3127,,,,,,
B52D0495,002,30-11-2017,121,87,3128,,,,,,
B52D0495,002,01-12-2017,122,88,3127,,,,,,
B52D0495,002,02-12-2017,122,88,3127,,,,,,
B52D0495,002,03-12-2017,122,88,3127,,,,,,
B52D0495,002,04-12-2017,123,89,3126,,,,,,
B52D0495,002,05-12-2017,122,88,3127,,,,,,
B52D0495,002,06-12-2017,122,88,3127,,,,,,
B52D0495,002,07-12-2017,120,86,3129,,,,,,
B52D0495,002,08-12-2017,122,88,3127,,,,,,
B52D0495,002,09-12-2017,119,85,3130,,,,,,
B52D0495,002,10-12-2017,110,76,3139,,,,,,
B52D0495,002,11-12-2017,108,74,3141,,,,,,
B52D0495,002,12-12-2017,109,75,3140,,,,,,
B52D0495,002,13-12-2017,105,71,3144,,,,,,
B52D0495,002,14-12-2017,101,67,3148,,,,,,
B52D0495,002,15-12-2017,98,64,3151,,,,,,
B52D0495,002,16-12-2017,99,65,3150,,,,,,
B52D0495,002,17-12-2017,99,65,3150,,,,,,
B52D0495,002,18-12-2017,101,67,3148,,,,,,
B52D0495,002,19-12-2017,99,65,3150,,,,,,
B52D0495,002,20-12-2017,99,65,3150,,,,,,
B52D0495,002,21-12-2017,99,65,3150,,,,,,
B52D0495,002,22-12-2017,99,65,3150,,,,,,
B52D0495,002,23-12-2017,97,63,3152,,,,,,
B52D0495,002,24-12-2017,97,63,3152,,,,,,
B52D0495,002,25-12-2017,95,61,3154,,,,,,
B52D0495,002,26-12-2017,95,61,3154,,,,,,
B52D0495,002,27-12-2017,94,60,3155,,,,,,
B52D0495,002,28-12-2017,95,61,3154,,,,,,
B52D0495,002,29-12-2017,93,59,3156,,,,,,
B52D0495,002,30-12-2017,96,62,3153,,,,,,
B52D0495,002,31-12-2017,94,60,3155,,,,,,
B52D0495,002,01-01-2018,90,56,3159,,,,,,
B52D0495,002,02-01-2018,90,56,3159,,,,,,
B52D0495,002,03-01-2018,87,53,3162,,,,,,
B52D0495,002,04-01-2018,82,48,3167,,,,,,
B52D0495,002,05-01-2018,83,49,3166,,,,,,
B52D0495,002,06-01-2018,84,50,3165,,,,,,
B52D0495,002,07-01-2018,84,50,3165,,,,,,
B52D0495,002,08-01-2018,84,50,3165,,,,,,
B52D0495,002,09-01-2018,84,50,3165,,,,,,
B52D0495,002,10-01-2018,85,51,3164,,,,,,
B52D0495,002,11-01-2018,87,53,3162,,,,,,
B52D0495,002,12-01-2018,87,53,3162,,,,,,
B52D0495,002,13-01-2018,87,53,3162,,,,,,
B52D0495,002,14-01-2018,88,54,3161,,,,,,
B52D0495,002,15-01-2018,86,52,3163,,,,,,
B52D0495,002,16-01-2018,91,57,3158,,,,,,
B52D0495,002,17-01-2018,90,56,3159,,,,,,
B52D0495,002,18-01-2018,93,59,3156,,,,,,
B52D0495,002,19-01-2018,87,53,3162,,,,,,
B52D0495,002,20-01-2018,85,51,3164,,,,,,
B52D0495,002,21-01-2018,84,50,3165,,,,,,
B52D0495,002,22-01-2018,84,50,3165,,,,,,
B52D0495,002,23-01-2018,82,48,3167,,,,,,
B52D0495,002,24-01-2018,82,48,3167,,,,,,
B52D0495,002,25-01-2018,83,49,3166,,,,,,
B52D0495,002,26-01-2018,85,51,3164,,,,,,
B52D0495,002,27-01-2018,85,51,3164,,,,,,
B52D0495,002,28-01-2018,86,52,3163,,,,,,
B52D0495,002,29-01-2018,86,52,3163,,,,,,
B52D0495,002,30-01-2018,86,52,3163,,,,,,
B52D0495,002,31-01-2018,86,52,3163,,,,,,
B52D0495,002,01-02-2018,87,53,3162,,,,,,
B52D0495,002,02-02-2018,88,54,3161,,,,,,
B52D0495,002,03-02-2018,87,53,3162,,,,,,
B52D0495,002,04-02-2018,88,54,3161,,,,,,
B52D0495,002,05-02-2018,87,53,3162,,,,,,
B52D0495,002,06-02-2018,88,54,3161,,,,,,
B52D0495,002,07-02-2018,89,55,3160,,,,,,
B52D0495,002,08-02-2018,89,55,3160,,,,,,
B52D0495,002,09-02-2018,89,55,3160,,,,,,
B52D0495,002,10-02-2018,91,57,3158,,,,,,
B52D0495,002,11-02-2018,92,58,3157,,,,,,
B52D0495,002,12-02-2018,92,58,3157,,,,,,
B52D0495,002,13-02-2018,91,57,3158,,,,,,
B52D0495,002,14-02-2018,91,57,3158,,,,,,
B52D0495,002,15-02-2018,93,59,3156,,,,,,
B52D0495,002,16-02-2018,94,60,3155,,,,,,
B52D0495,002,17-02-2018,94,60,3155,,,,,,
B52D0495,002,18-02-2018,93,59,3156,,,,,,
B52D0495,002,19-02-2018,94,60,3155,,,,,,
B52D0495,002,20-02-2018,94,60,3155,,,,,,
B52D0495,002,21-02-2018,95,61,3154,,,,,,
B52D0495,002,22-02-2018,96,62,3153,,,,,,
B52D0495,002,23-02-2018,96,62,3153,,,,,,
B52D0495,002,24-02-2018,97,63,3152,,,,,,
B52D0495,002,25-02-2018,98,64,3151,,,,,,
B52D0495,002,26-02-2018,100,66,3149,,,,,,
B52D0495,002,27-02-2018,101,67,3148,,,,,,
B52D0495,002,28-02-2018,101,67,3148,,,,,,
B52D0495,002,01-03-2018,101,67,3148,,,,,,
B52D0495,002,02-03-2018,102,68,3147,,,,,,
B52D0495,002,03-03-2018,103,69,3146,,,,,,
B52D0495,002,04-03-2018,103,69,3146,,,,,,
B52D0495,002,05-03-2018,105,71,3144,,,,,,
B52D0495,002,06-03-2018,105,71,3144,,,,,,
B52D0495,002,07-03-2018,105,71,3144,,,,,,
B52D0495,002,08-03-2018,104,70,3145,,,,,,
B52D0495,002,09-03-2018,103,69,3146,,,,,,
B52D0495,002,10-03-2018,100,66,3149,,,,,,
B52D0495,002,11-03-2018,96,62,3153,,,,,,
B52D0495,002,12-03-2018,95,61,3154,,,,,,
B52D0495,002,13-03-2018,99,65,3150,,,,,,
B52D0495,002,14-03-2018,94,60,3155,,,,,,
B52D0495,002,15-03-2018,92,58,3157,,,,,,
B52D0495,002,16-03-2018,93,59,3156,,,,,,
B52D0495,002,17-03-2018,92,58,3157,,,,,,
B52D0495,002,18-03-2018,92,58,3157,,,,,,
B52D0495,002,19-03-2018,92,58,3157,,,,,,
B52D0495,002,20-03-2018,94,60,3155,,,,,,
B52D0495,002,21-03-2018,94,60,3155,,,,,,
B52D0495,002,22-03-2018,95,61,3154,,,,,,
B52D0495,002,23-03-2018,93,59,3156,,,,,,
B52D0495,002,24-03-2018,95,61,3154,,,,,,
B52D0495,002,25-03-2018,96,62,3153,,,,,,
B52D0495,002,26-03-2018,96,62,3153,,,,,,
B52D0495,002,27-03-2018,96,62,3153,,,,,,
B52D0495,002,28-03-2018,96,62,3153,,,,,,
B52D0495,002,29-03-2018,96,62,3153,,,,,,
B52D0495,002,30-03-2018,94,60,3155,,,,,,
B52D0495,002,03-04-2018,92,58,3157,,,,,,
B52D0495,002,04-04-2018,91,57,3158,,,,,,
B52D0495,002,05-04-2018,95,61,3154,,,,,,
