,user,message
2018-03-22 12:18:07,user1,1
2018-03-22 12:18:19,user1,1
2018-03-22 14:39:57,user2,1
2018-03-22 14:40:03,user2,1
2018-03-22 14:45:13,user1,1
2018-03-22 17:29:51,user2,1
2018-03-22 17:29:59,user2,1
2018-03-22 18:22:55,user2,1
2018-03-22 19:11:21,user1,1
2018-03-22 20:21:13,user2,1
2018-03-22 21:36:33,user1,1
2018-03-22 21:37:09,user1,1
2018-03-23 10:12:12,user1,1
2018-03-23 10:12:27,user2,1
2018-03-23 10:12:57,user2,1
2018-03-23 10:13:28,user2,1
2018-03-23 10:16:40,user1,1
2018-03-23 10:17:09,user2,1
2018-03-23 10:17:16,user1,1
2018-03-23 10:17:33,user2,1
2018-03-23 10:27:20,user2,1
2018-03-23 10:27:27,user2,1
2018-03-23 10:27:36,user2,1
2018-03-23 10:28:33,user2,1
2018-03-23 10:45:08,user1,1
2018-03-23 12:26:53,user2,1
2018-03-24 00:39:44,user2,1
2018-03-24 00:48:21,user1,1
2018-03-24 01:02:04,user2,1
2018-03-24 01:16:58,user1,1
2018-03-24 18:59:18,user2,1
2018-03-24 19:21:23,user1,1
2018-03-25 16:08:50,user2,1
2018-03-25 16:09:06,user2,1
2018-03-25 16:12:05,user1,1
2018-03-25 16:13:20,user2,1
2018-03-25 16:13:28,user2,1
2018-03-25 16:58:40,user2,1
2018-03-25 20:39:04,user2,1
2018-03-26 12:29:19,user1,1
2018-03-26 13:44:00,user2,1
2018-03-26 13:44:11,user2,1
2018-03-26 13:43:46,user1,1
2018-03-26 13:45:41,user2,1
2018-03-26 13:45:37,user1,1
2018-03-26 13:45:38,user1,1
2018-03-26 13:45:45,user1,1
2018-03-26 13:46:17,user2,1
2018-03-26 13:47:37,user2,1
2018-03-26 20:17:43,user2,1
2018-03-26 21:50:12,user1,1
2018-03-26 21:50:44,user1,1
2018-03-26 22:39:12,user2,1
2018-03-26 22:39:21,user2,1
2018-03-26 22:56:18,user1,1
2018-03-26 22:56:25,user1,1
2018-03-26 22:56:53,user1,1
2018-03-26 22:57:04,user2,1
2018-03-26 22:57:11,user2,1
2018-03-26 22:57:36,user1,1
2018-03-26 22:57:56,user2,1
2018-03-26 22:58:08,user1,1
2018-03-26 22:58:26,user2,1
2018-03-26 23:00:29,user1,1
2018-03-26 23:00:41,user2,1
2018-03-26 23:22:03,user1,1
2018-03-26 23:22:08,user1,1
2018-03-26 23:22:15,user2,1
2018-03-27 10:05:50,user1,1
2018-03-27 10:57:46,user2,1
2018-03-27 10:59:01,user2,1
2018-03-27 21:23:21,user2,1
2018-03-27 21:26:18,user2,1
2018-03-28 11:02:23,user2,1
2018-03-28 11:02:25,user2,1
2018-03-28 11:14:11,user1,1
2018-03-29 18:47:52,user1,1
2018-03-29 18:58:21,user1,1
2018-03-29 21:05:56,user2,1
2018-03-29 21:06:13,user2,1
2018-03-29 21:06:19,user2,1
2018-03-29 21:08:39,user1,1
2018-03-29 21:09:04,user2,1
2018-03-29 22:31:34,user2,1
2018-03-29 22:33:52,user1,1
2018-03-29 22:33:53,user1,1
2018-03-29 23:46:40,user1,1
2018-03-29 23:46:57,user2,1
2018-03-29 23:47:08,user2,1
2018-03-29 23:47:23,user2,1
2018-03-29 23:48:01,user2,1
2018-03-29 23:48:37,user1,1
2018-03-30 09:07:58,user2,1
2018-03-30 10:28:05,user1,1
2018-03-30 10:28:06,user1,1
2018-03-30 11:33:46,user2,1
2018-03-30 11:34:00,user2,1
2018-03-30 11:56:57,user2,1
2018-03-30 11:57:01,user2,1
2018-03-30 11:57:14,user2,1
2018-03-30 11:57:17,user2,1
2018-03-30 11:58:12,user1,1
2018-03-30 11:58:52,user2,1
2018-03-30 11:59:30,user2,1
2018-03-30 12:00:50,user1,1
2018-03-30 12:06:02,user2,1
2018-03-30 12:06:18,user2,1
2018-03-30 12:17:19,user2,1
2018-03-31 14:06:40,user1,1
2018-03-31 14:15:10,user2,1
2018-03-31 14:42:01,user1,1
2018-04-02 13:03:08,user1,1
2018-04-02 13:11:47,user2,1
2018-04-02 13:19:41,user2,1
2018-04-02 13:20:00,user2,1
2018-04-02 13:22:18,user1,1
2018-04-02 13:22:52,user2,1
2018-04-02 13:22:59,user2,1
2018-04-02 13:23:16,user2,1
2018-04-02 23:45:33,user1,1
2018-04-03 23:45:27,user1,1
2018-04-04 00:16:35,user2,1
2018-04-04 00:16:41,user2,1
2018-04-04 00:16:53,user2,1
2018-04-04 00:25:51,user1,1
2018-04-04 13:56:25,user2,1
2018-04-04 14:03:10,user1,1
2018-04-04 14:06:15,user2,1
2018-04-04 14:39:33,user1,1
2018-04-04 14:40:29,user2,1
2018-04-04 14:42:09,user1,1
2018-04-04 14:42:23,user2,1
2018-04-04 14:43:17,user1,1
2018-04-04 14:43:53,user2,1
2018-04-04 14:44:20,user1,1
2018-04-04 14:44:58,user2,1
2018-04-04 14:45:26,user2,1
2018-04-04 14:45:42,user2,1
2018-04-04 14:46:06,user1,1
2018-04-04 14:46:26,user2,1
2018-04-04 14:47:21,user1,1
2018-04-04 14:47:57,user1,1
2018-04-04 14:48:14,user1,1
2018-04-04 14:48:31,user2,1
2018-04-04 14:48:38,user2,1
2018-04-04 14:48:41,user2,1
2018-04-04 14:48:57,user2,1
2018-04-04 14:49:15,user2,1
2018-04-04 14:49:27,user2,1
2018-04-04 14:50:18,user1,1
2018-04-04 14:50:29,user1,1
2018-04-04 14:50:44,user2,1
2018-04-04 14:52:49,user1,1
2018-04-04 14:52:54,user1,1
2018-04-04 14:55:50,user2,1
2018-04-04 14:55:53,user1,1
2018-04-04 14:55:57,user2,1
2018-04-04 14:56:21,user2,1
2018-04-04 15:17:45,user1,1
2018-04-04 15:17:47,user1,1
2018-04-04 15:46:00,user2,1
2018-04-04 15:46:15,user2,1
2018-04-04 15:46:21,user2,1
2018-04-04 15:46:24,user2,1
2018-04-04 15:46:56,user1,1
2018-04-04 15:47:23,user2,1
2018-04-04 15:49:29,user1,1
2018-04-04 15:50:10,user2,1
2018-04-04 15:50:12,user2,1
2018-04-04 15:50:17,user2,1
2018-04-04 15:50:23,user1,1
2018-04-04 15:50:26,user1,1
2018-04-04 15:52:00,user2,1
2018-04-04 16:00:46,user1,1
2018-04-04 16:00:47,user1,1
2018-04-04 16:00:47,user1,1
2018-04-04 16:21:36,user2,1
2018-04-04 21:51:21,user2,1
2018-04-04 21:51:30,user2,1
2018-04-04 21:53:26,user1,1
2018-04-04 21:53:28,user1,1
2018-04-04 23:19:27,user2,1
2018-04-04 23:23:05,user1,1
2018-04-04 23:23:06,user1,1
2018-04-04 23:25:19,user2,1
2018-04-04 23:25:37,user2,1
2018-04-04 23:25:55,user2,1
2018-04-04 23:26:00,user2,1
2018-04-04 23:26:27,user1,1
2018-04-04 23:57:21,user2,1
2018-04-04 23:57:21,user2,1
2018-04-05 00:05:42,user1,1
2018-04-05 12:30:06,user2,1
2018-04-05 12:56:57,user1,1
2018-04-05 12:57:03,user1,1
2018-04-05 13:04:37,user2,1
2018-04-05 13:04:55,user1,1
2018-04-05 13:05:08,user2,1
2018-04-06 00:53:29,user2,1
2018-04-06 01:08:27,user2,1
2018-04-06 10:40:34,user1,1
2018-04-06 10:40:43,user1,1
2018-04-06 10:57:29,user2,1
2018-04-06 11:03:16,user2,1
2018-04-06 12:06:08,user1,1
2018-04-06 12:10:16,user1,1
2018-04-06 13:11:58,user2,1
2018-04-06 13:12:12,user2,1
2018-04-06 13:12:29,user1,1
2018-04-06 13:12:35,user1,1
2018-04-06 13:12:40,user1,1
2018-04-06 13:32:47,user2,1
2018-04-06 13:33:06,user2,1
2018-04-06 13:33:19,user1,1
2018-04-06 13:33:25,user1,1
2018-04-06 13:33:31,user2,1
2018-04-06 13:33:37,user2,1
2018-04-06 13:33:50,user2,1
2018-04-06 13:34:04,user1,1
2018-04-06 13:34:09,user1,1
2018-04-06 13:34:13,user2,1
2018-04-06 13:34:22,user1,1
2018-04-06 13:35:06,user2,1
2018-04-06 15:08:04,user1,1
2018-04-06 15:08:07,user1,1
2018-04-06 15:52:01,user1,1
2018-04-06 15:52:04,user1,1
2018-04-06 20:05:15,user1,1
2018-04-06 20:28:51,user1,1
2018-04-06 21:11:08,user2,1
2018-04-06 21:11:28,user2,1
2018-04-06 22:53:59,user2,1
2018-04-06 22:54:47,user1,1
2018-04-06 22:55:14,user2,1
2018-04-06 22:55:34,user2,1
2018-04-06 22:55:59,user2,1
2018-04-06 22:56:11,user2,1
2018-04-06 23:05:28,user1,1
2018-04-06 23:05:39,user1,1
2018-04-06 23:06:00,user2,1
2018-04-07 20:05:11,user1,1
2018-04-07 20:05:32,user1,1
2018-04-07 20:05:34,user2,1
2018-04-07 20:05:45,user2,1
2018-04-07 20:05:51,user2,1
2018-04-07 20:06:49,user1,1
2018-04-07 20:07:30,user2,1
2018-04-07 20:07:35,user1,1
2018-04-07 20:08:05,user1,1
2018-04-07 20:08:20,user2,1
2018-04-07 20:08:32,user1,1
2018-04-07 20:08:39,user2,1
2018-04-07 20:10:17,user2,1
2018-04-07 20:27:05,user2,1
2018-04-07 20:27:18,user2,1
2018-04-07 20:27:26,user1,1
2018-04-07 20:27:30,user2,1
2018-04-07 20:27:51,user2,1
2018-04-07 20:35:16,user1,1
2018-04-07 20:43:07,user2,1
2018-04-07 20:46:43,user1,1
2018-04-07 20:57:13,user2,1
2018-04-07 21:27:24,user1,1
2018-04-07 21:27:28,user1,1
2018-04-07 21:27:49,user1,1
2018-04-07 21:27:56,user1,1
2018-04-07 21:28:05,user1,1
2018-04-07 23:37:38,user1,1
2018-04-07 23:39:42,user2,1
2018-04-07 23:40:21,user2,1
2018-04-07 23:41:39,user1,1
2018-04-07 23:41:52,user2,1
2018-04-07 23:42:17,user2,1
2018-04-07 23:47:58,user1,1
2018-04-07 23:48:03,user1,1
2018-04-07 23:48:04,user2,1
2018-04-07 23:48:07,user2,1
2018-04-07 23:48:25,user2,1
2018-04-07 23:48:38,user1,1
2018-04-07 23:48:45,user2,1
2018-04-07 23:49:04,user2,1
2018-04-08 00:04:33,user1,1
2018-04-08 15:51:13,user2,1
2018-04-08 16:23:21,user2,1
2018-04-08 16:40:59,user1,1
2018-04-08 16:50:55,user2,1
2018-04-08 18:17:30,user1,1
2018-04-08 18:22:16,user2,1
2018-04-08 19:03:26,user1,1
2018-04-09 15:50:06,user2,1
2018-04-09 22:44:57,user2,1
2018-04-09 22:46:00,user1,1
2018-04-09 22:46:16,user2,1
2018-04-09 22:46:24,user2,1
2018-04-09 22:46:29,user2,1
2018-04-09 22:46:40,user2,1
2018-04-09 22:46:48,user2,1
2018-04-09 22:46:59,user2,1
2018-04-09 22:59:48,user1,1
2018-04-09 23:00:01,user2,1
2018-04-09 23:00:05,user2,1
2018-04-09 23:00:09,user2,1
2018-04-09 23:00:27,user2,1
2018-04-09 23:05:35,user2,1
2018-04-09 23:06:38,user2,1
2018-04-09 23:07:13,user1,1
2018-04-09 23:07:23,user1,1
2018-04-09 23:15:51,user2,1
2018-04-09 23:19:31,user1,1
2018-04-09 23:19:42,user2,1
2018-04-09 23:20:02,user2,1
2018-04-09 23:22:00,user1,1
2018-04-09 23:36:22,user2,1
2018-04-09 23:36:58,user2,1
2018-04-09 23:38:23,user2,1
2018-04-09 23:38:56,user2,1
2018-04-09 23:39:07,user2,1
2018-04-10 08:50:25,user2,1
2018-04-10 09:03:01,user1,1
2018-04-10 09:28:00,user2,1
2018-04-10 09:28:40,user2,1
2018-04-10 10:25:25,user1,1
2018-04-10 10:25:25,user1,1
2018-04-10 11:11:06,user1,1
2018-04-10 13:31:37,user2,1
2018-04-10 13:36:07,user2,1
2018-04-10 13:39:14,user1,1
2018-04-10 13:39:34,user1,1
2018-04-10 13:55:35,user2,1
2018-04-10 13:55:53,user2,1
2018-04-10 13:56:05,user2,1
2018-04-10 14:01:32,user1,1
2018-04-10 20:24:34,user2,1
2018-04-10 20:24:50,user2,1
2018-04-10 20:34:07,user1,1
2018-04-10 20:34:08,user1,1
2018-04-10 21:41:09,user1,1
2018-04-11 12:27:39,user1,1
2018-04-11 13:17:05,user2,1
2018-04-11 13:18:24,user2,1
2018-04-11 15:15:53,user2,1
2018-04-11 20:52:39,user1,1
2018-04-11 22:11:14,user1,1
2018-04-11 22:11:16,user1,1
2018-04-11 22:11:32,user1,1
2018-04-11 22:12:04,user2,1
2018-04-11 22:12:39,user2,1
2018-04-12 10:34:11,user2,1
2018-04-12 10:41:33,user1,1
2018-04-12 11:03:56,user2,1
2018-04-12 14:13:51,user2,1
2018-04-12 14:28:29,user1,1
2018-04-12 14:28:58,user1,1
2018-04-12 14:30:32,user2,1
2018-04-12 14:30:44,user2,1
2018-04-12 14:32:06,user1,1
2018-04-12 14:33:07,user2,1
2018-04-12 14:33:16,user1,1
2018-04-12 14:53:48,user1,1
2018-04-12 15:24:16,user1,1
2018-04-12 16:58:51,user2,1
2018-04-12 16:58:53,user2,1
2018-04-12 16:59:31,user2,1
2018-04-12 17:46:55,user1,1
2018-04-12 17:48:28,user2,1
2018-04-12 19:23:02,user1,1
2018-04-12 19:54:41,user2,1
2018-04-12 23:05:31,user2,1
2018-04-12 23:06:11,user1,1
2018-04-13 09:25:54,user2,1
2018-04-13 11:24:06,user1,1
2018-04-13 12:01:21,user2,1
2018-04-13 12:01:38,user2,1
2018-04-13 17:44:27,user2,1
2018-04-13 17:44:30,user2,1
2018-04-13 19:23:42,user2,1
2018-04-13 19:24:28,user2,1
2018-04-14 00:22:56,user2,1
2018-04-14 15:39:02,user2,1
2018-04-14 15:39:16,user2,1
2018-04-14 20:07:26,user1,1
2018-04-14 20:07:37,user1,1
2018-04-14 21:00:53,user1,1
2018-04-14 21:01:35,user2,1
2018-04-15 10:44:42,user1,1
2018-04-15 12:27:34,user2,1
2018-04-16 22:44:05,user2,1
2018-04-16 23:30:07,user1,1
2018-04-16 23:30:09,user1,1
2018-04-16 23:30:18,user1,1
2018-04-17 12:51:04,user2,1
2018-04-17 12:51:20,user2,1
2018-04-17 12:51:41,user2,1
2018-04-17 13:57:22,user1,1
2018-04-17 13:57:24,user1,1
2018-04-17 20:29:58,user1,1
2018-04-17 20:37:55,user2,1
2018-04-17 20:47:13,user1,1
2018-04-17 20:47:29,user1,1
2018-04-17 20:47:38,user1,1
2018-04-17 23:09:37,user2,1
2018-04-17 23:09:41,user2,1
2018-04-17 23:10:01,user2,1
2018-04-17 23:10:21,user2,1
2018-04-17 23:12:13,user1,1
2018-04-17 23:12:26,user1,1
2018-04-17 23:12:30,user1,1
2018-04-17 23:15:40,user1,1
2018-04-17 23:16:15,user1,1
2018-04-17 23:16:23,user2,1
2018-04-17 23:16:23,user1,1
2018-04-17 23:16:37,user2,1
2018-04-17 23:19:07,user1,1
2018-04-17 23:19:40,user1,1
2018-04-17 23:19:54,user1,1
2018-04-17 23:19:58,user2,1
2018-04-17 23:20:12,user2,1
2018-04-18 07:43:25,user2,1
2018-04-18 10:00:09,user1,1
2018-04-18 10:16:06,user2,1
2018-04-18 23:07:10,user2,1
2018-04-18 23:08:25,user2,1
2018-04-18 23:17:50,user1,1
2018-04-18 23:19:16,user1,1
2018-04-19 07:58:09,user2,1
2018-04-19 09:42:45,user1,1
2018-04-19 11:17:55,user2,1
2018-04-19 17:12:07,user2,1
2018-04-19 17:14:36,user1,1
2018-04-19 17:15:56,user2,1
2018-04-19 19:30:30,user1,1
2018-04-19 19:31:05,user1,1
2018-04-19 20:24:25,user2,1
2018-04-19 20:24:33,user2,1
2018-04-19 20:44:38,user2,1
2018-04-19 20:44:44,user2,1
2018-04-20 15:39:02,user2,1
2018-04-20 16:22:36,user1,1
2018-04-20 17:32:41,user2,1
2018-04-20 17:34:39,user1,1
2018-04-20 19:54:44,user1,1
2018-04-20 19:54:48,user1,1
2018-04-20 19:54:58,user2,1
2018-04-20 19:55:07,user2,1
2018-04-20 19:55:11,user2,1
2018-04-20 19:55:21,user2,1
2018-04-20 19:55:27,user2,1
2018-04-20 19:55:35,user2,1
2018-04-20 20:19:18,user2,1
2018-04-20 20:37:33,user1,1
2018-04-20 20:52:16,user2,1
2018-04-20 20:55:50,user2,1
2018-04-20 20:55:54,user2,1
2018-04-21 11:15:29,user2,1
2018-04-21 11:15:48,user2,1
2018-04-21 12:16:47,user1,1
2018-04-21 12:18:26,user1,1
2018-04-21 12:18:30,user2,1
2018-04-21 12:19:31,user1,1
2018-04-21 12:20:08,user1,1
2018-04-21 12:20:15,user1,1
2018-04-21 12:23:02,user2,1
2018-04-21 12:29:22,user2,1
2018-04-21 12:30:50,user1,1
2018-04-21 22:53:34,user1,1
2018-04-22 00:33:01,user2,1
2018-04-22 00:35:08,user1,1
2018-04-22 22:03:39,user1,1
2018-04-22 22:13:05,user2,1
2018-04-22 22:13:20,user2,1
2018-04-22 22:13:54,user1,1
2018-04-22 23:09:02,user2,1
2018-04-22 23:09:12,user2,1
2018-04-22 23:24:09,user1,1
2018-04-23 12:02:06,user2,1
2018-04-23 12:02:28,user2,1
2018-04-23 16:23:06,user1,1
2018-04-23 19:00:35,user2,1
2018-04-23 19:00:47,user2,1
2018-04-23 19:01:03,user2,1
2018-04-23 19:06:24,user1,1
2018-04-23 19:06:31,user1,1
2018-04-24 17:56:32,user1,1
2018-04-24 17:56:34,user1,1
2018-04-24 18:21:41,user2,1
2018-04-24 18:35:07,user1,1
2018-04-25 19:26:22,user1,1
2018-04-25 19:50:38,user2,1
2018-04-25 19:51:19,user1,1
2018-04-25 19:51:34,user2,1
2018-04-25 19:55:36,user1,1
2018-04-25 19:55:50,user1,1
2018-04-25 22:07:45,user2,1
2018-04-26 16:09:29,user2,1
2018-04-26 16:09:38,user2,1
2018-04-26 16:42:41,user1,1
2018-04-26 16:50:32,user2,1
2018-04-26 16:50:41,user2,1
2018-04-26 19:14:27,user1,1
2018-04-27 13:23:13,user1,1
2018-04-27 13:23:23,user1,1
2018-04-27 14:20:46,user2,1
2018-04-27 14:24:18,user1,1
2018-04-27 17:15:46,user2,1
2018-04-27 17:15:53,user2,1
2018-04-27 17:17:58,user1,1
2018-04-27 18:12:57,user1,1
2018-04-27 18:13:03,user1,1
2018-04-27 18:13:24,user1,1
2018-04-27 18:16:04,user2,1
2018-04-27 18:16:11,user2,1
2018-04-27 18:16:20,user2,1
2018-04-27 18:16:29,user2,1
2018-04-27 18:16:51,user1,1
2018-04-27 19:10:56,user2,1
2018-04-27 19:11:04,user2,1
2018-04-27 19:17:47,user1,1
2018-04-27 19:18:04,user1,1
2018-04-27 19:23:47,user2,1
2018-04-27 19:23:55,user2,1
2018-04-27 19:24:03,user2,1
2018-04-27 19:24:13,user2,1
2018-04-27 19:43:14,user1,1
2018-04-27 19:51:24,user2,1
2018-04-27 20:20:24,user1,1
2018-04-27 20:36:20,user2,1
2018-04-27 20:36:27,user2,1
2018-04-27 20:57:37,user2,1
2018-05-06 14:13:51,user2,1
2018-05-06 14:13:59,user2,1
2018-05-06 22:14:02,user1,1
2018-05-06 22:14:08,user1,1
2018-05-06 22:14:13,user1,1
2018-05-06 22:14:14,user2,1
2018-05-06 22:14:20,user2,1
2018-05-06 22:14:42,user1,1
2018-05-06 22:14:46,user1,1
2018-05-06 22:14:51,user2,1
2018-05-08 11:52:28,user2,1
2018-05-08 13:32:37,user1,1
2018-05-08 13:32:42,user1,1
2018-05-08 15:02:42,user2,1
2018-05-08 15:02:47,user2,1
2018-05-08 17:51:27,user1,1
2018-05-08 17:57:08,user1,1
2018-05-08 18:10:19,user2,1
2018-05-08 19:36:38,user1,1
2018-05-08 19:36:52,user2,1
2018-05-08 21:33:46,user2,1
2018-05-08 21:35:16,user1,1
2018-05-08 21:41:17,user2,1
2018-05-08 21:43:44,user1,1
2018-05-08 21:47:36,user2,1
2018-05-08 21:47:40,user2,1
2018-05-08 21:47:45,user2,1
2018-05-08 21:49:47,user1,1
2018-05-08 21:50:20,user1,1
2018-05-08 21:53:02,user2,1
2018-05-08 21:53:19,user2,1
2018-05-08 21:54:00,user1,1
2018-05-08 21:54:06,user2,1
2018-05-08 21:54:18,user2,1
2018-05-08 21:54:27,user2,1
2018-05-08 21:54:50,user1,1
2018-05-08 21:55:00,user1,1
2018-05-08 21:55:08,user1,1
2018-05-08 21:58:14,user2,1
2018-05-08 21:58:26,user2,1
2018-05-08 21:58:45,user2,1
2018-05-08 22:07:47,user2,1
2018-05-08 22:07:28,user1,1
2018-05-08 22:09:51,user1,1
2018-05-08 22:10:48,user2,1
2018-05-08 22:13:00,user1,1
2018-05-08 22:13:35,user1,1
2018-05-08 22:21:57,user2,1
2018-05-08 22:22:30,user2,1
2018-05-08 22:22:37,user2,1
2018-05-08 22:24:42,user2,1
2018-05-08 22:26:35,user2,1
2018-05-08 22:26:14,user1,1
2018-05-08 22:26:45,user2,1
2018-05-08 22:26:47,user2,1
2018-05-08 22:26:58,user2,1
2018-05-08 22:27:01,user2,1
2018-05-08 22:27:05,user2,1
2018-05-08 22:27:48,user1,1
2018-05-08 22:29:13,user2,1
2018-05-08 22:29:24,user2,1
2018-05-08 22:29:43,user2,1
2018-05-08 22:29:44,user2,1
2018-05-08 22:30:02,user2,1
2018-05-08 22:30:28,user2,1
2018-05-08 22:30:34,user1,1
2018-05-08 22:30:48,user1,1
2018-05-09 09:20:29,user2,1
2018-05-09 12:37:47,user2,1
2018-05-09 12:38:14,user2,1
2018-05-09 12:43:06,user2,1
2018-05-09 14:10:01,user2,1
2018-05-09 14:10:05,user2,1
2018-05-09 14:10:11,user2,1
2018-05-09 14:10:16,user2,1
2018-05-09 14:11:21,user2,1
2018-05-09 14:14:03,user1,1
2018-05-09 14:14:09,user1,1
2018-05-09 14:14:14,user1,1
2018-05-09 14:14:22,user1,1
2018-05-09 14:14:27,user1,1
2018-05-09 14:15:18,user1,1
2018-05-09 14:20:02,user2,1
2018-05-09 14:20:12,user2,1
2018-05-09 14:20:57,user1,1
2018-05-09 14:21:39,user2,1
2018-05-09 14:21:42,user2,1
2018-05-09 14:21:59,user2,1
2018-05-09 14:23:25,user2,1
2018-05-09 14:23:31,user2,1
2018-05-09 14:25:41,user1,1
2018-05-09 14:27:43,user1,1
2018-05-09 14:40:32,user2,1
2018-05-09 17:25:28,user1,1
2018-05-09 17:25:35,user1,1
2018-05-09 17:25:46,user1,1
2018-05-09 17:25:59,user1,1
2018-05-09 17:39:35,user2,1
2018-05-09 17:39:37,user2,1
2018-05-09 17:39:43,user2,1
2018-05-09 17:44:53,user1,1
2018-05-09 17:54:48,user2,1
2018-05-09 17:55:19,user2,1
2018-05-09 18:11:09,user1,1
2018-05-09 18:11:12,user1,1
2018-05-09 18:11:18,user2,1
2018-05-09 18:11:23,user2,1
2018-05-09 18:11:29,user2,1
2018-05-09 18:11:34,user2,1
2018-05-09 18:11:58,user1,1
2018-05-09 18:12:06,user1,1
2018-05-09 18:12:22,user1,1
2018-05-09 18:13:22,user2,1
2018-05-09 18:15:08,user2,1
2018-05-09 18:17:46,user1,1
2018-05-09 18:18:23,user2,1
2018-05-09 18:18:40,user1,1
2018-05-09 18:18:48,user2,1
2018-05-09 18:19:04,user2,1
2018-05-09 18:19:52,user1,1
2018-05-09 18:20:01,user2,1
2018-05-09 18:20:12,user2,1
2018-05-09 18:21:10,user1,1
2018-05-09 18:21:19,user1,1
2018-05-09 18:21:28,user2,1
2018-05-09 18:21:34,user2,1
2018-05-09 18:21:43,user1,1
2018-05-09 18:21:46,user1,1
2018-05-09 18:22:00,user1,1
2018-05-09 18:46:40,user2,1
2018-05-09 18:46:45,user2,1
2018-05-10 14:38:16,user2,1
2018-05-10 14:54:51,user1,1
2018-05-10 17:00:19,user2,1
2018-05-10 17:00:25,user2,1
2018-05-10 17:41:25,user1,1
2018-05-10 17:41:27,user1,1
2018-05-10 19:36:41,user2,1
2018-05-10 20:37:02,user1,1
2018-05-10 20:37:05,user1,1
2018-05-10 22:36:50,user2,1
2018-05-10 22:37:07,user2,1
2018-05-10 22:38:04,user2,1
2018-05-10 22:49:53,user1,1
2018-05-10 22:49:54,user1,1
2018-05-10 23:31:50,user2,1
2018-05-10 23:32:10,user2,1
2018-05-10 23:53:45,user1,1
2018-05-11 00:18:47,user2,1
2018-05-11 09:59:20,user2,1
2018-05-11 09:59:28,user2,1
2018-05-11 10:56:58,user1,1
2018-05-11 10:57:13,user1,1
2018-05-11 11:09:56,user2,1
2018-05-11 11:10:05,user2,1
2018-05-11 11:13:55,user2,1
2018-05-11 11:46:03,user2,1
2018-05-11 11:48:20,user1,1
2018-05-11 11:48:22,user1,1
2018-05-11 11:50:56,user1,1
2018-05-11 11:53:21,user1,1
2018-05-11 12:02:40,user2,1
2018-05-11 18:05:30,user2,1
2018-05-11 18:13:59,user1,1
2018-05-14 20:50:53,user2,1
2018-05-14 20:51:04,user2,1
2018-05-14 22:42:02,user1,1
2018-05-14 22:42:19,user1,1
2018-05-14 23:10:12,user1,1
2018-05-14 23:10:19,user1,1
2018-05-15 07:54:26,user2,1
2018-05-15 16:21:34,user2,1
2018-05-15 17:04:03,user1,1
2018-05-15 17:04:08,user1,1
2018-05-15 17:04:26,user1,1
2018-05-15 17:16:00,user2,1
2018-05-15 17:20:50,user2,1
2018-05-15 17:20:55,user2,1
2018-05-15 18:18:57,user2,1
2018-05-15 18:19:04,user2,1
2018-05-15 18:19:29,user2,1
2018-05-15 18:19:38,user2,1
2018-05-15 18:19:48,user2,1
2018-05-15 18:19:51,user2,1
2018-05-15 18:21:42,user2,1
2018-05-15 18:58:28,user1,1
2018-05-15 18:58:32,user1,1
2018-05-15 18:58:51,user1,1
2018-05-15 23:36:46,user2,1
2018-05-15 23:52:22,user1,1
2018-05-15 23:52:23,user1,1
2018-05-15 23:52:36,user1,1
2018-05-15 23:52:36,user1,1
2018-05-16 18:19:27,user1,1
2018-05-16 18:24:48,user1,1
2018-05-17 10:59:44,user2,1
2018-05-17 11:00:17,user2,1
2018-05-17 11:33:48,user2,1
2018-05-17 11:47:13,user1,1
2018-05-17 11:47:25,user1,1
2018-05-17 13:53:25,user2,1
2018-05-17 13:53:33,user2,1
2018-05-17 16:37:55,user1,1
2018-05-17 18:27:32,user1,1
2018-05-17 18:33:25,user2,1
2018-05-17 18:33:39,user2,1
2018-05-17 18:34:10,user2,1
2018-05-17 18:34:23,user2,1
2018-05-17 18:34:35,user1,1
2018-05-17 18:34:44,user1,1
2018-05-17 18:34:52,user1,1
2018-05-17 21:20:58,user2,1
2018-05-17 21:25:28,user2,1
2018-05-17 21:50:40,user2,1
2018-05-18 15:59:25,user2,1
2018-05-18 16:21:25,user1,1
2018-05-18 23:05:45,user1,1
2018-05-19 00:10:14,user2,1
2018-05-19 02:27:45,user2,1
2018-05-19 09:15:31,user2,1
2018-05-19 10:10:31,user1,1
2018-05-19 11:32:01,user1,1
2018-05-19 11:33:19,user2,1
2018-05-19 11:33:41,user2,1
2018-05-19 11:34:19,user1,1
2018-05-19 11:34:23,user1,1
2018-05-19 11:34:27,user1,1
2018-05-19 11:34:36,user1,1
2018-05-19 11:38:29,user2,1
2018-05-19 12:10:19,user2,1
2018-05-19 12:30:53,user2,1
2018-05-19 12:31:22,user2,1
2018-05-20 17:08:59,user2,1
2018-05-20 17:15:10,user1,1
2018-05-21 15:17:38,user1,1
2018-05-21 20:50:40,user2,1
2018-05-21 22:48:10,user2,1
2018-05-21 22:48:21,user2,1
2018-05-21 22:57:39,user1,1
2018-05-21 22:57:43,user1,1
2018-05-21 22:57:48,user1,1
2018-05-22 10:29:29,user2,1
2018-05-22 11:41:19,user1,1
2018-05-22 11:45:13,user2,1
2018-05-22 22:20:44,user2,1
2018-05-22 22:20:55,user2,1
2018-05-22 22:23:29,user1,1
2018-05-22 22:43:52,user2,1
2018-05-23 10:45:04,user2,1
2018-05-23 10:45:34,user2,1
2018-05-23 17:12:05,user2,1
2018-05-23 17:12:12,user2,1
2018-05-23 23:21:40,user2,1
2018-05-23 23:21:45,user2,1
2018-05-23 23:56:21,user1,1
2018-05-24 12:11:01,user2,1
2018-05-24 12:17:41,user1,1
2018-05-24 13:44:46,user2,1
2018-05-24 17:15:21,user1,1
2018-05-24 17:15:56,user2,1
2018-05-24 17:50:40,user2,1
2018-05-24 17:50:46,user2,1
2018-05-24 17:52:14,user2,1
2018-05-24 17:52:18,user2,1
2018-05-24 17:53:35,user1,1
2018-05-24 17:53:51,user1,1
2018-05-24 17:53:52,user1,1
2018-05-24 17:54:00,user1,1
2018-05-24 17:54:40,user2,1
2018-05-24 17:54:59,user1,1
2018-05-24 17:55:24,user2,1
2018-05-25 18:57:39,user1,1
2018-05-25 19:17:31,user2,1
2018-05-25 19:21:17,user1,1
2018-05-25 19:22:23,user2,1
2018-05-26 00:33:53,user2,1
2018-05-26 00:35:35,user1,1
2018-05-26 00:35:46,user1,1
2018-05-26 00:39:38,user2,1
2018-05-26 01:01:59,user1,1
2018-05-26 01:06:14,user2,1
2018-05-26 01:07:27,user1,1
2018-05-26 01:07:50,user1,1
2018-05-26 01:08:05,user1,1
2018-05-26 01:23:47,user2,1
2018-05-26 01:24:20,user2,1
2018-05-26 01:26:27,user2,1
2018-05-26 01:32:17,user1,1
2018-05-26 01:35:18,user2,1
2018-05-26 08:42:06,user1,1
2018-05-26 11:48:59,user2,1
2018-05-26 12:10:02,user1,1
2018-05-26 12:10:11,user1,1
2018-05-26 12:14:27,user1,1
2018-05-26 12:15:11,user2,1
2018-05-26 12:15:20,user2,1
2018-05-26 12:15:26,user2,1
2018-05-26 12:47:00,user2,1
2018-05-26 12:52:29,user1,1
2018-05-26 12:52:48,user1,1
2018-05-26 12:52:56,user2,1
2018-05-26 12:53:11,user2,1
2018-05-26 13:19:12,user2,1
2018-05-26 13:19:50,user2,1
2018-05-26 13:20:45,user1,1
2018-05-26 13:21:47,user2,1
2018-05-26 13:21:51,user2,1
2018-05-26 13:22:39,user1,1
2018-05-26 13:39:49,user1,1
2018-05-26 13:39:54,user1,1
2018-05-26 13:39:58,user2,1
2018-05-26 13:40:12,user1,1
2018-05-26 13:41:21,user2,1
2018-05-26 13:41:41,user2,1
2018-05-26 13:48:45,user2,1
2018-05-26 13:48:57,user2,1
2018-05-26 13:49:31,user2,1
2018-05-26 13:49:51,user2,1
2018-05-26 13:50:51,user2,1
2018-05-26 13:56:23,user1,1
2018-05-26 13:56:55,user1,1
2018-05-26 13:57:54,user1,1
2018-05-26 14:05:28,user2,1
2018-05-26 14:05:43,user2,1
2018-05-26 14:35:44,user1,1
2018-05-26 14:35:45,user1,1
2018-05-26 14:40:33,user1,1
2018-05-26 14:46:14,user2,1
2018-05-26 15:41:47,user2,1
2018-05-26 15:43:02,user1,1
2018-05-27 14:59:02,user2,1
2018-05-27 14:59:39,user2,1
2018-05-27 16:16:38,user1,1
2018-05-27 16:17:16,user1,1
2018-05-27 16:18:36,user2,1
2018-05-27 16:23:54,user2,1
2018-05-27 16:25:26,user1,1
2018-05-27 16:25:30,user1,1
2018-05-27 16:25:36,user1,1
2018-05-27 19:18:25,user2,1
2018-05-27 19:18:45,user2,1
2018-05-27 19:31:23,user1,1
2018-05-27 19:31:35,user1,1
2018-05-27 19:31:43,user1,1
2018-05-27 19:31:53,user1,1
2018-05-27 23:07:44,user2,1
2018-05-27 23:08:07,user2,1
2018-05-27 23:42:12,user2,1
2018-05-27 23:42:34,user2,1
2018-05-28 09:50:22,user1,1
2018-05-28 09:52:45,user2,1
2018-05-28 09:53:01,user2,1
2018-05-28 17:04:50,user2,1
2018-05-28 17:09:11,user1,1
2018-05-28 17:13:59,user2,1
2018-05-28 23:22:50,user2,1
2018-05-28 23:35:42,user1,1
2018-05-28 23:35:56,user1,1
2018-05-28 23:36:11,user1,1
2018-05-28 23:36:17,user1,1
2018-05-28 23:52:15,user2,1
2018-05-28 23:52:38,user2,1
2018-05-29 09:09:19,user2,1
2018-05-29 11:21:45,user1,1
2018-05-29 13:38:17,user2,1
2018-05-29 15:14:17,user2,1
2018-05-29 15:14:56,user1,1
2018-05-29 15:15:09,user1,1
2018-05-29 15:16:19,user2,1
2018-05-29 15:16:27,user2,1
2018-05-29 15:17:21,user2,1
2018-05-29 15:17:36,user2,1
2018-05-29 15:17:48,user2,1
2018-05-29 15:18:25,user2,1
2018-05-29 15:18:35,user2,1
2018-05-29 15:18:41,user2,1
2018-05-29 15:18:56,user2,1
2018-05-29 15:35:06,user1,1
2018-05-29 16:29:46,user2,1
2018-05-29 18:17:26,user2,1
2018-05-29 18:35:15,user1,1
2018-05-29 18:35:28,user1,1
2018-05-30 21:21:50,user2,1
2018-05-30 23:49:12,user2,1
2018-05-30 23:57:49,user1,1
2018-05-31 00:12:32,user1,1
2018-05-31 12:32:51,user2,1
2018-05-31 12:33:06,user2,1
2018-06-01 10:29:54,user1,1
2018-06-01 10:30:10,user2,1
2018-06-01 10:30:18,user2,1
2018-06-01 10:30:27,user2,1
2018-06-01 10:30:35,user2,1
2018-06-01 10:30:46,user1,1
2018-06-01 10:31:22,user1,1
2018-06-01 10:31:37,user2,1
2018-06-01 10:32:08,user2,1
2018-06-01 10:40:53,user2,1
2018-06-01 11:56:02,user2,1
2018-06-01 12:05:03,user1,1
2018-06-01 12:13:45,user2,1
2018-06-01 12:15:41,user1,1
2018-06-01 12:16:31,user2,1
2018-06-01 12:16:33,user1,1
2018-06-01 12:16:36,user2,1
2018-06-01 12:16:40,user2,1
2018-06-01 12:16:48,user2,1
2018-06-01 12:16:50,user2,1
2018-06-01 12:23:21,user1,1
2018-06-01 12:28:45,user2,1
2018-06-01 12:35:17,user1,1
2018-06-01 12:35:22,user1,1
2018-06-01 13:50:26,user2,1
2018-06-01 17:36:18,user2,1
2018-06-01 17:37:07,user1,1
2018-06-01 18:01:04,user1,1
2018-06-01 18:21:55,user1,1
2018-06-01 18:24:10,user1,1
2018-06-01 18:24:18,user1,1
2018-06-01 18:31:15,user2,1
2018-06-01 18:31:40,user2,1
2018-06-01 18:38:44,user1,1
2018-06-01 18:40:59,user2,1
2018-06-01 18:56:53,user1,1
2018-06-01 18:57:00,user1,1
2018-06-01 18:57:40,user2,1
2018-06-01 18:58:09,user2,1
2018-06-01 19:03:10,user1,1
2018-06-01 19:06:37,user2,1
2018-06-01 19:06:39,user2,1
2018-06-01 19:06:43,user2,1
2018-06-02 15:51:25,user2,1
2018-06-02 15:51:53,user2,1
2018-06-02 15:52:08,user2,1
2018-06-02 15:52:14,user2,1
2018-06-02 15:52:18,user2,1
2018-06-02 15:53:31,user1,1
2018-06-02 15:53:51,user2,1
2018-06-02 15:54:08,user1,1
2018-06-02 15:54:16,user2,1
2018-06-02 15:55:06,user2,1
2018-06-02 18:02:54,user2,1
2018-06-02 18:03:01,user2,1
2018-06-02 18:03:13,user2,1
2018-06-02 18:16:56,user2,1
2018-06-02 18:21:45,user1,1
2018-06-03 20:32:06,user1,1
2018-06-03 20:34:35,user1,1
2018-06-03 22:40:09,user2,1
2018-06-04 11:06:29,user1,1
2018-06-04 16:23:51,user2,1
2018-06-04 16:38:00,user1,1
2018-06-04 16:46:09,user2,1
2018-06-04 21:21:21,user2,1
2018-06-04 21:21:53,user2,1
2018-06-04 22:35:54,user2,1
2018-06-05 10:24:18,user2,1
2018-06-05 10:33:04,user2,1
2018-06-05 17:32:23,user2,1
2018-06-05 17:34:40,user1,1
2018-06-05 17:43:28,user2,1
2018-06-05 23:25:19,user2,1
2018-06-05 23:56:12,user1,1
2018-06-06 00:08:36,user2,1
2018-06-06 00:08:41,user2,1
2018-06-06 00:43:19,user1,1
2018-06-06 11:08:33,user1,1
2018-06-06 11:09:00,user2,1
2018-06-06 23:29:52,user2,1
2018-06-06 23:30:07,user1,1
2018-06-06 23:33:44,user1,1
2018-06-07 11:42:11,user2,1
2018-06-07 11:42:19,user2,1
2018-06-07 12:12:35,user1,1
2018-06-07 14:22:13,user2,1
2018-06-07 15:00:26,user1,1
2018-06-07 15:29:07,user2,1
2018-06-07 15:29:12,user2,1
2018-06-07 17:25:23,user2,1
2018-06-07 17:25:37,user2,1
2018-06-07 17:25:51,user2,1
2018-06-07 17:25:59,user1,1
2018-06-07 17:26:32,user1,1
2018-06-07 17:26:44,user2,1
2018-06-07 17:46:19,user2,1
2018-06-07 17:47:07,user1,1
2018-06-07 19:58:46,user1,1
2018-06-07 20:53:47,user2,1
2018-06-07 20:57:52,user1,1
2018-06-07 20:58:09,user1,1
2018-06-07 20:58:15,user1,1
2018-06-07 20:58:47,user2,1
2018-06-07 21:13:29,user2,1
2018-06-07 21:23:01,user2,1
2018-06-08 14:00:43,user1,1
2018-06-08 14:11:14,user2,1
2018-06-08 14:13:31,user2,1
2018-06-08 14:13:37,user2,1
2018-06-08 14:13:42,user2,1
2018-06-08 14:18:53,user1,1
2018-06-08 14:19:02,user2,1
2018-06-08 14:24:23,user1,1
2018-06-08 14:54:25,user2,1
2018-06-08 14:54:27,user2,1
2018-06-08 16:07:51,user1,1
2018-06-08 16:56:54,user1,1
2018-06-08 16:57:14,user1,1
2018-06-10 21:46:53,user1,1
2018-06-10 22:12:50,user2,1
2018-06-10 22:12:53,user2,1
2018-06-10 22:14:33,user2,1
2018-06-10 22:14:49,user2,1
2018-06-10 22:36:29,user2,1
2018-06-10 22:41:47,user1,1
2018-06-11 20:26:11,user1,1
2018-06-11 21:26:04,user2,1
2018-06-11 21:26:16,user2,1
2018-06-11 21:26:20,user2,1
2018-06-11 21:26:26,user2,1
2018-06-11 21:36:54,user1,1
2018-06-11 21:36:59,user1,1
2018-06-11 22:11:44,user2,1
2018-06-11 22:11:56,user2,1
2018-06-11 22:44:52,user1,1
2018-06-11 22:48:11,user2,1
2018-06-11 23:07:55,user1,1
2018-06-12 12:53:47,user2,1
2018-06-12 12:53:49,user2,1
2018-06-12 12:55:43,user1,1
2018-06-12 12:55:47,user1,1
2018-06-12 13:41:26,user2,1
2018-06-12 14:23:22,user2,1
2018-06-12 14:24:00,user2,1
2018-06-12 14:24:02,user2,1
2018-06-12 15:27:38,user2,1
2018-06-12 15:27:41,user2,1
2018-06-12 15:27:45,user2,1
2018-06-12 15:27:49,user2,1
2018-06-12 15:31:07,user1,1
2018-06-12 17:33:34,user2,1
2018-06-12 17:43:17,user1,1
2018-06-13 17:01:36,user1,1
2018-06-13 17:10:41,user2,1
2018-06-13 17:10:48,user2,1
2018-06-13 17:10:58,user2,1
2018-06-13 17:42:12,user1,1
2018-06-14 14:25:17,user2,1
2018-06-14 14:55:15,user2,1
2018-06-14 14:55:56,user1,1
2018-06-14 14:56:13,user2,1
2018-06-14 14:56:23,user2,1
2018-06-14 14:56:30,user2,1
2018-06-14 14:56:43,user1,1
2018-06-14 14:56:50,user2,1
2018-06-14 14:57:04,user1,1
2018-06-14 14:57:12,user2,1
2018-06-14 14:57:26,user2,1
2018-06-14 15:17:33,user2,1
2018-06-15 10:45:50,user1,1
2018-06-15 12:41:58,user2,1
2018-06-15 12:42:25,user2,1
2018-06-15 12:53:16,user1,1
2018-06-15 12:53:36,user1,1
2018-06-15 12:53:58,user2,1
2018-06-15 12:54:05,user2,1
2018-06-15 22:29:42,user2,1
2018-06-15 22:30:23,user2,1
2018-06-15 22:30:30,user2,1
2018-06-16 00:10:08,user1,1
2018-06-16 00:10:30,user1,1
2018-06-16 00:10:33,user1,1
2018-06-16 00:10:55,user1,1
2018-06-16 00:11:05,user1,1
2018-06-16 08:02:27,user2,1
2018-06-16 08:03:02,user2,1
2018-06-16 08:03:56,user1,1
2018-06-16 08:04:02,user1,1
2018-06-16 08:04:08,user1,1
2018-06-16 08:04:17,user2,1
2018-06-16 08:04:45,user2,1
2018-06-16 08:05:04,user2,1
2018-06-16 08:05:14,user2,1
2018-06-16 08:05:31,user2,1
2018-06-16 08:05:36,user1,1
2018-06-16 08:05:42,user1,1
2018-06-16 08:06:05,user1,1
2018-06-16 08:06:22,user2,1
2018-06-16 11:48:20,user1,1
2018-06-16 12:07:24,user2,1
2018-06-16 12:14:58,user2,1
2018-06-16 15:31:01,user2,1
2018-06-16 18:09:50,user1,1
2018-06-16 18:36:30,user2,1
2018-06-16 18:37:04,user2,1
2018-06-16 18:37:26,user2,1
2018-06-16 18:38:29,user2,1
2018-06-16 18:38:39,user2,1
2018-06-16 18:39:13,user2,1
2018-06-16 18:39:49,user2,1
2018-06-16 18:40:18,user2,1
2018-06-16 18:50:27,user2,1
2018-06-16 20:31:18,user1,1
2018-06-16 20:32:06,user1,1
2018-06-16 21:45:37,user2,1
2018-06-17 00:55:46,user1,1
2018-06-17 00:56:03,user1,1
2018-06-17 14:49:38,user2,1
2018-06-17 14:49:52,user2,1
2018-06-17 14:49:57,user2,1
2018-06-17 14:50:04,user2,1
2018-06-17 14:50:09,user2,1
2018-06-17 14:50:15,user2,1
2018-06-17 14:51:43,user1,1
2018-06-17 14:52:20,user2,1
2018-06-17 14:52:43,user2,1
2018-06-17 14:53:16,user1,1
2018-06-17 14:53:27,user1,1
2018-06-17 14:53:58,user2,1
2018-06-17 14:54:09,user2,1
2018-06-17 14:54:22,user2,1
2018-06-17 14:54:26,user1,1
2018-06-18 12:15:51,user2,1
2018-06-18 12:27:12,user1,1
2018-06-18 12:37:35,user1,1
2018-06-18 13:32:39,user2,1
2018-06-18 13:32:56,user2,1
2018-06-18 13:34:44,user1,1
2018-06-18 15:47:53,user1,1
2018-06-18 16:02:55,user2,1
2018-06-18 16:03:11,user2,1
2018-06-18 16:38:26,user1,1
2018-06-18 17:13:01,user2,1
2018-06-18 17:13:10,user2,1
2018-06-18 18:53:23,user1,1
2018-06-18 18:53:30,user1,1
2018-06-19 14:18:56,user2,1
2018-06-19 14:48:35,user1,1
2018-06-19 14:48:54,user1,1
2018-06-19 15:10:27,user2,1
2018-06-19 15:10:38,user2,1
2018-06-19 19:06:31,user2,1
2018-06-19 20:55:15,user2,1
2018-06-19 20:55:57,user1,1
2018-06-19 20:57:09,user1,1
2018-06-19 22:54:24,user2,1
2018-06-19 22:54:53,user2,1
2018-06-19 23:23:05,user1,1
2018-06-20 09:03:56,user2,1
2018-06-20 09:04:06,user2,1
2018-06-20 13:05:07,user1,1
2018-06-20 13:05:07,user1,1
2018-06-20 13:05:11,user1,1
2018-06-20 15:34:03,user2,1
2018-06-20 15:35:35,user1,1
2018-06-20 15:37:11,user2,1
2018-06-20 22:00:25,user1,1
2018-06-20 22:01:20,user2,1
2018-06-21 18:36:41,user1,1
2018-06-21 19:02:56,user2,1
2018-06-21 19:03:14,user2,1
2018-06-21 19:03:30,user2,1
2018-06-21 20:00:13,user1,1
2018-06-21 20:00:28,user1,1
2018-06-21 20:01:53,user2,1
2018-06-21 20:01:59,user2,1
2018-06-22 15:40:43,user1,1
2018-06-22 15:40:46,user1,1
2018-06-22 16:06:18,user2,1
2018-06-22 16:06:35,user2,1
2018-06-22 16:06:45,user1,1
2018-06-22 16:07:02,user2,1
2018-06-22 16:07:21,user2,1
2018-06-22 16:07:44,user1,1
2018-06-22 16:10:21,user2,1
2018-06-22 16:10:50,user2,1
2018-06-23 13:29:55,user1,1
2018-06-23 16:16:19,user1,1
2018-06-23 19:19:57,user1,1
2018-06-23 19:20:59,user2,1
2018-06-24 13:43:55,user2,1
2018-06-24 13:44:00,user2,1
2018-06-24 13:45:49,user1,1
2018-06-24 13:46:04,user2,1
2018-06-24 13:47:19,user2,1
2018-06-24 13:47:40,user2,1
2018-06-24 13:47:45,user2,1
2018-06-24 13:47:50,user2,1
2018-06-24 13:55:49,user1,1
2018-06-24 13:59:21,user2,1
2018-06-25 14:38:09,user1,1
2018-06-25 14:39:19,user1,1
2018-06-25 17:03:45,user2,1
2018-06-26 10:55:05,user1,1
2018-06-26 10:55:20,user1,1
2018-06-26 11:02:20,user2,1
2018-06-26 11:34:57,user1,1
2018-06-26 12:29:24,user2,1
2018-06-26 12:29:33,user2,1
2018-06-26 12:35:24,user2,1
2018-06-26 12:51:52,user2,1
2018-06-26 12:52:06,user2,1
2018-06-26 14:13:34,user1,1
2018-06-26 14:13:36,user1,1
2018-06-26 14:38:12,user2,1
2018-06-26 16:17:00,user1,1
2018-06-26 16:17:32,user1,1
2018-06-26 19:59:04,user1,1
2018-06-26 20:43:26,user2,1
2018-06-26 20:54:06,user1,1
2018-06-26 20:56:22,user1,1
2018-06-26 21:33:43,user2,1
2018-06-26 21:34:03,user1,1
2018-06-26 21:34:21,user2,1
2018-06-26 21:36:58,user2,1
2018-06-26 21:37:19,user1,1
2018-06-26 21:43:28,user1,1
2018-06-26 21:49:11,user2,1
2018-06-28 16:41:57,user2,1
2018-06-28 16:43:29,user1,1
2018-06-28 16:51:06,user2,1
2018-06-28 16:51:27,user2,1
2018-06-28 16:52:15,user1,1
2018-06-28 16:52:25,user2,1
2018-06-28 16:52:37,user2,1
2018-06-28 16:52:39,user2,1
2018-06-28 16:53:44,user2,1
2018-06-28 16:53:48,user2,1
2018-06-28 16:53:42,user1,1
2018-06-28 16:54:38,user1,1
2018-06-28 16:54:44,user1,1
2018-06-28 16:55:10,user2,1
2018-06-28 16:55:46,user2,1
2018-06-28 16:56:47,user1,1
2018-06-28 16:57:06,user1,1
2018-06-28 16:57:12,user2,1
2018-06-28 16:57:40,user2,1
2018-06-28 16:58:12,user2,1
2018-06-28 17:00:13,user2,1
2018-06-28 17:00:22,user2,1
2018-06-28 17:00:53,user1,1
2018-06-28 17:01:06,user2,1
2018-06-28 17:01:14,user2,1
2018-06-28 17:03:06,user1,1
2018-06-28 17:05:49,user2,1
2018-06-28 17:14:15,user1,1
2018-06-28 17:18:39,user2,1
2018-06-28 23:06:16,user2,1
2018-06-28 23:13:22,user1,1
2018-06-28 23:14:38,user2,1
2018-06-28 23:14:54,user2,1
2018-06-28 23:17:57,user2,1
2018-06-29 10:56:06,user2,1
2018-06-29 11:13:25,user2,1
2018-06-29 18:11:41,user2,1
2018-06-29 18:11:53,user2,1
2018-06-29 18:11:58,user2,1
2018-06-29 18:39:57,user1,1
2018-06-29 18:55:42,user2,1
2018-06-29 18:56:01,user2,1
2018-06-29 20:24:40,user1,1
2018-06-29 20:35:59,user2,1
2018-06-29 20:57:58,user2,1
2018-06-29 21:13:10,user1,1
2018-06-30 01:26:12,user2,1
2018-06-30 02:02:52,user1,1
2018-06-30 14:43:03,user1,1
2018-06-30 17:54:42,user2,1
2018-06-30 17:55:27,user2,1
2018-06-30 17:55:39,user2,1
2018-06-30 19:28:55,user2,1
2018-07-01 01:01:43,user2,1
2018-07-01 01:05:22,user2,1
2018-07-01 01:06:27,user2,1
2018-07-01 01:06:44,user2,1
2018-07-01 13:24:07,user2,1
2018-07-01 13:29:42,user1,1
2018-07-01 17:01:50,user1,1
2018-07-01 17:39:59,user2,1
2018-07-01 17:40:19,user2,1
2018-07-01 17:48:07,user1,1
2018-07-01 17:48:23,user1,1
2018-07-01 19:53:33,user2,1
2018-07-01 19:57:59,user2,1
2018-07-01 19:58:08,user2,1
2018-07-01 19:58:49,user2,1
2018-07-01 20:03:56,user1,1
2018-07-01 20:03:58,user1,1
2018-07-01 21:10:54,user1,1
2018-07-02 13:54:13,user1,1
2018-07-02 13:54:34,user2,1
2018-07-03 15:05:39,user1,1
2018-07-03 15:40:53,user2,1
2018-07-03 15:42:22,user1,1
2018-07-03 15:42:24,user2,1
2018-07-03 15:42:27,user1,1
2018-07-03 15:42:39,user2,1
2018-07-03 15:42:54,user2,1
2018-07-03 15:42:57,user2,1
2018-07-03 15:46:11,user1,1
2018-07-04 14:56:39,user2,1
2018-07-04 15:51:02,user1,1
2018-07-04 15:51:06,user1,1
2018-07-04 15:51:18,user2,1
2018-07-04 17:18:24,user2,1
2018-07-04 17:20:25,user1,1
2018-07-05 16:27:12,user2,1
2018-07-05 16:27:33,user2,1
2018-07-05 16:28:08,user2,1
2018-07-05 16:31:34,user1,1
2018-07-06 00:02:07,user1,1
2018-07-06 11:41:37,user2,1
2018-07-06 11:41:41,user2,1
2018-07-06 11:42:06,user1,1
2018-07-06 11:42:21,user2,1
2018-07-06 11:50:13,user1,1
2018-07-06 11:50:20,user1,1
2018-07-06 11:50:30,user1,1
2018-07-06 12:09:06,user2,1
2018-07-06 12:09:15,user2,1
2018-07-06 12:09:20,user2,1
2018-07-06 12:09:48,user1,1
2018-07-06 12:12:40,user2,1
2018-07-06 12:12:56,user2,1
2018-07-06 12:13:02,user1,1
2018-07-06 12:13:42,user2,1
2018-07-06 12:13:47,user2,1
2018-07-06 12:13:55,user1,1
2018-07-06 12:15:17,user2,1
2018-07-06 12:15:28,user2,1
2018-07-06 12:15:56,user2,1
2018-07-06 12:16:13,user2,1
2018-07-06 12:16:20,user2,1
2018-07-06 12:24:56,user1,1
2018-07-06 13:37:43,user2,1
2018-07-06 14:01:30,user1,1
2018-07-06 14:01:34,user1,1
2018-07-06 14:50:19,user2,1
2018-07-06 15:07:47,user1,1
2018-07-06 17:55:48,user2,1
2018-07-06 17:57:26,user1,1
2018-07-06 17:57:32,user1,1
2018-07-06 17:58:02,user2,1
2018-07-06 18:13:41,user1,1
2018-07-06 20:20:44,user1,1
2018-07-06 21:09:37,user1,1
2018-07-06 21:10:00,user1,1
2018-07-06 21:10:05,user2,1
2018-07-06 21:10:17,user2,1
2018-07-06 21:10:17,user1,1
2018-07-06 21:10:31,user1,1
2018-07-06 21:10:42,user1,1
2018-07-06 21:11:02,user2,1
2018-07-06 21:11:14,user2,1
2018-07-06 21:11:29,user2,1
2018-07-06 21:11:33,user2,1
2018-07-06 21:11:37,user2,1
2018-07-06 21:11:41,user1,1
2018-07-07 13:03:49,user1,1
2018-07-07 13:07:25,user2,1
2018-07-07 13:07:38,user2,1
2018-07-07 13:08:03,user2,1
2018-07-07 13:30:18,user1,1
2018-07-07 17:18:52,user2,1
2018-07-07 18:10:50,user2,1
2018-07-07 18:11:05,user2,1
2018-07-07 18:11:27,user1,1
2018-07-07 18:11:31,user1,1
2018-07-07 18:11:37,user2,1
2018-07-07 18:11:39,user2,1
2018-07-07 18:26:03,user1,1
2018-07-09 10:23:05,user2,1
2018-07-09 10:23:12,user2,1
2018-07-09 10:23:24,user2,1
2018-07-09 10:27:20,user1,1
2018-07-09 10:27:36,user2,1
2018-07-09 10:27:47,user1,1
2018-07-09 10:27:47,user2,1
2018-07-10 14:12:54,user1,1
2018-07-10 14:20:35,user1,1
2018-07-10 15:06:01,user2,1
2018-07-10 15:06:06,user2,1
2018-07-10 15:06:09,user2,1
2018-07-10 15:06:33,user2,1
2018-07-10 15:18:58,user1,1
2018-07-10 15:19:20,user1,1
2018-07-10 16:53:56,user2,1
2018-07-10 16:54:00,user2,1
2018-07-10 17:59:59,user1,1
2018-07-10 18:22:07,user1,1
2018-07-10 18:23:35,user2,1
2018-07-10 18:23:44,user2,1
2018-07-10 18:23:58,user2,1
2018-07-10 18:48:27,user1,1
2018-07-10 19:03:36,user2,1
2018-07-10 19:37:30,user2,1
2018-07-10 20:06:42,user1,1
2018-07-10 20:47:53,user1,1
2018-07-10 22:17:05,user2,1
2018-07-10 22:24:10,user1,1
2018-07-10 22:57:01,user2,1
2018-07-10 22:57:43,user2,1
2018-07-10 23:06:57,user1,1
2018-07-10 23:07:57,user1,1
2018-07-10 23:19:05,user2,1
2018-07-11 00:12:38,user2,1
2018-07-11 00:19:31,user1,1
2018-07-11 00:19:34,user1,1
2018-07-11 09:59:11,user2,1
2018-07-11 10:14:28,user1,1
2018-07-11 10:14:28,user1,1
2018-07-11 10:14:48,user1,1
2018-07-11 10:48:45,user2,1
2018-07-11 10:50:08,user2,1
2018-07-11 11:11:16,user1,1
2018-07-11 11:11:27,user1,1
2018-07-11 11:11:30,user1,1
2018-07-11 11:11:39,user1,1
2018-07-11 11:11:56,user1,1
2018-07-11 12:54:09,user2,1
2018-07-11 13:28:05,user2,1
2018-07-11 13:30:36,user1,1
2018-07-11 15:11:12,user2,1
2018-07-11 15:53:52,user1,1
2018-07-11 16:00:14,user2,1
2018-07-11 16:16:12,user1,1
2018-07-11 16:16:26,user1,1
2018-07-11 17:08:57,user2,1
2018-07-11 17:09:05,user2,1
2018-07-11 17:36:22,user1,1
2018-07-11 17:42:20,user2,1
2018-07-11 17:45:28,user2,1
2018-07-12 10:12:53,user2,1
2018-07-12 13:15:22,user1,1
2018-07-12 13:15:37,user1,1
2018-07-12 13:16:36,user1,1
2018-07-12 13:26:41,user2,1
2018-07-12 13:26:48,user2,1
2018-07-12 14:21:03,user1,1
2018-07-12 14:22:53,user1,1
2018-07-12 14:41:42,user2,1
2018-07-12 15:26:28,user1,1
2018-07-12 15:26:35,user1,1
2018-07-12 15:28:08,user2,1
2018-07-12 15:28:18,user2,1
2018-07-12 15:28:30,user2,1
2018-07-12 15:30:12,user1,1
2018-07-12 15:30:16,user1,1
2018-07-12 15:32:38,user2,1
2018-07-12 15:32:40,user2,1
2018-07-12 15:32:47,user2,1
2018-07-12 15:32:52,user1,1
2018-07-12 15:33:10,user1,1
2018-07-12 15:33:40,user1,1
2018-07-12 16:32:53,user1,1
2018-07-12 16:32:58,user1,1
2018-07-12 16:33:09,user1,1
2018-07-12 18:01:37,user2,1
2018-07-12 18:01:40,user2,1
2018-07-13 23:46:26,user1,1
2018-07-14 02:01:37,user2,1
2018-07-14 02:01:45,user2,1
2018-07-14 12:41:32,user1,1
2018-07-14 12:41:58,user2,1
2018-07-14 21:27:39,user2,1
2018-07-14 21:27:52,user2,1
2018-07-14 23:54:59,user2,1
2018-07-15 00:24:35,user2,1
2018-07-15 03:08:27,user1,1
2018-07-15 11:29:20,user2,1
2018-07-15 19:23:20,user1,1
2018-07-15 20:26:47,user2,1
2018-07-15 20:27:17,user2,1
2018-07-15 20:27:55,user2,1
2018-07-15 20:28:14,user2,1
2018-07-15 20:33:06,user1,1
2018-07-16 22:17:54,user2,1
2018-07-16 22:18:12,user2,1
2018-07-16 23:23:42,user1,1
2018-07-17 08:12:07,user2,1
2018-07-17 08:12:18,user2,1
2018-07-17 08:12:54,user2,1
2018-07-17 08:13:32,user2,1
2018-07-17 10:37:12,user1,1
2018-07-17 10:40:39,user2,1
2018-07-17 10:41:03,user2,1
2018-07-17 10:41:12,user2,1
2018-07-17 10:46:14,user1,1
2018-07-17 10:46:19,user1,1
2018-07-17 10:46:43,user2,1
2018-07-17 10:46:49,user2,1
2018-07-17 10:47:00,user2,1
2018-07-17 10:47:07,user2,1
2018-07-17 10:47:08,user1,1
2018-07-17 10:47:14,user1,1
2018-07-17 10:47:16,user1,1
2018-07-17 10:47:24,user2,1
2018-07-17 10:47:35,user2,1
2018-07-17 10:47:45,user2,1
2018-07-17 10:50:04,user1,1
2018-07-17 10:54:57,user2,1
2018-07-17 10:55:16,user2,1
2018-07-17 11:04:26,user1,1
2018-07-17 11:22:47,user2,1
2018-07-17 11:22:51,user2,1
2018-07-17 11:26:46,user1,1
2018-07-17 11:35:31,user2,1
2018-07-17 16:09:52,user2,1
2018-07-17 16:12:33,user1,1
2018-07-17 16:12:58,user1,1
2018-07-17 16:16:51,user2,1
2018-07-17 16:17:05,user2,1
2018-07-17 16:18:18,user2,1
2018-07-17 22:46:59,user2,1
2018-07-17 22:59:08,user1,1
2018-07-18 00:25:59,user1,1
2018-07-18 00:35:00,user1,1
2018-07-18 00:37:12,user1,1
2018-07-18 00:37:32,user1,1
2018-07-18 00:38:22,user1,1
2018-07-18 00:47:32,user1,1
2018-07-18 00:51:09,user1,1
2018-07-18 00:51:19,user1,1
2018-07-18 09:31:19,user2,1
2018-07-18 09:32:18,user2,1
2018-07-18 09:32:30,user2,1
2018-07-18 09:37:05,user1,1
2018-07-18 09:37:37,user1,1
2018-07-18 09:37:41,user2,1
2018-07-18 09:37:48,user2,1
2018-07-18 09:38:30,user1,1
2018-07-18 09:41:25,user2,1
2018-07-18 09:41:46,user2,1
2018-07-18 09:42:58,user1,1
2018-07-18 10:42:23,user1,1
2018-07-18 10:42:29,user1,1
2018-07-18 12:22:44,user2,1
2018-07-18 12:30:19,user1,1
2018-07-18 12:30:23,user1,1
2018-07-18 12:30:50,user2,1
2018-07-18 17:06:20,user1,1
2018-07-18 17:11:31,user2,1
2018-07-18 17:11:36,user2,1
2018-07-18 17:17:47,user1,1
2018-07-18 17:28:16,user2,1
2018-07-18 18:34:19,user2,1
2018-07-18 18:34:32,user2,1
2018-07-18 20:37:30,user2,1
2018-07-18 20:37:36,user2,1
2018-07-18 21:02:53,user1,1
2018-07-18 21:02:58,user1,1
2018-07-18 21:03:09,user2,1
2018-07-18 21:04:26,user2,1
2018-07-18 21:33:14,user2,1
2018-07-20 14:46:47,user2,1
2018-07-20 16:34:42,user2,1
2018-07-20 16:34:54,user2,1
2018-07-20 17:00:26,user1,1
2018-07-20 17:22:55,user1,1
2018-07-20 18:50:59,user2,1
2018-07-20 21:03:18,user2,1
2018-07-20 21:03:32,user2,1
2018-07-20 22:22:53,user1,1
2018-07-20 22:23:08,user1,1
2018-07-20 22:25:35,user2,1
2018-07-20 22:25:42,user2,1
2018-07-20 22:31:13,user1,1
2018-07-20 22:31:19,user1,1
2018-07-21 00:13:02,user1,1
2018-07-21 13:41:52,user1,1
2018-07-22 21:21:52,user2,1
2018-07-22 21:22:01,user2,1
2018-07-22 21:41:14,user1,1
2018-07-22 21:41:38,user1,1
2018-07-22 21:45:14,user2,1
2018-07-24 17:25:17,user1,1
2018-07-24 17:28:42,user1,1
2018-07-24 17:28:43,user1,1
2018-07-24 17:40:01,user2,1
2018-07-24 19:53:29,user1,1
2018-07-24 19:53:33,user1,1
2018-07-24 20:08:58,user2,1
2018-07-24 20:09:14,user2,1
2018-07-24 22:12:38,user1,1
2018-07-24 22:23:23,user2,1
2018-07-24 22:25:16,user1,1
2018-07-24 22:25:53,user1,1
2018-07-24 22:26:35,user2,1
2018-07-24 22:26:56,user2,1
2018-07-24 22:27:01,user1,1
2018-07-24 22:27:29,user2,1
2018-07-24 22:27:36,user2,1
2018-07-24 22:27:44,user2,1
2018-07-24 22:28:06,user2,1
2018-07-24 22:28:13,user1,1
2018-07-24 22:28:40,user1,1
2018-07-24 22:28:59,user2,1
2018-07-24 22:29:09,user2,1
2018-07-24 22:30:13,user1,1
2018-07-24 22:31:35,user2,1
2018-07-24 22:32:22,user2,1
2018-07-24 22:32:42,user2,1
2018-07-25 11:34:23,user2,1
2018-07-26 08:52:25,user2,1
2018-07-26 16:16:48,user2,1
2018-07-26 16:19:09,user2,1
2018-07-26 16:22:58,user1,1
2018-07-26 16:25:00,user1,1
2018-07-26 16:25:13,user1,1
2018-07-26 16:30:31,user2,1
2018-07-26 17:23:46,user2,1
2018-07-26 17:23:54,user2,1
2018-07-26 17:29:25,user2,1
2018-07-26 17:29:32,user2,1
2018-07-26 17:34:13,user2,1
2018-07-26 17:34:50,user2,1
2018-07-26 17:55:44,user1,1
2018-07-26 18:30:16,user2,1
2018-07-30 19:25:06,user2,1
2018-07-30 21:19:33,user1,1
2018-07-30 21:20:13,user1,1
2018-07-30 23:44:49,user1,1
2018-07-31 08:37:16,user2,1
2018-07-31 22:33:31,user2,1
2018-07-31 23:04:31,user1,1
2018-07-31 23:04:52,user2,1
2018-07-31 23:05:02,user2,1
2018-07-31 23:31:34,user1,1
2018-07-31 23:31:34,user1,1
2018-07-31 23:31:48,user1,1
2018-07-31 23:31:56,user1,1
2018-07-31 23:31:57,user1,1
2018-07-31 23:36:05,user2,1
2018-07-31 23:36:18,user2,1
2018-07-31 23:36:32,user2,1
2018-07-31 23:37:15,user1,1
2018-07-31 23:37:41,user1,1
2018-07-31 23:38:47,user2,1
2018-07-31 23:42:21,user1,1
2018-07-31 23:42:27,user1,1
2018-08-01 16:43:21,user1,1
2018-08-01 17:01:13,user2,1
2018-08-01 17:01:18,user2,1
2018-08-01 17:01:53,user2,1
2018-08-01 17:08:18,user1,1
2018-08-01 17:08:24,user2,1
2018-08-01 18:26:18,user2,1
2018-08-01 18:26:21,user2,1
2018-08-01 18:26:28,user2,1
2018-08-01 22:36:11,user1,1
2018-08-01 22:36:11,user1,1
2018-08-01 22:36:33,user1,1
2018-08-02 09:21:26,user1,1
2018-08-02 10:14:49,user2,1
2018-08-02 14:27:21,user1,1
2018-08-02 14:27:28,user1,1
2018-08-02 14:36:30,user1,1
2018-08-02 14:53:21,user2,1
2018-08-02 14:55:16,user2,1
2018-08-02 21:42:38,user1,1
2018-08-02 21:51:17,user1,1
2018-08-02 21:51:26,user1,1
2018-08-02 22:46:33,user1,1
2018-08-02 22:56:30,user2,1
2018-08-02 22:57:27,user2,1
2018-08-02 23:20:06,user2,1
2018-08-02 23:22:59,user1,1
2018-08-03 09:36:58,user2,1
2018-08-03 09:36:59,user1,1
2018-08-03 09:37:02,user2,1
2018-08-03 09:37:05,user2,1
2018-08-03 09:37:11,user1,1
2018-08-03 15:04:43,user2,1
2018-08-03 15:06:47,user1,1
2018-08-03 15:07:55,user2,1
2018-08-03 20:51:06,user1,1
2018-08-03 21:14:15,user2,1
2018-08-03 22:32:42,user1,1
2018-08-03 22:32:50,user1,1
2018-08-03 23:12:18,user2,1
2018-08-04 13:16:07,user2,1
2018-08-04 14:53:24,user1,1
2018-08-04 14:53:30,user1,1
2018-08-04 14:53:42,user1,1
2018-08-04 14:53:42,user1,1
2018-08-04 15:21:18,user2,1
2018-08-04 15:27:09,user2,1
2018-08-04 15:27:18,user2,1
2018-08-04 15:27:29,user2,1
2018-08-04 15:27:43,user2,1
2018-08-04 15:34:04,user2,1
2018-08-04 23:57:00,user2,1
2018-08-04 23:57:09,user2,1
2018-08-04 23:57:13,user2,1
2018-08-05 00:01:48,user2,1
2018-08-05 00:06:14,user2,1
2018-08-05 00:07:27,user1,1
2018-08-05 19:39:10,user1,1
2018-08-06 08:36:20,user1,1
2018-08-06 08:54:57,user2,1
2018-08-06 08:55:14,user2,1
2018-08-06 08:55:22,user2,1
2018-08-06 08:56:20,user2,1
2018-08-06 10:43:13,user1,1
2018-08-06 10:43:26,user1,1
2018-08-06 10:28:25,user2,1
2018-08-06 10:39:44,user2,1
2018-08-06 10:41:16,user2,1
2018-08-06 10:41:23,user2,1
2018-08-06 10:44:32,user2,1
2018-08-06 10:55:42,user2,1
2018-08-06 10:55:49,user2,1
2018-08-06 11:26:22,user1,1
2018-08-06 11:26:31,user1,1
2018-08-06 11:26:38,user1,1
2018-08-06 11:32:12,user2,1
2018-08-06 11:33:32,user2,1
2018-08-06 11:55:16,user2,1
2018-08-06 12:04:55,user1,1
2018-08-06 13:21:17,user2,1
2018-08-06 13:21:23,user2,1
2018-08-06 13:21:36,user2,1
2018-08-06 13:36:23,user1,1
2018-08-06 13:36:47,user1,1
2018-08-06 13:36:58,user1,1
2018-08-06 13:43:07,user2,1
2018-08-06 13:43:19,user2,1
2018-08-06 13:43:28,user2,1
2018-08-06 13:43:32,user2,1
2018-08-06 15:13:27,user2,1
2018-08-06 15:28:34,user1,1
2018-08-06 17:38:13,user1,1
2018-08-06 17:39:49,user2,1
2018-08-06 17:40:10,user1,1
2018-08-06 18:12:30,user1,1
2018-08-06 18:28:52,user1,1
2018-08-06 18:29:05,user1,1
2018-08-06 18:48:15,user2,1
2018-08-06 18:48:38,user2,1
2018-08-06 23:02:08,user2,1
2018-08-07 09:01:00,user1,1
2018-08-07 09:06:52,user2,1
2018-08-07 09:15:07,user2,1
2018-08-07 09:15:56,user2,1
2018-08-07 09:21:53,user1,1
2018-08-07 09:21:56,user1,1
2018-08-07 09:48:08,user2,1
2018-08-07 09:48:23,user2,1
2018-08-07 09:53:08,user2,1
2018-08-07 09:54:19,user2,1
2018-08-07 09:55:05,user1,1
2018-08-07 09:55:06,user1,1
2018-08-07 09:55:18,user1,1
2018-08-08 21:51:30,user2,1
2018-08-14 18:16:14,user1,1
2018-08-14 18:16:20,user2,1
2018-08-15 15:27:12,user1,1
2018-08-15 16:08:19,user2,1
2018-08-15 16:08:28,user2,1
2018-08-15 16:08:34,user2,1
2018-08-15 16:08:50,user2,1
2018-08-15 16:08:55,user2,1
2018-08-15 16:09:23,user2,1
2018-08-15 16:28:18,user1,1
2018-08-15 16:28:22,user1,1
2018-08-15 17:02:33,user2,1
2018-08-15 22:38:21,user1,1
2018-08-15 22:39:01,user1,1
2018-08-15 22:39:38,user1,1
2018-08-15 22:43:00,user1,1
2018-08-15 22:43:12,user1,1
2018-08-15 23:52:57,user2,1
2018-08-15 23:53:17,user2,1
2018-08-16 00:06:21,user1,1
2018-08-16 00:06:29,user1,1
2018-08-16 00:11:06,user2,1
2018-08-16 00:49:38,user1,1
2018-08-16 11:55:33,user2,1
2018-08-16 11:55:42,user2,1
2018-08-16 11:55:51,user2,1
2018-08-16 11:56:58,user1,1
2018-08-16 11:57:09,user1,1
2018-08-16 11:57:39,user2,1
2018-08-16 13:57:10,user2,1
2018-08-16 15:32:29,user1,1
2018-08-16 15:32:35,user1,1
2018-08-16 15:33:01,user2,1
2018-08-16 15:33:12,user2,1
2018-08-16 15:33:40,user2,1
2018-08-16 15:39:55,user1,1
2018-08-16 15:39:57,user1,1
2018-08-16 15:46:14,user2,1
2018-08-16 15:46:51,user2,1
2018-08-16 15:47:08,user2,1
2018-08-16 15:58:54,user1,1
2018-08-16 16:13:37,user2,1
2018-08-16 16:13:39,user2,1
2018-08-16 16:25:47,user2,1
2018-08-16 16:25:53,user2,1
2018-08-16 16:25:59,user2,1
2018-08-16 16:26:16,user2,1
2018-08-16 16:38:34,user1,1
2018-08-16 16:39:38,user1,1
2018-08-16 16:40:11,user1,1
2018-08-16 16:46:42,user2,1
2018-08-16 16:46:46,user2,1
2018-08-16 16:47:01,user2,1
2018-08-16 16:47:08,user2,1
2018-08-16 16:51:14,user1,1
2018-08-17 10:42:51,user1,1
2018-08-17 12:29:10,user1,1
2018-08-17 12:29:29,user2,1
2018-08-17 12:29:37,user2,1
2018-08-17 12:29:42,user2,1
2018-08-17 12:30:20,user1,1
2018-08-18 02:49:00,user2,1
2018-08-18 03:05:11,user1,1
2018-08-18 03:24:16,user2,1
2018-08-18 11:24:10,user1,1
2018-08-18 11:24:18,user1,1
2018-08-18 23:52:34,user1,1
2018-08-19 00:44:37,user2,1
2018-08-19 01:44:54,user1,1
2018-08-19 13:00:21,user2,1
2018-08-19 13:00:56,user2,1
2018-08-19 16:20:17,user1,1
2018-08-19 16:20:26,user1,1
2018-08-19 17:16:35,user1,1
2018-08-19 17:16:44,user1,1
2018-08-19 17:21:06,user2,1
2018-08-19 17:21:12,user2,1
2018-08-19 17:21:21,user2,1
2018-08-19 17:43:18,user1,1
2018-08-19 17:43:40,user1,1
2018-08-19 17:56:55,user2,1
2018-08-19 17:57:10,user2,1
2018-08-19 18:02:06,user2,1
2018-08-19 18:02:33,user1,1
2018-08-19 18:03:13,user1,1
2018-08-19 18:10:57,user2,1
2018-08-19 18:11:26,user2,1
2018-08-20 14:05:55,user2,1
2018-08-20 14:06:01,user2,1
2018-08-20 14:06:07,user2,1
2018-08-20 14:06:14,user2,1
2018-08-20 14:56:44,user1,1
2018-08-20 20:07:18,user2,1
2018-08-21 23:29:28,user2,1
2018-08-21 23:29:33,user2,1
2018-08-21 23:32:52,user2,1
2018-08-22 00:04:56,user1,1
2018-08-22 00:05:16,user1,1
2018-08-22 00:05:21,user1,1
2018-08-22 00:05:25,user1,1
2018-08-22 12:25:04,user2,1
2018-08-22 23:55:37,user1,1
2018-08-23 10:19:35,user1,1
2018-08-23 10:20:31,user2,1
2018-08-23 16:07:43,user2,1
2018-08-23 16:10:24,user1,1
2018-08-23 16:14:22,user2,1
2018-08-23 17:28:03,user2,1
2018-08-23 17:29:12,user1,1
2018-08-23 17:29:17,user1,1
2018-08-23 17:59:56,user2,1
2018-08-23 18:00:21,user2,1
2018-08-23 18:00:26,user2,1
2018-08-23 18:10:05,user2,1
2018-08-23 18:19:40,user1,1
2018-08-24 09:15:47,user1,1
2018-08-24 09:15:54,user1,1
2018-08-24 09:25:48,user2,1
2018-08-24 09:26:33,user1,1
2018-08-24 09:26:47,user2,1
2018-08-24 09:27:05,user2,1
2018-08-24 11:18:19,user1,1
2018-08-24 11:49:16,user1,1
2018-08-24 12:24:54,user2,1
2018-08-25 13:31:05,user2,1
2018-08-25 13:31:14,user2,1
2018-08-25 13:59:15,user1,1
2018-08-25 13:59:58,user1,1
2018-08-25 14:07:58,user2,1
2018-08-25 17:21:46,user2,1
2018-08-26 16:45:46,user1,1
2018-08-26 18:01:59,user2,1
2018-08-26 18:02:39,user2,1
2018-08-26 18:03:02,user2,1
2018-08-26 18:05:38,user1,1
2018-08-26 18:05:39,user1,1
2018-08-26 18:09:41,user2,1
2018-08-27 17:12:10,user2,1
2018-08-27 17:12:15,user2,1
2018-08-27 17:13:01,user1,1
2018-08-27 17:13:08,user2,1
2018-08-27 17:13:17,user2,1
2018-08-27 17:13:19,user2,1
2018-08-27 17:13:26,user1,1
2018-08-27 17:13:33,user1,1
2018-08-27 17:13:41,user1,1
2018-08-27 17:13:45,user2,1
2018-08-27 17:14:24,user1,1
2018-08-27 17:16:00,user2,1
2018-08-27 22:05:16,user1,1
2018-08-27 22:05:19,user1,1
2018-08-27 22:07:55,user2,1
2018-08-27 22:08:02,user2,1
2018-08-27 22:08:08,user2,1
2018-08-27 22:44:15,user1,1
2018-08-27 22:45:04,user2,1
2018-08-28 16:20:04,user1,1
2018-08-28 19:15:10,user1,1
2018-08-28 19:15:17,user1,1
2018-08-28 20:28:50,user2,1
2018-08-28 20:29:06,user2,1
2018-08-28 20:29:26,user2,1
2018-08-28 20:29:35,user2,1
2018-08-28 20:29:41,user2,1
2018-08-28 20:29:46,user1,1
2018-08-28 20:30:24,user2,1
2018-08-28 20:30:28,user2,1
2018-08-29 08:07:18,user1,1
2018-08-29 08:07:31,user1,1
2018-08-29 08:43:48,user2,1
2018-08-29 09:59:30,user1,1
2018-08-29 09:59:36,user1,1
2018-08-29 09:59:45,user1,1
2018-08-29 11:17:01,user2,1
2018-08-29 11:17:09,user2,1
2018-08-29 11:17:16,user2,1
2018-08-29 11:17:31,user2,1
2018-08-30 07:57:01,user2,1
2018-08-30 08:23:21,user1,1
2018-08-30 08:23:25,user1,1
2018-08-30 08:23:44,user1,1
2018-08-30 11:01:25,user2,1
2018-08-30 11:01:28,user2,1
2018-08-30 11:01:32,user2,1
2018-08-30 11:01:34,user2,1
2018-08-30 15:52:00,user2,1
2018-08-30 15:54:30,user1,1
2018-08-30 15:54:52,user1,1
2018-08-30 16:36:59,user2,1
2018-08-30 17:25:58,user2,1
2018-08-30 17:26:22,user2,1
2018-08-30 17:26:34,user2,1
2018-08-30 17:26:36,user2,1
2018-08-30 18:10:00,user1,1
2018-08-30 18:10:21,user1,1
2018-08-30 18:11:10,user1,1
2018-08-31 18:28:14,user1,1
2018-08-31 18:30:52,user2,1
2018-08-31 18:31:01,user2,1
2018-08-31 18:31:07,user2,1
2018-08-31 18:31:12,user2,1
2018-09-01 13:49:49,user1,1
2018-09-01 13:50:02,user1,1
2018-09-01 14:59:05,user2,1
2018-09-02 09:26:58,user1,1
2018-09-02 14:15:59,user1,1
2018-09-02 21:27:03,user2,1
2018-09-02 21:27:20,user2,1
2018-09-02 21:32:42,user2,1
2018-09-03 23:04:55,user1,1
2018-09-04 00:08:18,user2,1
2018-09-04 00:23:39,user1,1
2018-09-04 00:24:10,user1,1
2018-09-04 08:37:02,user2,1
2018-09-04 08:37:22,user2,1
2018-09-04 16:49:26,user1,1
2018-09-04 16:57:34,user2,1
2018-09-04 16:57:41,user2,1
2018-09-04 18:06:57,user2,1
2018-09-04 18:07:06,user2,1
2018-09-04 18:08:07,user1,1
2018-09-04 18:37:51,user1,1
2018-09-04 19:14:51,user2,1
2018-09-05 13:29:53,user2,1
2018-09-05 13:30:02,user2,1
2018-09-05 13:30:11,user2,1
2018-09-05 13:30:28,user2,1
2018-09-05 13:30:34,user2,1
2018-09-05 13:31:46,user1,1
2018-09-05 13:32:05,user1,1
2018-09-05 13:33:14,user1,1
2018-09-05 13:33:37,user1,1
2018-09-05 16:01:58,user2,1
2018-09-05 17:30:32,user2,1
2018-09-05 17:30:44,user2,1
2018-09-05 17:40:15,user1,1
2018-09-05 17:57:51,user2,1
2018-09-05 17:58:52,user2,1
2018-09-05 17:58:58,user2,1
2018-09-05 18:22:51,user1,1
2018-09-05 20:54:58,user2,1
2018-09-05 20:55:02,user2,1
2018-09-05 21:34:29,user1,1
2018-09-05 21:34:52,user1,1
2018-09-05 21:37:32,user2,1
2018-09-05 21:37:44,user2,1
2018-09-05 23:05:42,user1,1
2018-09-05 23:07:08,user2,1
2018-09-06 09:58:40,user1,1
2018-09-06 10:11:21,user2,1
2018-09-06 10:11:27,user2,1
2018-09-06 10:11:50,user2,1
2018-09-06 17:18:10,user2,1
2018-09-06 17:18:13,user2,1
2018-09-06 17:18:22,user2,1
2018-09-06 17:23:06,user1,1
2018-09-06 17:23:11,user1,1
2018-09-06 17:34:59,user2,1
2018-09-07 17:10:54,user1,1
2018-09-07 17:15:39,user2,1
2018-09-07 17:22:43,user2,1
2018-09-08 12:24:32,user1,1
2018-09-08 12:24:35,user1,1
2018-09-08 12:30:00,user2,1
2018-09-08 12:31:42,user1,1
2018-09-08 12:42:12,user2,1
2018-09-08 12:42:18,user2,1
2018-09-08 12:55:00,user1,1
2018-09-08 12:56:39,user2,1
2018-09-08 15:45:13,user1,1
2018-09-08 16:12:16,user1,1
2018-09-08 16:17:58,user2,1
2018-09-09 12:46:21,user1,1
2018-09-09 16:06:41,user2,1
2018-09-09 16:06:51,user2,1
2018-09-09 16:08:40,user1,1
2018-09-09 16:18:34,user2,1
2018-09-09 16:18:42,user2,1
2018-09-09 17:01:02,user2,1
2018-09-09 17:01:15,user2,1
2018-09-09 17:23:14,user1,1
2018-09-09 18:20:16,user2,1
2018-09-09 18:21:12,user2,1
2018-09-10 11:48:05,user2,1
2018-09-10 11:53:33,user1,1
2018-09-10 12:48:14,user2,1
2018-09-10 13:47:06,user2,1
2018-09-10 13:47:44,user2,1
2018-09-10 13:49:28,user1,1
2018-09-10 13:49:34,user1,1
2018-09-10 13:49:55,user1,1
2018-09-10 13:57:53,user2,1
2018-09-10 13:58:07,user2,1
2018-09-10 13:58:17,user2,1
2018-09-10 14:40:50,user2,1
2018-09-10 14:40:58,user2,1
2018-09-10 15:11:13,user1,1
2018-09-10 15:11:27,user1,1
2018-09-10 16:46:15,user2,1
2018-09-10 16:49:55,user2,1
2018-09-10 17:50:12,user1,1
2018-09-10 19:40:53,user2,1
2018-09-10 19:41:05,user2,1
2018-09-13 13:02:23,user2,1
2018-09-13 13:09:23,user1,1
2018-09-13 14:18:38,user2,1
2018-09-13 20:37:09,user1,1
2018-09-14 08:40:17,user1,1
2018-09-15 12:25:50,user2,1
2018-09-15 12:25:55,user2,1
2018-09-15 12:26:02,user2,1
2018-09-15 12:50:21,user1,1
2018-09-15 12:51:52,user2,1
2018-09-15 12:52:06,user2,1
2018-09-15 15:14:53,user2,1
2018-09-15 15:15:07,user2,1
2018-09-15 15:16:24,user1,1
2018-09-15 15:16:31,user1,1
2018-09-15 22:53:36,user2,1
2018-09-15 22:53:45,user2,1
2018-09-15 22:54:45,user1,1
2018-09-15 22:54:48,user1,1
2018-09-15 22:55:47,user2,1
2018-09-15 22:55:53,user2,1
2018-09-15 22:56:38,user2,1
2018-09-16 01:12:04,user2,1
2018-09-16 01:12:17,user2,1
2018-09-16 01:12:26,user2,1
2018-09-16 01:32:26,user1,1
2018-09-16 01:33:52,user1,1
2018-09-16 01:36:11,user2,1
2018-09-17 13:08:12,user2,1
2018-09-17 13:10:31,user1,1
2018-09-17 13:53:38,user1,1
2018-09-17 13:54:58,user2,1
2018-09-18 11:43:21,user2,1
2018-09-18 12:24:11,user2,1
2018-09-18 13:02:25,user1,1
2018-09-18 13:32:56,user2,1
2018-09-18 13:33:29,user2,1
2018-09-18 13:38:15,user1,1
2018-09-18 13:38:18,user1,1
2018-09-18 13:38:21,user1,1
2018-09-18 13:39:49,user2,1
2018-09-18 13:42:08,user1,1
2018-09-18 13:43:44,user2,1
2018-09-18 13:43:49,user2,1
2018-09-18 17:03:23,user1,1
2018-09-18 17:09:23,user2,1
2018-09-18 17:09:34,user2,1
2018-09-18 17:09:38,user2,1
2018-09-18 18:25:25,user2,1
2018-09-19 17:31:21,user2,1
2018-09-19 17:31:30,user2,1
2018-09-19 17:35:03,user1,1
2018-09-20 21:33:26,user2,1
2018-09-20 21:33:49,user2,1
2018-09-21 13:45:48,user2,1
2018-09-21 13:47:09,user2,1
2018-09-21 16:03:32,user1,1
2018-09-21 16:13:22,user2,1
2018-09-21 16:25:45,user1,1
2018-09-21 21:46:50,user2,1
2018-09-21 21:49:35,user1,1
2018-09-21 21:49:41,user1,1
2018-09-21 21:50:16,user1,1
2018-09-21 22:10:37,user2,1
2018-09-21 22:10:43,user2,1
2018-09-22 02:36:34,user1,1
2018-09-22 10:19:49,user2,1
2018-09-22 10:40:28,user1,1
2018-09-22 12:23:11,user2,1
2018-09-22 12:23:17,user2,1
2018-09-22 12:23:37,user2,1
2018-09-22 12:23:48,user2,1
2018-09-22 13:12:17,user1,1
2018-09-22 13:12:18,user1,1
2018-09-22 13:13:00,user1,1
2018-09-22 13:13:03,user1,1
2018-09-22 13:13:31,user1,1
2018-09-22 17:59:41,user2,1
2018-09-22 17:59:46,user2,1
2018-09-22 18:01:02,user1,1
2018-09-22 18:01:32,user2,1
2018-09-23 01:52:13,user2,1
2018-09-23 01:53:59,user2,1
2018-09-23 09:26:18,user1,1
2018-09-23 09:26:27,user1,1
2018-09-23 16:03:18,user2,1
2018-09-23 16:03:39,user2,1
2018-09-23 22:47:49,user2,1
2018-09-25 08:39:37,user2,1
2018-09-25 08:39:53,user2,1
2018-09-25 11:54:08,user2,1
2018-09-25 11:54:14,user2,1
2018-09-25 18:34:54,user1,1
2018-09-25 18:39:58,user2,1
2018-09-25 18:40:05,user2,1
2018-09-25 18:40:10,user2,1
2018-09-25 18:40:14,user2,1
2018-09-25 18:58:39,user1,1
2018-09-25 18:58:43,user1,1
2018-09-25 18:58:57,user1,1
2018-09-25 19:00:25,user2,1
2018-09-25 19:00:34,user2,1
2018-09-25 22:48:07,user2,1
2018-09-25 22:53:46,user1,1
2018-09-25 22:53:52,user1,1
2018-09-25 23:06:15,user2,1
2018-09-25 23:06:58,user2,1
2018-09-26 11:25:12,user1,1
2018-09-26 11:29:02,user2,1
