Date,Evaporation
01-10-09,0.0008
02-10-09,0.0006
03-10-09,0.0006
04-10-09,0.0016
05-10-09,0.0004
06-10-09,0.0005
07-10-09,0.0009
08-10-09,0.0015
09-10-09,0.0018
10-10-09,0.0007
11-10-09,0.0004
12-10-09,0.0014
13-10-09,0.0013
14-10-09,0.0013
15-10-09,0.0014
16-10-09,0.0009
17-10-09,0.0013
18-10-09,0.0009
19-10-09,0.0008
20-10-09,0.0012
21-10-09,0.001
22-10-09,0.0004
23-10-09,0.001
24-10-09,0.0003
25-10-09,0.001
26-10-09,0.0003
27-10-09,0.0007
28-10-09,0.0009
29-10-09,0.0004
30-10-09,0.0008
31-10-09,0.0006
01-11-09,0.0004
02-11-09,0.0006
03-11-09,0.0007
04-11-09,0.0003
05-11-09,0.0002
06-11-09,0.0005
07-11-09,0.0005
08-11-09,0.0008
09-11-09,0.0002
10-11-09,0.0002
11-11-09,0.0004
12-11-09,0.0003
13-11-09,0.0005
14-11-09,0.0004
15-11-09,0.0003
16-11-09,0.0002
17-11-09,0.0003
18-11-09,0.0002
19-11-09,0.0006
20-11-09,0.0006
21-11-09,0.0006
22-11-09,0.0005
23-11-09,0.0001
24-11-09,0.0002
25-11-09,0.0001
26-11-09,0.0003
27-11-09,0.0003
28-11-09,0.0002
29-11-09,0.0002
30-11-09,0.0004
01-12-09,0.0003
02-12-09,0.0002
03-12-09,0.0002
04-12-09,0.0002
05-12-09,0.0001
06-12-09,0.0001
07-12-09,0.0003
08-12-09,0.0003
09-12-09,0.0001
10-12-09,0.0002
11-12-09,0.0001
12-12-09,0.0001
13-12-09,0.0002
14-12-09,0.0001
15-12-09,0.0005
16-12-09,0.0001
17-12-09,0.0001
18-12-09,0.0003
19-12-09,0.0003
20-12-09,0.0001
21-12-09,0.0002
22-12-09,0.0001
23-12-09,0.0002
24-12-09,0.0003
25-12-09,0.0001
26-12-09,0.0005
27-12-09,0.0001
28-12-09,0.0002
29-12-09,0.0002
30-12-09,0
31-12-09,0.0001
01-01-10,0.0002
02-01-10,0.0002
03-01-10,0.0002
04-01-10,0.0002
05-01-10,0.0003
06-01-10,0.0002
07-01-10,0.0003
08-01-10,0.0002
09-01-10,0.0002
10-01-10,0.0002
11-01-10,0.0002
12-01-10,0.0003
13-01-10,0.0003
14-01-10,0.0005
15-01-10,0.0001
16-01-10,0.0002
17-01-10,0.0002
18-01-10,0.0001
19-01-10,0.0002
20-01-10,0.0006
21-01-10,0.0002
22-01-10,0.0004
23-01-10,0.0002
24-01-10,0.0002
25-01-10,0.0002
26-01-10,0.0005
27-01-10,0.0002
28-01-10,0.0005
29-01-10,0.0001
30-01-10,0.0006
31-01-10,0.0006
01-02-10,0.0003
02-02-10,0.0002
03-02-10,0.0007
04-02-10,0.0004
05-02-10,0.0002
06-02-10,0.0004
07-02-10,0.0002
08-02-10,0.0002
09-02-10,0.0002
10-02-10,0.0003
11-02-10,0.0004
12-02-10,0.0004
13-02-10,0.0001
14-02-10,0.0003
15-02-10,0.0004
16-02-10,0.0006
17-02-10,0.0005
18-02-10,0.0005
19-02-10,0.0002
20-02-10,0.0005
21-02-10,0.0004
22-02-10,0.0003
23-02-10,0.0002
24-02-10,0.0005
25-02-10,0.0006
26-02-10,0.0004
27-02-10,0.0005
28-02-10,0.0003
01-03-10,0.0011
02-03-10,0.001
03-03-10,0.0011
04-03-10,0.0012
05-03-10,0.0011
06-03-10,0.0013
07-03-10,0.0014
08-03-10,0.0004
09-03-10,0.0015
10-03-10,0.0015
11-03-10,0.0008
12-03-10,0.0005
13-03-10,0.0007
14-03-10,0.0006
15-03-10,0.0007
16-03-10,0.0008
17-03-10,0.0017
18-03-10,0.0019
19-03-10,0.001
20-03-10,0.0008
21-03-10,0.0008
22-03-10,0.0015
23-03-10,0.0018
24-03-10,0.0019
25-03-10,0.0022
26-03-10,0.0007
27-03-10,0.0015
28-03-10,0.0013
29-03-10,0.0012
30-03-10,0.0011
31-03-10,0.0015
01-04-10,0.0012
02-04-10,0.0021
03-04-10,0.0012
04-04-10,0.001
05-04-10,0.0021
06-04-10,0.003
07-04-10,0.0021
08-04-10,0.001
09-04-10,0.0018
10-04-10,0.0024
11-04-10,0.0011
12-04-10,0.0026
13-04-10,0.0026
14-04-10,0.0026
15-04-10,0.003
16-04-10,0.0016
17-04-10,0.0032
18-04-10,0.0033
19-04-10,0.0028
20-04-10,0.0026
21-04-10,0.0021
22-04-10,0.0017
23-04-10,0.0032
24-04-10,0.0036
25-04-10,0.0029
26-04-10,0.0024
27-04-10,0.0034
28-04-10,0.0036
29-04-10,0.0033
30-04-10,0.0012
01-05-10,0.0022
02-05-10,0.0007
03-05-10,0.0005
04-05-10,0.0032
05-05-10,0.0022
06-05-10,0.0025
07-05-10,0.0008
08-05-10,0.0013
09-05-10,0.0016
10-05-10,0.0025
11-05-10,0.0005
12-05-10,0.0006
13-05-10,0.0006
14-05-10,0.0011
15-05-10,0.0027
16-05-10,0.0034
17-05-10,0.002
18-05-10,0.0032
19-05-10,0.0043
20-05-10,0.0044
21-05-10,0.0039
22-05-10,0.0043
23-05-10,0.0043
24-05-10,0.0046
25-05-10,0.0038
26-05-10,0.0009
27-05-10,0.0029
28-05-10,0.004
29-05-10,0.0034
30-05-10,0.0016
31-05-10,0.0013
01-06-10,0.0027
02-06-10,0.0045
03-06-10,0.0051
04-06-10,0.0052
05-06-10,0.0051
06-06-10,0.0031
07-06-10,0.0025
08-06-10,0.0025
09-06-10,0.0014
10-06-10,0.0018
11-06-10,0.0036
12-06-10,0.0032
13-06-10,0.0026
14-06-10,0.0043
15-06-10,0.0043
16-06-10,0.005
17-06-10,0.0046
18-06-10,0.002
19-06-10,0.0026
20-06-10,0.0017
21-06-10,0.0042
22-06-10,0.0044
23-06-10,0.0053
24-06-10,0.0046
25-06-10,0.0045
26-06-10,0.0051
27-06-10,0.0055
28-06-10,0.0052
29-06-10,0.0049
30-06-10,0.0044
01-07-10,0.0045
02-07-10,0.0053
03-07-10,0.004
04-07-10,0.0041
05-07-10,0.0023
06-07-10,0.0038
07-07-10,0.0047
08-07-10,0.0052
09-07-10,0.0045
10-07-10,0.0047
11-07-10,0.0048
12-07-10,0.0033
13-07-10,0.0039
14-07-10,0.0045
15-07-10,0.0036
16-07-10,0.0036
17-07-10,0.0038
18-07-10,0.0049
19-07-10,0.005
20-07-10,0.0047
21-07-10,0.0031
22-07-10,0.0024
23-07-10,0.0027
24-07-10,0.004
25-07-10,0.0015
26-07-10,0.0014
27-07-10,0.003
28-07-10,0.0034
29-07-10,0.0024
30-07-10,0.0037
31-07-10,0.0025
01-08-10,0.0026
02-08-10,0.0017
03-08-10,0.0033
04-08-10,0.0018
05-08-10,0.0021
06-08-10,0.0036
07-08-10,0.0019
08-08-10,0.002
09-08-10,0.0024
10-08-10,0.0027
11-08-10,0.0031
12-08-10,0.0027
13-08-10,0.0027
14-08-10,0.0038
15-08-10,0.0015
16-08-10,0.0019
17-08-10,0.0007
18-08-10,0.0026
19-08-10,0.0022
20-08-10,0.0039
21-08-10,0.0026
22-08-10,0.0022
23-08-10,0.0017
24-08-10,0.0031
25-08-10,0.0023
26-08-10,0.0012
27-08-10,0.001
28-08-10,0.0022
29-08-10,0.0011
30-08-10,0.002
31-08-10,0.0023
01-09-10,0.0022
02-09-10,0.0017
03-09-10,0.0022
04-09-10,0.003
05-09-10,0.0027
06-09-10,0.003
07-09-10,0.0007
08-09-10,0.0015
09-09-10,0.0015
10-09-10,0.0009
11-09-10,0.003
12-09-10,0.0005
13-09-10,0.002
14-09-10,0.0006
15-09-10,0.0021
16-09-10,0.0017
17-09-10,0.0014
18-09-10,0.0017
19-09-10,0.0014
20-09-10,0.0013
21-09-10,0.0016
22-09-10,0.0025
23-09-10,0.002
24-09-10,0.0014
25-09-10,0.002
26-09-10,0.001
27-09-10,0.0003
28-09-10,0.0003
29-09-10,0.0015
30-09-10,0.0004
01-10-10,0.0017
02-10-10,0.0006
03-10-10,0.002
04-10-10,0.0013
05-10-10,0.0012
06-10-10,0.0007
07-10-10,0.0008
08-10-10,0.0006
09-10-10,0.0018
10-10-10,0.0018
11-10-10,0.0017
12-10-10,0.0009
13-10-10,0.0009
14-10-10,0.0004
15-10-10,0.0006
16-10-10,0.0004
17-10-10,0.001
18-10-10,0.001
19-10-10,0.0009
20-10-10,0.001
21-10-10,0.0013
22-10-10,0.001
23-10-10,0.0003
24-10-10,0.0009
25-10-10,0.0011
26-10-10,0.0006
27-10-10,0.0004
28-10-10,0.0004
29-10-10,0.0008
30-10-10,0.0003
31-10-10,0.0005
01-11-10,0.0002
02-11-10,0.0003
03-11-10,0.0004
04-11-10,0.0003
05-11-10,0.0002
06-11-10,0.0003
07-11-10,0.0003
08-11-10,0.0005
09-11-10,0.0002
10-11-10,0.0002
11-11-10,0.0002
12-11-10,0.0004
13-11-10,0.0001
14-11-10,0.0001
15-11-10,0.0004
16-11-10,0.0003
17-11-10,0.0003
18-11-10,0.0003
19-11-10,0.0004
20-11-10,0.0003
21-11-10,0.0005
22-11-10,0.0003
23-11-10,0.0003
24-11-10,0.0004
25-11-10,0.0002
26-11-10,0.0004
27-11-10,0.0003
28-11-10,0.0004
29-11-10,0
30-11-10,0.0002
01-12-10,0.0002
02-12-10,0.0001
03-12-10,0.0003
04-12-10,0.0002
05-12-10,0.0001
06-12-10,0.0002
07-12-10,0.0001
08-12-10,0.0001
09-12-10,0.0003
10-12-10,0.0002
11-12-10,0.0001
12-12-10,0.0002
13-12-10,0.0001
14-12-10,0.0001
15-12-10,0.0003
16-12-10,0
17-12-10,0.0002
18-12-10,0.0002
19-12-10,0.0001
20-12-10,0.0002
21-12-10,0.0001
22-12-10,0.0001
23-12-10,0.0001
24-12-10,0.0002
25-12-10,0.0004
26-12-10,0.0004
27-12-10,0.0002
28-12-10,0.0001
29-12-10,0.0002
30-12-10,0.0002
31-12-10,0.0002
01-01-11,0.0001
02-01-11,0.0004
03-01-11,0.0003
04-01-11,0.0003
05-01-11,0.0003
06-01-11,0.0001
07-01-11,0
08-01-11,0.0002
09-01-11,0.0004
10-01-11,0.0005
11-01-11,0.0001
12-01-11,0.0001
13-01-11,0.0001
14-01-11,0.0001
15-01-11,0.0002
16-01-11,0.0004
17-01-11,0.0003
18-01-11,0.0001
19-01-11,0.0004
20-01-11,0.0006
21-01-11,0.0002
22-01-11,0.0002
23-01-11,0.0001
24-01-11,0.0002
25-01-11,0.0004
26-01-11,0.0003
27-01-11,0.0005
28-01-11,0.0006
29-01-11,0.0006
30-01-11,0.0001
31-01-11,0.0001
01-02-11,0.0002
02-02-11,0.0002
03-02-11,0.0004
04-02-11,0.0001
05-02-11,0.0002
06-02-11,0.0003
07-02-11,0.001
08-02-11,0.0009
09-02-11,0.0009
10-02-11,0.0005
11-02-11,0.0004
12-02-11,0.0003
13-02-11,0.0007
14-02-11,0.0003
15-02-11,0.0007
16-02-11,0.001
17-02-11,0.0009
18-02-11,0.0001
19-02-11,0.0005
20-02-11,0.0006
21-02-11,0.001
22-02-11,0.0009
23-02-11,0.0005
24-02-11,0.0002
25-02-11,0.0003
26-02-11,0.0004
27-02-11,0.0002
28-02-11,0.0002
01-03-11,0.0009
02-03-11,0.0013
03-03-11,0.0013
04-03-11,0.0014
05-03-11,0.0006
06-03-11,0.0016
07-03-11,0.0015
08-03-11,0.0017
09-03-11,0.0006
10-03-11,0.0005
11-03-11,0.0013
12-03-11,0.0014
13-03-11,0.0008
14-03-11,0.0007
15-03-11,0.0018
16-03-11,0.001
17-03-11,0.0004
18-03-11,0.0003
19-03-11,0.0021
20-03-11,0.0019
21-03-11,0.0021
22-03-11,0.0021
23-03-11,0.002
24-03-11,0.0023
25-03-11,0.0018
26-03-11,0.0007
27-03-11,0.0022
28-03-11,0.002
29-03-11,0.0023
30-03-11,0.0012
31-03-11,0.0004
01-04-11,0.0008
02-04-11,0.0029
03-04-11,0.0009
04-04-11,0.0016
05-04-11,0.0007
06-04-11,0.0024
07-04-11,0.0024
08-04-11,0.0027
09-04-11,0.0029
10-04-11,0.0029
11-04-11,0.003
12-04-11,0.0021
13-04-11,0.0025
14-04-11,0.0014
15-04-11,0.0025
16-04-11,0.0022
17-04-11,0.0026
18-04-11,0.0034
19-04-11,0.0036
20-04-11,0.0036
21-04-11,0.0035
22-04-11,0.0033
23-04-11,0.0039
24-04-11,0.0039
25-04-11,0.004
26-04-11,0.0036
27-04-11,0.0013
28-04-11,0.0023
29-04-11,0.0032
30-04-11,0.0039
01-05-11,0.004
02-05-11,0.0037
03-05-11,0.0038
04-05-11,0.0028
05-05-11,0.0036
06-05-11,0.0036
07-05-11,0.0043
08-05-11,0.0041
09-05-11,0.0012
10-05-11,0.0037
11-05-11,0.0043
12-05-11,0.0031
13-05-11,0.0032
14-05-11,0.0031
15-05-11,0.0028
16-05-11,0.0012
17-05-11,0.0014
18-05-11,0.0026
19-05-11,0.0017
20-05-11,0.0035
21-05-11,0.0046
22-05-11,0.0029
23-05-11,0.0044
24-05-11,0.0041
25-05-11,0.0047
26-05-11,0.0026
27-05-11,0.0027
28-05-11,0.0031
29-05-11,0.0036
30-05-11,0.005
31-05-11,0.0011
01-06-11,0.0048
02-06-11,0.0051
03-06-11,0.0052
04-06-11,0.005
05-06-11,0.0028
06-06-11,0.0028
07-06-11,0.0025
08-06-11,0.0023
09-06-11,0.0038
10-06-11,0.0019
11-06-11,0.0026
12-06-11,0.0042
13-06-11,0.0025
14-06-11,0.003
15-06-11,0.0026
16-06-11,0.002
17-06-11,0.0028
18-06-11,0.0022
19-06-11,0.0018
20-06-11,0.0023
21-06-11,0.0033
22-06-11,0.0019
23-06-11,0.0024
24-06-11,0.0023
25-06-11,0.0007
26-06-11,0.0029
27-06-11,0.0057
28-06-11,0.0048
29-06-11,0.0019
30-06-11,0.0035
01-07-11,0.003
02-07-11,0.003
03-07-11,0.0041
04-07-11,0.0045
05-07-11,0.0048
06-07-11,0.0026
07-07-11,0.0044
08-07-11,0.0037
09-07-11,0.0028
10-07-11,0.0037
11-07-11,0.0038
12-07-11,0.0032
13-07-11,0.0006
14-07-11,0.0007
15-07-11,0.0042
16-07-11,0.0022
17-07-11,0.0035
18-07-11,0.0014
19-07-11,0.0026
20-07-11,0.0022
21-07-11,0.0017
22-07-11,0.0025
23-07-11,0.0025
24-07-11,0.0007
25-07-11,0.003
26-07-11,0.001
27-07-11,0.0024
28-07-11,0.0028
29-07-11,0.0019
30-07-11,0.0011
31-07-11,0.0016
01-08-11,0.0037
02-08-11,0.0043
03-08-11,0.0015
04-08-11,0.004
05-08-11,0.0027
06-08-11,0.0019
07-08-11,0.0035
08-08-11,0.0025
09-08-11,0.0025
10-08-11,0.0031
11-08-11,0.0035
12-08-11,0.0018
13-08-11,0.0012
14-08-11,0.0012
15-08-11,0.0026
16-08-11,0.0032
17-08-11,0.0029
18-08-11,0.0024
19-08-11,0.003
20-08-11,0.0035
21-08-11,0.0023
22-08-11,0.0023
23-08-11,0.0016
24-08-11,0.0019
25-08-11,0.0034
26-08-11,0.0009
27-08-11,0.0021
28-08-11,0.0022
29-08-11,0.0017
30-08-11,0.0011
31-08-11,0.0014
01-09-11,0.0033
02-09-11,0.003
03-09-11,0.0035
04-09-11,0.0015
05-09-11,0.0025
06-09-11,0.0011
07-09-11,0.0014
08-09-11,0.0006
09-09-11,0.0009
10-09-11,0.0022
11-09-11,0.0012
12-09-11,0.001
13-09-11,0.0023
14-09-11,0.0023
15-09-11,0.0016
16-09-11,0.0019
17-09-11,0.0012
18-09-11,0.0012
19-09-11,0.002
20-09-11,0.0013
21-09-11,0.0012
22-09-11,0.0015
23-09-11,0.0019
24-09-11,0.0022
25-09-11,0.0023
26-09-11,0.002
27-09-11,0.0015
28-09-11,0.0023
29-09-11,0.0024
30-09-11,0.0024
01-10-11,0.0022
02-10-11,0.0021
03-10-11,0.0021
04-10-11,0.0007
05-10-11,0.0007
06-10-11,0.0008
07-10-11,0.0011
08-10-11,0.001
09-10-11,0.0008
10-10-11,0.0009
11-10-11,0.0003
12-10-11,0.0003
13-10-11,0.0013
14-10-11,0.0015
15-10-11,0.0015
16-10-11,0.0015
17-10-11,0.0008
18-10-11,0.0004
19-10-11,0.001
20-10-11,0.0009
21-10-11,0.0012
22-10-11,0.0012
23-10-11,0.0013
24-10-11,0.0013
25-10-11,0.0003
26-10-11,0.0009
27-10-11,0.0011
28-10-11,0.0012
29-10-11,0.0005
30-10-11,0.0008
31-10-11,0.0012
01-11-11,0.0011
02-11-11,0.0009
03-11-11,0.0005
04-11-11,0.001
05-11-11,0.0008
06-11-11,0.0005
07-11-11,0.0001
08-11-11,0.0007
09-11-11,0.0008
10-11-11,0.0003
11-11-11,0.0004
12-11-11,0.0007
13-11-11,0.0002
14-11-11,0.0007
15-11-11,0.0006
16-11-11,0.0007
17-11-11,0.0005
18-11-11,0.0004
19-11-11,0.0006
20-11-11,0.0005
21-11-11,0.0003
22-11-11,0.0003
23-11-11,0.0001
24-11-11,0.0004
25-11-11,0.0001
26-11-11,0.0004
27-11-11,0.0001
28-11-11,0.0005
29-11-11,0.0004
30-11-11,0.0005
01-12-11,0.0002
02-12-11,0.0004
03-12-11,0.0001
04-12-11,0.0002
05-12-11,0.0003
06-12-11,0.0004
07-12-11,0.0004
08-12-11,0.0002
09-12-11,0.0004
10-12-11,0.0004
11-12-11,0.0003
12-12-11,0.0004
13-12-11,0.0002
14-12-11,0.0002
15-12-11,0.0001
16-12-11,0.0001
17-12-11,0.0004
18-12-11,0.0003
19-12-11,0.0003
20-12-11,0.0003
21-12-11,0.0001
22-12-11,0.0001
23-12-11,0.0001
24-12-11,0.0004
25-12-11,0.0001
26-12-11,0.0001
27-12-11,0.0001
28-12-11,0.0001
29-12-11,0.0002
30-12-11,0.0005
31-12-11,0.0001
01-01-12,0.0002
02-01-12,0.0003
03-01-12,0.0001
04-01-12,0.0003
05-01-12,0.0003
06-01-12,0.0003
07-01-12,0.0002
08-01-12,0.0002
09-01-12,0.0002
10-01-12,0.0004
11-01-12,0.0002
12-01-12,0.0001
13-01-12,0.0005
14-01-12,0.0004
15-01-12,0.0005
16-01-12,0.0006
17-01-12,0.0005
18-01-12,0.0002
19-01-12,0.0001
20-01-12,0.0003
21-01-12,0.0002
22-01-12,0.0002
23-01-12,0.0004
24-01-12,0.0003
25-01-12,0.0003
26-01-12,0.0002
27-01-12,0.0007
28-01-12,0.0003
29-01-12,0.0001
30-01-12,0.0002
31-01-12,0.0005
01-02-12,0.0006
02-02-12,0.0005
03-02-12,0.0002
04-02-12,0.0005
05-02-12,0.0006
06-02-12,0.0006
07-02-12,0.0005
08-02-12,0.0006
09-02-12,0.0002
10-02-12,0.0007
11-02-12,0.0006
12-02-12,0.0003
13-02-12,0.0004
14-02-12,0.0005
15-02-12,0.0005
16-02-12,0.0004
17-02-12,0.0004
18-02-12,0.0003
19-02-12,0.0008
20-02-12,0.0011
21-02-12,0.0008
22-02-12,0.001
23-02-12,0.0004
24-02-12,0.0002
25-02-12,0.001
26-02-12,0.0005
27-02-12,0.0008
28-02-12,0.0002
29-02-12,0.0004
01-03-12,0.0003
02-03-12,0.0005
03-03-12,0.0006
04-03-12,0.0008
05-03-12,0.0003
06-03-12,0.0008
07-03-12,0.0003
08-03-12,0.0012
09-03-12,0.0012
10-03-12,0.0004
11-03-12,0.0015
12-03-12,0.0011
13-03-12,0.0004
14-03-12,0.0006
15-03-12,0.002
16-03-12,0.001
17-03-12,0.001
18-03-12,0.0009
19-03-12,0.0015
20-03-12,0.0015
21-03-12,0.0022
22-03-12,0.0025
23-03-12,0.0025
24-03-12,0.0023
25-03-12,0.0025
26-03-12,0.0026
27-03-12,0.0023
28-03-12,0.0026
29-03-12,0.0014
30-03-12,0.0007
31-03-12,0.001
01-04-12,0.0018
02-04-12,0.0016
03-04-12,0.0018
04-04-12,0.0005
05-04-12,0.0009
06-04-12,0.0025
07-04-12,0.0014
08-04-12,0.0019
09-04-12,0.0007
10-04-12,0.0006
11-04-12,0.0016
12-04-12,0.0016
13-04-12,0.0017
14-04-12,0.002
15-04-12,0.0011
16-04-12,0.0024
17-04-12,0.0017
18-04-12,0.0019
19-04-12,0.0023
20-04-12,0.0018
21-04-12,0.0017
22-04-12,0.0015
23-04-12,0.0021
24-04-12,0.0018
25-04-12,0.0016
26-04-12,0.0018
27-04-12,0.0026
28-04-12,0.0015
29-04-12,0.0017
30-04-12,0.0033
01-05-12,0.002
02-05-12,0.0014
03-05-12,0.0012
04-05-12,0.0029
05-05-12,0.001
06-05-12,0.0011
07-05-12,0.0034
08-05-12,0.002
09-05-12,0.0022
10-05-12,0.0013
11-05-12,0.0015
12-05-12,0.0024
13-05-12,0.0031
14-05-12,0.0042
15-05-12,0.001
16-05-12,0.003
17-05-12,0.0038
18-05-12,0.0024
19-05-12,0.0037
20-05-12,0.0032
21-05-12,0.0036
22-05-12,0.0048
23-05-12,0.0042
24-05-12,0.0049
25-05-12,0.0053
26-05-12,0.0052
27-05-12,0.005
28-05-12,0.005
29-05-12,0.0031
30-05-12,0.0045
31-05-12,0.0021
01-06-12,0.0019
02-06-12,0.0041
03-06-12,0.0005
04-06-12,0.0006
05-06-12,0.0033
06-06-12,0.0018
07-06-12,0.0029
08-06-12,0.004
09-06-12,0.0025
10-06-12,0.0043
11-06-12,0.002
12-06-12,0.002
13-06-12,0.002
14-06-12,0.0042
15-06-12,0.001
16-06-12,0.002
17-06-12,0.0038
18-06-12,0.003
19-06-12,0.0031
20-06-12,0.0028
21-06-12,0.0029
22-06-12,0.0028
23-06-12,0.0036
24-06-12,0.0011
25-06-12,0.003
26-06-12,0.0044
27-06-12,0.0015
28-06-12,0.0042
29-06-12,0.0019
30-06-12,0.005
01-07-12,0.0033
02-07-12,0.004
03-07-12,0.0038
04-07-12,0.004
05-07-12,0.0038
06-07-12,0.0028
07-07-12,0.0042
08-07-12,0.0017
09-07-12,0.0017
10-07-12,0.0015
11-07-12,0.0021
12-07-12,0.0035
13-07-12,0.0019
14-07-12,0.0015
15-07-12,0.0029
16-07-12,0.0015
17-07-12,0.0022
18-07-12,0.0034
19-07-12,0.003
20-07-12,0.003
21-07-12,0.0027
22-07-12,0.0044
23-07-12,0.0048
24-07-12,0.0051
25-07-12,0.0049
26-07-12,0.0048
27-07-12,0.0039
28-07-12,0.0028
29-07-12,0.0036
30-07-12,0.0029
31-07-12,0.0015
01-08-12,0.0046
02-08-12,0.0028
03-08-12,0.0034
04-08-12,0.0034
05-08-12,0.0031
06-08-12,0.0024
07-08-12,0.003
08-08-12,0.0029
09-08-12,0.0032
10-08-12,0.0038
11-08-12,0.0034
12-08-12,0.0042
13-08-12,0.0023
14-08-12,0.0026
15-08-12,0.0036
16-08-12,0.0037
17-08-12,0.0039
18-08-12,0.0045
19-08-12,0.0041
20-08-12,0.0029
21-08-12,0.0025
22-08-12,0.0031
23-08-12,0.0033
24-08-12,0.003
25-08-12,0.0024
26-08-12,0.0014
27-08-12,0.0035
28-08-12,0.002
29-08-12,0.0034
30-08-12,0.0028
31-08-12,0.0014
01-09-12,0.0027
02-09-12,0.0025
03-09-12,0.0022
04-09-12,0.0032
05-09-12,0.0024
06-09-12,0.0018
07-09-12,0.0031
08-09-12,0.0031
09-09-12,0.0033
10-09-12,0.0025
11-09-12,0.0009
12-09-12,0.002
13-09-12,0.0014
14-09-12,0.0007
15-09-12,0.0018
16-09-12,0.0024
17-09-12,0.0017
18-09-12,0.0012
19-09-12,0.0021
20-09-12,0.0014
21-09-12,0.0013
22-09-12,0.0021
23-09-12,0.0008
24-09-12,0.0011
25-09-12,0.0012
26-09-12,0.0009
27-09-12,0.0013
28-09-12,0.0014
29-09-12,0.0016
30-09-12,0.0021
01-10-12,0.0019
02-10-12,0.0009
03-10-12,0.0006
04-10-12,0.0013
05-10-12,0.0006
06-10-12,0.0009
07-10-12,0.0015
08-10-12,0.0011
09-10-12,0.0013
10-10-12,0.0014
11-10-12,0.0016
12-10-12,0.0009
13-10-12,0.0005
14-10-12,0.0012
15-10-12,0.0016
16-10-12,0.0007
17-10-12,0.0006
18-10-12,0.001
19-10-12,0.0013
20-10-12,0.0006
21-10-12,0.0007
22-10-12,0.0013
23-10-12,0.001
24-10-12,0.0005
25-10-12,0.0003
26-10-12,0.0005
27-10-12,0.0009
28-10-12,0.0011
29-10-12,0.0003
30-10-12,0.0005
31-10-12,0.001
01-11-12,0.0003
02-11-12,0.0007
03-11-12,0.0003
04-11-12,0.0006
05-11-12,0.0003
06-11-12,0.0007
07-11-12,0.0002
08-11-12,0.0003
09-11-12,0.0003
10-11-12,0.0002
11-11-12,0.0008
12-11-12,0.0005
13-11-12,0.0002
14-11-12,0.0008
15-11-12,0.0003
16-11-12,0.0002
17-11-12,0.0003
18-11-12,0.0002
19-11-12,0.0002
20-11-12,0.0007
21-11-12,0.0003
22-11-12,0.0007
23-11-12,0.0001
24-11-12,0.0002
25-11-12,0.0004
26-11-12,0.0003
27-11-12,0.0003
28-11-12,0.0004
29-11-12,0.0004
30-11-12,0.0005
01-12-12,0.0004
02-12-12,0.0004
03-12-12,0.0001
04-12-12,0.0002
05-12-12,0.0003
06-12-12,0.0004
07-12-12,0.0001
08-12-12,0.0005
09-12-12,0.0001
10-12-12,0.0001
11-12-12,0.0004
12-12-12,0.0002
13-12-12,0.0002
14-12-12,0.0002
15-12-12,0.0003
16-12-12,0.0002
17-12-12,0.0001
18-12-12,0.0002
19-12-12,0.0001
20-12-12,0.0001
21-12-12,0.0001
22-12-12,0.0001
23-12-12,0.0001
24-12-12,0.0002
25-12-12,0.0002
26-12-12,0.0003
27-12-12,0.0003
28-12-12,0.0002
29-12-12,0.0004
30-12-12,0.0004
31-12-12,0.0002
01-01-13,0.0001
02-01-13,0.0004
03-01-13,0.0001
04-01-13,0.0001
05-01-13,0.0001
06-01-13,0.0002
07-01-13,0.0001
08-01-13,0.0001
09-01-13,0.0001
10-01-13,0.0004
11-01-13,0.0004
12-01-13,0.0004
13-01-13,0.0006
14-01-13,0.0003
15-01-13,0.0002
16-01-13,0.0001
17-01-13,0.0002
18-01-13,0.0004
19-01-13,0.0003
20-01-13,0.0002
21-01-13,0.0002
22-01-13,0.0003
23-01-13,0.0002
24-01-13,0.0003
25-01-13,0.0002
26-01-13,0.0002
27-01-13,0.0001
28-01-13,0.0004
29-01-13,0.0002
30-01-13,0.0004
31-01-13,0.0002
01-02-13,0.0001
02-02-13,0.0006
03-02-13,0.0003
04-02-13,0.0005
05-02-13,0.0005
06-02-13,0.0007
07-02-13,0.0006
08-02-13,0.0005
09-02-13,0.0003
10-02-13,0.0008
11-02-13,0.0004
12-02-13,0.0002
13-02-13,0.0006
14-02-13,0.0002
15-02-13,0.0004
16-02-13,0.0004
17-02-13,0.0009
18-02-13,0.0009
19-02-13,0.0003
20-02-13,0.0005
21-02-13,0.0005
22-02-13,0.0003
23-02-13,0.0004
24-02-13,0.0004
25-02-13,0.0002
26-02-13,0.0005
27-02-13,0.0001
28-02-13,0.0005
01-03-13,0.0004
02-03-13,0.0006
03-03-13,0.0005
04-03-13,0.0017
05-03-13,0.0017
06-03-13,0.0013
07-03-13,0.0007
08-03-13,0.0011
09-03-13,0.0002
10-03-13,0.0002
11-03-13,0.0003
12-03-13,0.0009
13-03-13,0.0009
14-03-13,0.0012
15-03-13,0.0006
16-03-13,0.001
17-03-13,0.0009
18-03-13,0.0019
19-03-13,0.0007
20-03-13,0.0003
21-03-13,0.001
22-03-13,0.0014
23-03-13,0.0007
24-03-13,0.0007
25-03-13,0.0017
26-03-13,0.002
27-03-13,0.002
28-03-13,0.0011
29-03-13,0.0006
30-03-13,0.0012
31-03-13,0.0009
01-04-13,0.0022
02-04-13,0.0024
03-04-13,0.0018
04-04-13,0.001
05-04-13,0.0005
06-04-13,0.0013
07-04-13,0.0023
08-04-13,0.0017
09-04-13,0.001
10-04-13,0.0014
11-04-13,0.0007
12-04-13,0.0016
13-04-13,0.002
14-04-13,0.0024
15-04-13,0.0017
16-04-13,0.0019
17-04-13,0.0025
18-04-13,0.0032
19-04-13,0.0015
20-04-13,0.003
21-04-13,0.0022
22-04-13,0.0033
23-04-13,0.0014
24-04-13,0.0036
25-04-13,0.0027
26-04-13,0.0004
27-04-13,0.0021
28-04-13,0.003
29-04-13,0.0012
30-04-13,0.0027
01-05-13,0.0037
02-05-13,0.0022
03-05-13,0.0031
04-05-13,0.0038
05-05-13,0.004
06-05-13,0.0037
07-05-13,0.003
08-05-13,0.0025
09-05-13,0.0038
10-05-13,0.0016
11-05-13,0.0016
12-05-13,0.0024
13-05-13,0.0012
14-05-13,0.0019
15-05-13,0.0021
16-05-13,0.0006
17-05-13,0.0005
18-05-13,0.001
19-05-13,0.0041
20-05-13,0.0011
21-05-13,0.0009
22-05-13,0.0011
23-05-13,0.0012
24-05-13,0.0027
25-05-13,0.0027
26-05-13,0.0014
27-05-13,0.0045
28-05-13,0.0042
29-05-13,0.0006
30-05-13,0.0015
31-05-13,0.0037
01-06-13,0.0017
02-06-13,0.0045
03-06-13,0.0032
04-06-13,0.0041
05-06-13,0.0048
06-06-13,0.0043
07-06-13,0.0052
08-06-13,0.005
09-06-13,0.0045
10-06-13,0.0036
11-06-13,0.0037
12-06-13,0.002
13-06-13,0.0013
14-06-13,0.0032
15-06-13,0.0039
16-06-13,0.0032
17-06-13,0.0038
18-06-13,0.0047
19-06-13,0.0029
20-06-13,0.0017
21-06-13,0.0016
22-06-13,0.0022
23-06-13,0.0019
24-06-13,0.0016
25-06-13,0.0028
26-06-13,0.0027
27-06-13,0.0023
28-06-13,0.0011
29-06-13,0.0033
30-06-13,0.003
01-07-13,0.0022
02-07-13,0.0039
03-07-13,0.0017
04-07-13,0.003
05-07-13,0.002
06-07-13,0.0049
07-07-13,0.0054
08-07-13,0.0052
09-07-13,0.0052
10-07-13,0.0037
11-07-13,0.0032
12-07-13,0.0023
13-07-13,0.0037
14-07-13,0.0028
15-07-13,0.0046
16-07-13,0.0044
17-07-13,0.0032
18-07-13,0.0052
19-07-13,0.0046
20-07-13,0.0023
21-07-13,0.0052
22-07-13,0.0051
23-07-13,0.0038
24-07-13,0.0029
25-07-13,0.0039
26-07-13,0.0024
27-07-13,0.0027
28-07-13,0.0028
29-07-13,0.004
30-07-13,0.0021
31-07-13,0.003
01-08-13,0.0051
02-08-13,0.005
03-08-13,0.0042
04-08-13,0.0041
05-08-13,0.0042
06-08-13,0.0022
07-08-13,0.0006
08-08-13,0.0033
09-08-13,0.0035
10-08-13,0.0025
11-08-13,0.0028
12-08-13,0.002
13-08-13,0.0027
14-08-13,0.0032
15-08-13,0.0019
16-08-13,0.0035
17-08-13,0.0029
18-08-13,0.0021
19-08-13,0.0022
20-08-13,0.0027
21-08-13,0.0033
22-08-13,0.0023
23-08-13,0.0037
24-08-13,0.0018
25-08-13,0.0014
26-08-13,0.003
27-08-13,0.0036
28-08-13,0.0029
29-08-13,0.0027
30-08-13,0.0027
31-08-13,0.0023
01-09-13,0.0019
02-09-13,0.002
03-09-13,0.0015
04-09-13,0.0034
05-09-13,0.0037
06-09-13,0.0027
07-09-13,0.001
08-09-13,0.0018
09-09-13,0.0022
10-09-13,0.0014
11-09-13,0.002
12-09-13,0.0017
13-09-13,0.0017
14-09-13,0.001
15-09-13,0.0017
16-09-13,0.002
17-09-13,0.0013
18-09-13,0.0014
19-09-13,0.0014
20-09-13,0.0008
21-09-13,0.0015
22-09-13,0.0012
23-09-13,0.0018
24-09-13,0.0012
25-09-13,0.0015
26-09-13,0.0016
27-09-13,0.0021
28-09-13,0.0021
29-09-13,0.0022
30-09-13,0.0022
01-10-13,0.002
02-10-13,0.0016
03-10-13,0.0019
04-10-13,0.0013
05-10-13,0.001
06-10-13,0.0011
07-10-13,0.0014
08-10-13,0.001
09-10-13,0.0007
10-10-13,0.0012
11-10-13,0.0002
12-10-13,0.0011
13-10-13,0.0002
14-10-13,0.0005
15-10-13,0.0004
16-10-13,0.0006
17-10-13,0.001
18-10-13,0.0004
19-10-13,0.0012
20-10-13,0.0009
21-10-13,0.0008
22-10-13,0.0014
23-10-13,0.0007
24-10-13,0.0014
25-10-13,0.0005
26-10-13,0.0012
27-10-13,0.0006
28-10-13,0.0006
29-10-13,0.0008
30-10-13,0.0011
31-10-13,0.001
01-11-13,0.0006
02-11-13,0.0002
03-11-13,0.0008
04-11-13,0.0003
05-11-13,0.0003
06-11-13,0.0004
07-11-13,0.0003
08-11-13,0.0004
09-11-13,0.0009
10-11-13,0.0006
11-11-13,0.0007
12-11-13,0.0002
13-11-13,0.0008
14-11-13,0.0002
15-11-13,0.0003
16-11-13,0.0002
17-11-13,0.0002
18-11-13,0.0001
19-11-13,0.0003
20-11-13,0.0005
21-11-13,0.0002
22-11-13,0.0002
23-11-13,0.0002
24-11-13,0.0003
25-11-13,0.0003
26-11-13,0.0003
27-11-13,0.0003
28-11-13,0.0002
29-11-13,0.0001
30-11-13,0.0003
01-12-13,0.0005
02-12-13,0.0005
03-12-13,0.0002
04-12-13,0.0002
05-12-13,0.0001
06-12-13,0.0002
07-12-13,0.0001
08-12-13,0.0003
09-12-13,0.0001
10-12-13,0.0005
11-12-13,0.0002
12-12-13,0.0002
13-12-13,0.0005
14-12-13,0.0003
15-12-13,0.0002
16-12-13,0.0004
17-12-13,0.0001
18-12-13,0.0004
19-12-13,0.0002
20-12-13,0.0005
21-12-13,0.0002
22-12-13,0.0002
23-12-13,0.0003
24-12-13,0.0001
25-12-13,0.0003
26-12-13,0.0003
27-12-13,0.0001
28-12-13,0.0004
29-12-13,0.0004
30-12-13,0.0004
31-12-13,0.0004
01-01-14,0.0004
02-01-14,0.0002
03-01-14,0.0003
04-01-14,0.0003
05-01-14,0.0005
06-01-14,0.0002
07-01-14,0.0005
08-01-14,0.0004
09-01-14,0.0001
10-01-14,0.0005
11-01-14,0.0003
12-01-14,0.0005
13-01-14,0.0005
14-01-14,0.0003
15-01-14,0.0001
16-01-14,0.0002
17-01-14,0.0002
18-01-14,0.0006
19-01-14,0.0004
20-01-14,0.0001
21-01-14,0.0001
22-01-14,0.0004
23-01-14,0.0001
24-01-14,0.0003
25-01-14,0.0003
26-01-14,0.0004
27-01-14,0.0003
28-01-14,0.0008
29-01-14,0.0005
30-01-14,0.0006
31-01-14,0.0008
01-02-14,0.0002
02-02-14,0.0008
03-02-14,0.0009
04-02-14,0.0007
05-02-14,0.0006
06-02-14,0.0007
07-02-14,0.0001
08-02-14,0.0002
09-02-14,0.0004
10-02-14,0.0004
11-02-14,0.0008
12-02-14,0.001
13-02-14,0.0002
14-02-14,0.0005
15-02-14,0.0009
16-02-14,0.001
17-02-14,0.0007
18-02-14,0.0004
19-02-14,0.0005
20-02-14,0.0004
21-02-14,0.0007
22-02-14,0.0007
23-02-14,0.0013
24-02-14,0.0013
25-02-14,0.0007
26-02-14,0.0013
27-02-14,0.0005
28-02-14,0.001
01-03-14,0.0007
02-03-14,0.0014
03-03-14,0.0005
04-03-14,0.0012
05-03-14,0.001
06-03-14,0.0016
07-03-14,0.0012
08-03-14,0.0019
09-03-14,0.0021
10-03-14,0.002
11-03-14,0.0016
12-03-14,0.0019
13-03-14,0.002
14-03-14,0.0018
15-03-14,0.0012
16-03-14,0.0008
17-03-14,0.0009
18-03-14,0.0004
19-03-14,0.002
20-03-14,0.0026
21-03-14,0.0006
22-03-14,0.001
23-03-14,0.0012
24-03-14,0.0017
25-03-14,0.0019
26-03-14,0.0015
27-03-14,0.0022
28-03-14,0.0023
29-03-14,0.0025
30-03-14,0.0021
31-03-14,0.002
01-04-14,0.0026
02-04-14,0.0023
03-04-14,0.0025
04-04-14,0.0007
05-04-14,0.0019
06-04-14,0.0013
07-04-14,0.0023
08-04-14,0.0017
09-04-14,0.0027
10-04-14,0.0017
11-04-14,0.0017
12-04-14,0.0024
13-04-14,0.002
14-04-14,0.0024
15-04-14,0.002
16-04-14,0.0031
17-04-14,0.0028
18-04-14,0.0027
19-04-14,0.0032
20-04-14,0.0028
21-04-14,0.0011
22-04-14,0.0029
23-04-14,0.0025
24-04-14,0.0024
25-04-14,0.0033
26-04-14,0.0027
27-04-14,0.0017
28-04-14,0.0023
29-04-14,0.001
30-04-14,0.0019
01-05-14,0.0025
02-05-14,0.0012
03-05-14,0.0028
04-05-14,0.003
05-05-14,0.0035
06-05-14,0.0018
07-05-14,0.0019
08-05-14,0.0008
09-05-14,0.0013
10-05-14,0.0008
11-05-14,0.0013
12-05-14,0.0012
13-05-14,0.0024
14-05-14,0.0028
15-05-14,0.002
16-05-14,0.0043
17-05-14,0.0042
18-05-14,0.0042
19-05-14,0.0044
20-05-14,0.0036
21-05-14,0.0024
22-05-14,0.0033
23-05-14,0.0029
24-05-14,0.0035
25-05-14,0.0041
26-05-14,0.002
27-05-14,0.0008
28-05-14,0.0006
29-05-14,0.0006
30-05-14,0.0031
31-05-14,0.0038
01-06-14,0.0035
02-06-14,0.0037
03-06-14,0.0037
04-06-14,0.0021
05-06-14,0.0021
06-06-14,0.005
07-06-14,0.0041
08-06-14,0.004
09-06-14,0.0038
10-06-14,0.0038
11-06-14,0.0044
12-06-14,0.0047
13-06-14,0.004
14-06-14,0.0027
15-06-14,0.0036
16-06-14,0.0021
17-06-14,0.0022
18-06-14,0.0031
19-06-14,0.0014
20-06-14,0.0022
21-06-14,0.0034
22-06-14,0.0037
23-06-14,0.0039
24-06-14,0.0036
25-06-14,0.0036
26-06-14,0.0038
27-06-14,0.0025
28-06-14,0.002
29-06-14,0.0022
30-06-14,0.0035
01-07-14,0.0035
02-07-14,0.0041
03-07-14,0.005
04-07-14,0.0037
05-07-14,0.002
06-07-14,0.0025
07-07-14,0.0043
08-07-14,0.0007
09-07-14,0.0004
10-07-14,0.004
11-07-14,0.0021
12-07-14,0.0033
13-07-14,0.002
14-07-14,0.0034
15-07-14,0.0018
16-07-14,0.0047
17-07-14,0.0041
18-07-14,0.0053
19-07-14,0.0046
20-07-14,0.0029
21-07-14,0.0013
22-07-14,0.0046
23-07-14,0.005
24-07-14,0.0048
25-07-14,0.0015
26-07-14,0.0025
27-07-14,0.0034
28-07-14,0.0021
29-07-14,0.0042
30-07-14,0.0035
31-07-14,0.0044
01-08-14,0.0041
02-08-14,0.0033
03-08-14,0.0039
04-08-14,0.0035
05-08-14,0.0036
06-08-14,0.0016
07-08-14,0.0026
08-08-14,0.0015
09-08-14,0.0036
10-08-14,0.002
11-08-14,0.0032
12-08-14,0.003
13-08-14,0.0036
14-08-14,0.0019
15-08-14,0.0014
16-08-14,0.0021
17-08-14,0.0014
18-08-14,0.002
19-08-14,0.0019
20-08-14,0.0023
21-08-14,0.0022
22-08-14,0.0017
23-08-14,0.0022
24-08-14,0.002
25-08-14,0.0013
26-08-14,0.0006
27-08-14,0.0036
28-08-14,0.0023
29-08-14,0.0027
30-08-14,0.0009
31-08-14,0.0018
01-09-14,0.0022
02-09-14,0.0029
03-09-14,0.0028
04-09-14,0.0031
05-09-14,0.0019
06-09-14,0.0013
07-09-14,0.0028
08-09-14,0.0028
09-09-14,0.0011
10-09-14,0.0016
11-09-14,0.0023
12-09-14,0.003
13-09-14,0.0025
14-09-14,0.0018
15-09-14,0.0024
16-09-14,0.0022
17-09-14,0.0027
18-09-14,0.0024
19-09-14,0.0012
20-09-14,0.0022
21-09-14,0.0018
22-09-14,0.0018
23-09-14,0.002
24-09-14,0.0008
25-09-14,0.0018
26-09-14,0.0006
27-09-14,0.0018
28-09-14,0.002
29-09-14,0.0009
30-09-14,0.0012
01-10-14,0.0017
02-10-14,0.0014
03-10-14,0.0017
04-10-14,0.002
05-10-14,0.0003
06-10-14,0.0005
07-10-14,0.001
08-10-14,0.0007
09-10-14,0.001
10-10-14,0.0014
11-10-14,0.0007
12-10-14,0.0014
13-10-14,0.001
14-10-14,0.0008
15-10-14,0.0009
16-10-14,0.0009
17-10-14,0.0011
18-10-14,0.0016
19-10-14,0.0013
20-10-14,0.001
21-10-14,0.0004
22-10-14,0.0007
23-10-14,0.0006
24-10-14,0.0004
25-10-14,0.0003
26-10-14,0.0007
27-10-14,0.0012
28-10-14,0.0013
29-10-14,0.0002
30-10-14,0.0005
31-10-14,0.0008
01-11-14,0.0011
02-11-14,0.0011
03-11-14,0.0005
04-11-14,0.0004
05-11-14,0.0005
06-11-14,0.0003
07-11-14,0.0003
08-11-14,0.0009
09-11-14,0.0007
10-11-14,0.0008
11-11-14,0.0005
12-11-14,0.0003
13-11-14,0.0008
14-11-14,0.0005
15-11-14,0.0002
16-11-14,0.0002
17-11-14,0.0007
18-11-14,0.0001
19-11-14,0.0002
20-11-14,0.0002
21-11-14,0.0006
22-11-14,0.0006
23-11-14,0.0006
24-11-14,0.0007
25-11-14,0.0005
26-11-14,0.0003
27-11-14,0.0002
28-11-14,0.0003
29-11-14,0.0005
30-11-14,0.0001
01-12-14,0.0001
02-12-14,0.0001
03-12-14,0.0001
04-12-14,0.0001
05-12-14,0.0001
06-12-14,0.0004
07-12-14,0.0001
08-12-14,0.0003
09-12-14,0.0002
10-12-14,0.0004
11-12-14,0.0001
12-12-14,0.0001
13-12-14,0.0002
14-12-14,0.0003
15-12-14,0.0002
16-12-14,0.0003
17-12-14,0.0001
18-12-14,0.0001
19-12-14,0.0002
20-12-14,0.0002
21-12-14,0.0001
22-12-14,0.0001
23-12-14,0.0002
24-12-14,0.0001
25-12-14,0.0002
26-12-14,0.0003
27-12-14,0.0001
28-12-14,0.0004
29-12-14,0.0004
30-12-14,0.0003
31-12-14,0.0003
01-01-15,0.0004
02-01-15,0.0003
03-01-15,0.0001
04-01-15,0.0004
05-01-15,0.0002
06-01-15,0.0003
07-01-15,0.0005
08-01-15,0.0001
09-01-15,0.0001
10-01-15,0.0001
11-01-15,0.0003
12-01-15,0.0001
13-01-15,0.0001
14-01-15,0.0002
15-01-15,0.0001
16-01-15,0.0004
17-01-15,0.0006
18-01-15,0.0002
19-01-15,0.0001
20-01-15,0.0003
21-01-15,0.0004
22-01-15,0.0001
23-01-15,0.0001
24-01-15,0.0004
25-01-15,0.0002
26-01-15,0.0001
27-01-15,0.0004
28-01-15,0.0001
29-01-15,0.0005
30-01-15,0.0003
31-01-15,0.0005
01-02-15,0.0002
02-02-15,0.0003
03-02-15,0.0005
04-02-15,0.0005
05-02-15,0.0004
06-02-15,0.0008
07-02-15,0.0006
08-02-15,0.0004
09-02-15,0.0002
10-02-15,0.0003
11-02-15,0.0003
12-02-15,0.0007
13-02-15,0.001
14-02-15,0.0008
15-02-15,0.001
16-02-15,0.001
17-02-15,0.0003
18-02-15,0.0004
19-02-15,0.0008
20-02-15,0.0002
21-02-15,0.0006
22-02-15,0.0005
23-02-15,0.0007
24-02-15,0.0007
25-02-15,0.0007
26-02-15,0.0005
27-02-15,0.001
28-02-15,0.0012
01-03-15,0.0009
02-03-15,0.0011
03-03-15,0.0004
04-03-15,0.0008
05-03-15,0.001
06-03-15,0.0006
07-03-15,0.0014
08-03-15,0.0019
09-03-15,0.0006
10-03-15,0.0015
11-03-15,0.0011
12-03-15,0.0019
13-03-15,0.0015
14-03-15,0.0006
15-03-15,0.0005
16-03-15,0.0015
17-03-15,0.0021
18-03-15,0.0018
19-03-15,0.0004
20-03-15,0.0005
21-03-15,0.0009
22-03-15,0.0011
23-03-15,0.0019
24-03-15,0.0017
25-03-15,0.0004
26-03-15,0.0008
27-03-15,0.0011
28-03-15,0.0007
29-03-15,0.0004
30-03-15,0.0016
31-03-15,0.0013
01-04-15,0.0017
02-04-15,0.0019
03-04-15,0.0015
04-04-15,0.0013
05-04-15,0.002
06-04-15,0.0012
07-04-15,0.0018
08-04-15,0.0017
09-04-15,0.0029
10-04-15,0.0031
11-04-15,0.001
12-04-15,0.003
13-04-15,0.0024
14-04-15,0.0033
15-04-15,0.0036
16-04-15,0.0031
17-04-15,0.0022
18-04-15,0.0032
19-04-15,0.0031
20-04-15,0.0036
21-04-15,0.0034
22-04-15,0.0029
23-04-15,0.0027
24-04-15,0.0034
25-04-15,0.0015
26-04-15,0.0017
27-04-15,0.003
28-04-15,0.0025
29-04-15,0.002
30-04-15,0.0027
01-05-15,0.003
02-05-15,0.0029
03-05-15,0.0013
04-05-15,0.0027
05-05-15,0.0029
06-05-15,0.0026
07-05-15,0.0018
08-05-15,0.003
09-05-15,0.002
10-05-15,0.0039
11-05-15,0.0041
12-05-15,0.0032
13-05-15,0.0039
14-05-15,0.0032
15-05-15,0.0041
16-05-15,0.0011
17-05-15,0.0031
18-05-15,0.002
19-05-15,0.0026
20-05-15,0.0031
21-05-15,0.0036
22-05-15,0.0039
23-05-15,0.0015
24-05-15,0.0041
25-05-15,0.0022
26-05-15,0.0025
27-05-15,0.0034
28-05-15,0.0028
29-05-15,0.0022
30-05-15,0.003
31-05-15,0.0013
01-06-15,0.0033
02-06-15,0.0011
03-06-15,0.0026
04-06-15,0.0049
05-06-15,0.005
06-06-15,0.0049
07-06-15,0.0045
08-06-15,0.0037
09-06-15,0.003
10-06-15,0.0048
11-06-15,0.0053
12-06-15,0.0048
13-06-15,0.0036
14-06-15,0.003
15-06-15,0.0046
16-06-15,0.0023
17-06-15,0.004
18-06-15,0.0034
19-06-15,0.0016
20-06-15,0.0018
21-06-15,0.0023
22-06-15,0.0012
23-06-15,0.0018
24-06-15,0.0027
25-06-15,0.0048
26-06-15,0.0035
27-06-15,0.0041
28-06-15,0.0032
29-06-15,0.0042
30-06-15,0.0053
01-07-15,0.0058
02-07-15,0.0053
03-07-15,0.005
04-07-15,0.0048
05-07-15,0.0038
06-07-15,0.0048
07-07-15,0.0028
08-07-15,0.0017
09-07-15,0.0037
10-07-15,0.0048
11-07-15,0.0049
12-07-15,0.0018
13-07-15,0.001
14-07-15,0.0015
15-07-15,0.0019
16-07-15,0.0048
17-07-15,0.0052
18-07-15,0.0043
19-07-15,0.0017
20-07-15,0.002
21-07-15,0.0042
22-07-15,0.0036
23-07-15,0.0038
24-07-15,0.0026
25-07-15,0.0011
26-07-15,0.0029
27-07-15,0.0017
28-07-15,0.0025
29-07-15,0.0024
30-07-15,0.0026
31-07-15,0.0037
01-08-15,0.0042
02-08-15,0.0043
03-08-15,0.0047
04-08-15,0.0011
05-08-15,0.0041
06-08-15,0.0045
07-08-15,0.0036
08-08-15,0.0035
09-08-15,0.0026
10-08-15,0.0026
11-08-15,0.0032
12-08-15,0.0034
13-08-15,0.004
14-08-15,0.0027
15-08-15,0.0014
16-08-15,0.0007
17-08-15,0.0007
18-08-15,0.0015
19-08-15,0.0025
20-08-15,0.0036
21-08-15,0.0037
22-08-15,0.0038
23-08-15,0.0032
24-08-15,0.0023
25-08-15,0.002
26-08-15,0.0032
27-08-15,0.0007
28-08-15,0.0031
29-08-15,0.0033
30-08-15,0.0031
31-08-15,0.003
01-09-15,0.0015
02-09-15,0.0018
03-09-15,0.0022
04-09-15,0.0019
05-09-15,0.0015
06-09-15,0.0018
07-09-15,0.0013
08-09-15,0.0013
09-09-15,0.0027
10-09-15,0.003
11-09-15,0.0029
12-09-15,0.0016
13-09-15,0.0015
14-09-15,0.0015
15-09-15,0.0016
16-09-15,0.0008
17-09-15,0.0005
18-09-15,0.0018
19-09-15,0.0013
20-09-15,0.0016
21-09-15,0.002
22-09-15,0.0007
23-09-15,0.0013
24-09-15,0.0009
25-09-15,0.0014
26-09-15,0.002
27-09-15,0.0021
28-09-15,0.0019
29-09-15,0.0022
30-09-15,0.0022
01-10-15,0.0021
02-10-15,0.0021
03-10-15,0.0014
04-10-15,0.0016
05-10-15,0.0011
06-10-15,0.0006
07-10-15,0.0005
08-10-15,0.0008
09-10-15,0.0016
10-10-15,0.0007
11-10-15,0.0015
12-10-15,0.0011
13-10-15,0.0004
14-10-15,0.0002
15-10-15,0.0002
16-10-15,0.0002
17-10-15,0.0005
18-10-15,0.0005
19-10-15,0.0003
20-10-15,0.0006
21-10-15,0.0007
22-10-15,0.0003
23-10-15,0.0009
24-10-15,0.0005
25-10-15,0.001
26-10-15,0.0013
27-10-15,0.0012
28-10-15,0.0006
29-10-15,0.001
30-10-15,0.001
31-10-15,0.0011
01-11-15,0.0011
02-11-15,0.001
03-11-15,0.0008
04-11-15,0.0005
05-11-15,0.0005
06-11-15,0.0004
07-11-15,0.0004
08-11-15,0.0007
09-11-15,0.0005
10-11-15,0.0002
11-11-15,0.0003
12-11-15,0.0004
13-11-15,0.0006
14-11-15,0.0005
15-11-15,0.0002
16-11-15,0.0002
17-11-15,0.0003
18-11-15,0.0005
19-11-15,0.0002
20-11-15,0.0002
21-11-15,0.0002
22-11-15,0.0005
23-11-15,0.0006
24-11-15,0.0001
25-11-15,0.0002
26-11-15,0.0006
27-11-15,0.0003
28-11-15,0.0005
29-11-15,0.0002
30-11-15,0.0001
01-12-15,0.0001
02-12-15,0.0003
03-12-15,0.0003
04-12-15,0.0006
05-12-15,0.0003
06-12-15,0.0004
07-12-15,0.0004
08-12-15,0.0005
09-12-15,0.0005
10-12-15,0.0004
11-12-15,0.0001
12-12-15,0.0002
13-12-15,0.0002
14-12-15,0.0004
15-12-15,0.0004
16-12-15,0.0001
17-12-15,0.0005
18-12-15,0.0002
19-12-15,0.0002
20-12-15,0.0003
21-12-15,0.0003
22-12-15,0.0001
23-12-15,0.0005
24-12-15,0.0004
25-12-15,0.0002
26-12-15,0.0004
27-12-15,0.0003
28-12-15,0.0005
29-12-15,0.0003
30-12-15,0.0005
31-12-15,0.0004
01-01-16,0.0003
02-01-16,0.0002
03-01-16,0.0003
04-01-16,0.0001
05-01-16,0.0002
06-01-16,0.0002
07-01-16,0.0001
08-01-16,0.0005
09-01-16,0.0003
10-01-16,0.0006
11-01-16,0.0001
12-01-16,0.0002
13-01-16,0.0002
14-01-16,0.0002
15-01-16,0.0001
16-01-16,0.0004
17-01-16,0.0006
18-01-16,0.0006
19-01-16,0.0005
20-01-16,0.0003
21-01-16,0.0003
22-01-16,0.0005
23-01-16,0.0002
24-01-16,0.0001
25-01-16,0.0008
26-01-16,0.0004
27-01-16,0.0001
28-01-16,0.0008
29-01-16,0.0002
30-01-16,0.0001
31-01-16,0.0003
01-02-16,0.0002
02-02-16,0.0003
03-02-16,0.0007
04-02-16,0.0002
05-02-16,0.0003
06-02-16,0.0004
07-02-16,0.0006
08-02-16,0.0008
09-02-16,0.0001
10-02-16,0.0005
11-02-16,0.0007
12-02-16,0.0007
13-02-16,0.0006
14-02-16,0.0002
15-02-16,0.0009
16-02-16,0.0011
17-02-16,0.0011
18-02-16,0.0007
19-02-16,0.0007
20-02-16,0.0002
21-02-16,0.0002
22-02-16,0.0003
23-02-16,0.0008
24-02-16,0.0011
25-02-16,0.0008
26-02-16,0.0006
27-02-16,0.0013
28-02-16,0.0012
29-02-16,0.0014
01-03-16,0.0004
02-03-16,0.0008
03-03-16,0.001
04-03-16,0.0002
05-03-16,0.0007
06-03-16,0.0008
07-03-16,0.0009
08-03-16,0.0011
09-03-16,0.0009
10-03-16,0.0016
11-03-16,0.0013
12-03-16,0.0017
13-03-16,0.0018
14-03-16,0.0019
15-03-16,0.0006
16-03-16,0.0015
17-03-16,0.002
18-03-16,0.0004
19-03-16,0.0006
20-03-16,0.0012
21-03-16,0.0008
22-03-16,0.0011
23-03-16,0.001
24-03-16,0.0006
25-03-16,0.0005
26-03-16,0.0025
27-03-16,0.0015
28-03-16,0.0013
29-03-16,0.0015
30-03-16,0.0016
31-03-16,0.001
01-04-16,0.0022
02-04-16,0.0015
03-04-16,0.0023
04-04-16,0.002
05-04-16,0.0009
06-04-16,0.001
07-04-16,0.0019
08-04-16,0.002
09-04-16,0.0028
10-04-16,0.0025
11-04-16,0.0033
12-04-16,0.0027
13-04-16,0.0017
14-04-16,0.0026
15-04-16,0.0014
16-04-16,0.0018
17-04-16,0.0022
18-04-16,0.0021
19-04-16,0.0021
20-04-16,0.0033
21-04-16,0.0036
22-04-16,0.0025
23-04-16,0.0019
24-04-16,0.0023
25-04-16,0.0011
26-04-16,0.0015
27-04-16,0.0022
28-04-16,0.0019
29-04-16,0.0014
30-04-16,0.0021
01-05-16,0.003
02-05-16,0.0034
03-05-16,0.0033
04-05-16,0.0037
05-05-16,0.0043
06-05-16,0.0043
07-05-16,0.0048
08-05-16,0.0049
09-05-16,0.0045
10-05-16,0.0019
11-05-16,0.0042
12-05-16,0.0048
13-05-16,0.0045
14-05-16,0.0025
15-05-16,0.0027
16-05-16,0.0021
17-05-16,0.0021
18-05-16,0.0021
19-05-16,0.0025
20-05-16,0.0014
21-05-16,0.0035
22-05-16,0.0012
23-05-16,0.0007
24-05-16,0.0023
25-05-16,0.0016
26-05-16,0.004
27-05-16,0.0034
28-05-16,0.004
29-05-16,0.0014
30-05-16,0.0006
31-05-16,0.0027
01-06-16,0.0018
02-06-16,0.0028
03-06-16,0.0026
04-06-16,0.004
05-06-16,0.0052
06-06-16,0.0048
07-06-16,0.0041
08-06-16,0.0043
09-06-16,0.0049
10-06-16,0.0043
11-06-16,0.0033
12-06-16,0.0019
13-06-16,0.0019
14-06-16,0.0026
15-06-16,0.0023
16-06-16,0.0034
17-06-16,0.002
18-06-16,0.0023
19-06-16,0.0032
20-06-16,0.0011
21-06-16,0.0015
22-06-16,0.0043
23-06-16,0.0042
24-06-16,0.0026
25-06-16,0.0014
26-06-16,0.003
27-06-16,0.0015
28-06-16,0.0034
29-06-16,0.0031
30-06-16,0.0016
01-07-16,0.0013
02-07-16,0.0033
03-07-16,0.0035
04-07-16,0.0036
05-07-16,0.0024
06-07-16,0.004
07-07-16,0.0036
08-07-16,0.0023
09-07-16,0.0033
10-07-16,0.0048
11-07-16,0.0031
12-07-16,0.0038
13-07-16,0.0023
14-07-16,0.003
15-07-16,0.0034
16-07-16,0.0023
17-07-16,0.0023
18-07-16,0.0044
19-07-16,0.0051
20-07-16,0.0048
21-07-16,0.0046
22-07-16,0.0032
23-07-16,0.0038
24-07-16,0.0028
25-07-16,0.0026
26-07-16,0.0033
27-07-16,0.0029
28-07-16,0.0021
29-07-16,0.0024
30-07-16,0.002
31-07-16,0.0026
01-08-16,0.0027
02-08-16,0.001
03-08-16,0.0007
04-08-16,0.0024
05-08-16,0.0033
06-08-16,0.0029
07-08-16,0.0029
08-08-16,0.0026
09-08-16,0.0026
10-08-16,0.0029
11-08-16,0.001
12-08-16,0.0024
13-08-16,0.0028
14-08-16,0.0027
15-08-16,0.0041
16-08-16,0.004
17-08-16,0.0043
18-08-16,0.0041
19-08-16,0.0026
20-08-16,0.0033
21-08-16,0.0016
22-08-16,0.0014
23-08-16,0.004
24-08-16,0.0043
25-08-16,0.0043
26-08-16,0.0037
27-08-16,0.0033
28-08-16,0.0032
29-08-16,0.0025
30-08-16,0.0036
31-08-16,0.0036
01-09-16,0.003
02-09-16,0.0026
03-09-16,0.0026
04-09-16,0.0019
05-09-16,0.0028
06-09-16,0.0031
07-09-16,0.0035
08-09-16,0.0033
09-09-16,0.0029
10-09-16,0.0032
11-09-16,0.0013
12-09-16,0.0032
13-09-16,0.0032
14-09-16,0.0032
15-09-16,0.0029
16-09-16,0.0022
17-09-16,0.0011
18-09-16,0.0014
19-09-16,0.0021
20-09-16,0.0019
21-09-16,0.0024
22-09-16,0.0019
23-09-16,0.0021
24-09-16,0.0025
25-09-16,0.0023
26-09-16,0.0018
27-09-16,0.0024
28-09-16,0.0021
29-09-16,0.0009
30-09-16,0.0017
01-10-16,0.0013
02-10-16,0.0011
03-10-16,0.0017
04-10-16,0.0015
05-10-16,0.002
06-10-16,0.0011
07-10-16,0.0006
08-10-16,0.0013
09-10-16,0.0015
10-10-16,0.0015
11-10-16,0.0009
12-10-16,0.0005
13-10-16,0.0012
14-10-16,0.0012
15-10-16,0.0006
16-10-16,0.0016
17-10-16,0.001
18-10-16,0.0006
19-10-16,0.0007
20-10-16,0.0003
21-10-16,0.0009
22-10-16,0.0006
23-10-16,0.0006
24-10-16,0.0002
25-10-16,0.0003
26-10-16,0.0009
27-10-16,0.0004
28-10-16,0.0002
29-10-16,0.001
30-10-16,0.001
31-10-16,0.0011
01-11-16,0.0006
02-11-16,0.0008
03-11-16,0.0006
04-11-16,0.0007
05-11-16,0.0004
06-11-16,0.0004
07-11-16,0.0001
08-11-16,0.0005
09-11-16,0.0002
10-11-16,0.0001
11-11-16,0.0004
12-11-16,0.0003
13-11-16,0.0002
14-11-16,0.0003
15-11-16,0.0001
16-11-16,0.0003
17-11-16,0.0004
18-11-16,0.0005
19-11-16,0.0004
20-11-16,0.0002
21-11-16,0.0002
22-11-16,0.0005
23-11-16,0.0003
24-11-16,0.0004
25-11-16,0.0006
26-11-16,0.0004
27-11-16,0.0004
28-11-16,0.0006
29-11-16,0.0006
30-11-16,0.0005
01-12-16,0.0002
02-12-16,0.0002
03-12-16,0.0004
04-12-16,0.0005
05-12-16,0.0004
06-12-16,0.0005
07-12-16,0.0002
08-12-16,0.0004
09-12-16,0.0003
10-12-16,0.0001
11-12-16,0.0003
12-12-16,0.0002
13-12-16,0.0001
14-12-16,0.0003
15-12-16,0.0001
16-12-16,0.0004
17-12-16,0.0002
18-12-16,0.0003
19-12-16,0.0004
20-12-16,0.0004
21-12-16,0.0002
22-12-16,0.0001
23-12-16,0.0003
24-12-16,0.0003
25-12-16,0.0001
26-12-16,0.0004
27-12-16,0.0004
28-12-16,0.0002
29-12-16,0.0003
30-12-16,0.0004
31-12-16,0.0001
01-01-17,0.0001
02-01-17,0.0004
03-01-17,0.0002
04-01-17,0.0003
05-01-17,0.0004
06-01-17,0.0005
07-01-17,0.0001
08-01-17,0.0002
09-01-17,0.0002
10-01-17,0.0002
11-01-17,0.0002
12-01-17,0.0004
13-01-17,0.0004
14-01-17,0.0003
15-01-17,0.0004
16-01-17,0.0001
17-01-17,0.0005
18-01-17,0.0003
19-01-17,0.0006
20-01-17,0.0005
21-01-17,0.0006
22-01-17,0.0005
23-01-17,0.0002
24-01-17,0.0002
25-01-17,0.0003
26-01-17,0.0006
27-01-17,0.0004
28-01-17,0.0005
29-01-17,0.0005
30-01-17,0.0002
31-01-17,0.0003
01-02-17,0.0004
02-02-17,0.0007
03-02-17,0.0004
04-02-17,0.0003
05-02-17,0.0007
06-02-17,0.0005
07-02-17,0.0002
08-02-17,0.0002
09-02-17,0.0003
10-02-17,0.0002
11-02-17,0.0002
12-02-17,0.0005
13-02-17,0.001
14-02-17,0.001
15-02-17,0.0011
16-02-17,0.0007
17-02-17,0.0004
18-02-17,0.0008
19-02-17,0.0003
20-02-17,0.0002
21-02-17,0.0013
22-02-17,0.0002
23-02-17,0.0004
24-02-17,0.0008
25-02-17,0.0006
26-02-17,0.0004
27-02-17,0.0005
28-02-17,0.0006
01-03-17,0.0008
02-03-17,0.0004
03-03-17,0.0007
04-03-17,0.0008
05-03-17,0.0011
06-03-17,0.0006
07-03-17,0.0007
08-03-17,0.0002
09-03-17,0.0007
10-03-17,0.0017
11-03-17,0.0012
12-03-17,0.002
13-03-17,0.0014
14-03-17,0.0018
15-03-17,0.0018
16-03-17,0.0021
17-03-17,0.0012
18-03-17,0.0006
19-03-17,0.0005
20-03-17,0.0005
21-03-17,0.0017
22-03-17,0.0019
23-03-17,0.0023
24-03-17,0.0022
25-03-17,0.0024
26-03-17,0.0022
27-03-17,0.0027
28-03-17,0.0027
29-03-17,0.0009
30-03-17,0.0027
31-03-17,0.0024
01-04-17,0.001
02-04-17,0.0024
03-04-17,0.0018
04-04-17,0.0022
05-04-17,0.0013
06-04-17,0.001
07-04-17,0.0013
08-04-17,0.0023
09-04-17,0.0033
10-04-17,0.0018
11-04-17,0.0019
12-04-17,0.001
13-04-17,0.002
14-04-17,0.0007
15-04-17,0.0017
16-04-17,0.0015
17-04-17,0.0022
18-04-17,0.0023
19-04-17,0.0023
20-04-17,0.003
21-04-17,0.0012
22-04-17,0.002
23-04-17,0.0019
24-04-17,0.0021
25-04-17,0.0028
26-04-17,0.0026
27-04-17,0.0021
28-04-17,0.0017
29-04-17,0.0024
30-04-17,0.0038
01-05-17,0.0012
02-05-17,0.0013
03-05-17,0.0014
04-05-17,0.0018
05-05-17,0.001
06-05-17,0.0039
07-05-17,0.0015
08-05-17,0.0015
09-05-17,0.0032
10-05-17,0.0039
11-05-17,0.0035
12-05-17,0.0028
13-05-17,0.003
14-05-17,0.003
15-05-17,0.0044
16-05-17,0.003
17-05-17,0.0051
18-05-17,0.0014
19-05-17,0.0013
20-05-17,0.0032
21-05-17,0.0038
22-05-17,0.0046
23-05-17,0.0044
24-05-17,0.0034
25-05-17,0.0048
26-05-17,0.0054
27-05-17,0.0056
28-05-17,0.0043
29-05-17,0.0045
30-05-17,0.0031
31-05-17,0.0035
01-06-17,0.0051
02-06-17,0.0042
03-06-17,0.0028
04-06-17,0.0039
05-06-17,0.0038
06-06-17,0.0027
07-06-17,0.0026
08-06-17,0.0032
09-06-17,0.0029
10-06-17,0.0047
11-06-17,0.0033
12-06-17,0.002
13-06-17,0.0027
14-06-17,0.0053
15-06-17,0.0046
16-06-17,0.0025
17-06-17,0.002
18-06-17,0.0047
19-06-17,0.0057
20-06-17,0.0052
21-06-17,0.0052
22-06-17,0.0046
23-06-17,0.0037
24-06-17,0.0012
25-06-17,0.0018
26-06-17,0.0048
27-06-17,0.0017
28-06-17,0.0015
29-06-17,0.0024
30-06-17,0.0029
01-07-17,0.0012
02-07-17,0.0029
03-07-17,0.0036
04-07-17,0.0026
05-07-17,0.0041
06-07-17,0.004
07-07-17,0.0043
08-07-17,0.0036
09-07-17,0.0048
10-07-17,0.0037
11-07-17,0.0023
12-07-17,0.0016
13-07-17,0.0035
14-07-17,0.0025
15-07-17,0.0029
16-07-17,0.0017
17-07-17,0.0048
18-07-17,0.0051
19-07-17,0.0036
20-07-17,0.003
21-07-17,0.0049
22-07-17,0.0035
23-07-17,0.0023
24-07-17,0.0026
25-07-17,0.0017
26-07-17,0.0037
27-07-17,0.0028
28-07-17,0.0022
29-07-17,0.0021
30-07-17,0.0034
31-07-17,0.0041
01-08-17,0.0022
02-08-17,0.0024
03-08-17,0.0028
04-08-17,0.0024
05-08-17,0.0019
06-08-17,0.0038
07-08-17,0.004
08-08-17,0.0009
09-08-17,0.0031
10-08-17,0.0007
11-08-17,0.0024
12-08-17,0.0016
13-08-17,0.0029
14-08-17,0.004
15-08-17,0.0016
16-08-17,0.0027
17-08-17,0.001
18-08-17,0.0018
19-08-17,0.0024
20-08-17,0.0029
21-08-17,0.0032
22-08-17,0.0033
23-08-17,0.0035
24-08-17,0.0026
25-08-17,0.0031
26-08-17,0.0032
27-08-17,0.0035
28-08-17,0.0035
29-08-17,0.0037
30-08-17,0.0016
31-08-17,0.0021
01-09-17,0.0018
02-09-17,0.0029
03-09-17,0.0026
04-09-17,0.0023
05-09-17,0.0018
06-09-17,0.0018
07-09-17,0.0016
08-09-17,0.0005
09-09-17,0.0018
10-09-17,0.0021
11-09-17,0.0019
12-09-17,0.0025
13-09-17,0.0021
14-09-17,0.0011
15-09-17,0.0018
16-09-17,0.0013
17-09-17,0.002
18-09-17,0.0012
19-09-17,0.0012
20-09-17,0.0019
21-09-17,0.0021
22-09-17,0.0016
23-09-17,0.0018
24-09-17,0.0022
25-09-17,0.0014
26-09-17,0.0012
27-09-17,0.002
28-09-17,0.0013
29-09-17,0.002
30-09-17,0.0005
01-10-17,0.0016
02-10-17,0.0015
03-10-17,0.0014
04-10-17,0.001
05-10-17,0.0012
06-10-17,0.0015
07-10-17,0.0003
08-10-17,0.0011
09-10-17,0.0005
10-10-17,0.0008
11-10-17,0.0007
12-10-17,0.0012
13-10-17,0.0013
14-10-17,0.0018
15-10-17,0.0018
16-10-17,0.0017
17-10-17,0.0008
18-10-17,0.0014
19-10-17,0.0014
20-10-17,0.0006
21-10-17,0.0009
22-10-17,0.0006
23-10-17,0.0011
24-10-17,0.0003
25-10-17,0.0004
26-10-17,0.0008
27-10-17,0.0011
28-10-17,0.0004
29-10-17,0.001
30-10-17,0.001
31-10-17,0.0004
01-11-17,0.0008
02-11-17,0.0005
03-11-17,0.0005
04-11-17,0.0008
05-11-17,0.0006
06-11-17,0.0009
07-11-17,0.0006
08-11-17,0.0001
09-11-17,0.0005
10-11-17,0.0004
11-11-17,0.0003
12-11-17,0.0004
13-11-17,0.0008
14-11-17,0.0004
15-11-17,0.0002
16-11-17,0.0002
17-11-17,0.0006
18-11-17,0.0004
19-11-17,0.0006
20-11-17,0.0001
21-11-17,0.0001
22-11-17,0.0006
23-11-17,0.0003
24-11-17,0.0004
25-11-17,0.0004
26-11-17,0.0004
27-11-17,0.0001
28-11-17,0.0005
29-11-17,0.0002
30-11-17,0.0003
01-12-17,0.0002
02-12-17,0.0001
03-12-17,0.0001
04-12-17,0.0003
05-12-17,0.0001
06-12-17,0.0002
07-12-17,0.0001
08-12-17,0.0001
09-12-17,0.0002
10-12-17,0.0001
11-12-17,0.0001
12-12-17,0.0003
13-12-17,0.0001
14-12-17,0.0002
15-12-17,0.0002
16-12-17,0.0004
17-12-17,0.0005
18-12-17,0.0002
19-12-17,0.0002
20-12-17,0.0001
21-12-17,0.0001
22-12-17,0.0001
23-12-17,0.0001
24-12-17,0.0001
25-12-17,0.0001
26-12-17,0.0003
27-12-17,0.0002
28-12-17,0.0004
29-12-17,0.0002
30-12-17,0.0001
31-12-17,0.0002
01-01-18,0.0003
02-01-18,0.0002
03-01-18,0.0001
04-01-18,0.0001
05-01-18,0.0003
06-01-18,0.0002
07-01-18,0.0004
08-01-18,0.0003
09-01-18,0.0003
10-01-18,0.0002
11-01-18,0.0002
12-01-18,0.0001
13-01-18,0.0001
14-01-18,0.0005
15-01-18,0.0001
16-01-18,0.0003
17-01-18,0.0002
18-01-18,0.0002
19-01-18,0.0003
20-01-18,0.0001
21-01-18,0.0005
22-01-18,0.0004
23-01-18,0.0004
24-01-18,0.0003
25-01-18,0.0003
26-01-18,0.0005
27-01-18,0.0005
28-01-18,0.0004
29-01-18,0.0002
30-01-18,0.0006
31-01-18,0.0001
01-02-18,0.0003
02-02-18,0.0004
03-02-18,0.0005
04-02-18,0.0003
05-02-18,0.0008
06-02-18,0.0005
07-02-18,0.0008
08-02-18,0.0009
09-02-18,0.0005
10-02-18,0.0004
11-02-18,0.0006
12-02-18,0.0008
13-02-18,0.001
14-02-18,0.0011
15-02-18,0.0002
16-02-18,0.0011
17-02-18,0.0007
18-02-18,0.001
19-02-18,0.0005
20-02-18,0.0007
21-02-18,0.001
22-02-18,0.0012
23-02-18,0.0011
24-02-18,0.0011
25-02-18,0.0012
26-02-18,0.0007
27-02-18,0.001
28-02-18,0.0009
01-03-18,0.0008
02-03-18,0.0006
03-03-18,0.0008
04-03-18,0.0011
05-03-18,0.0015
06-03-18,0.001
07-03-18,0.0007
08-03-18,0.0006
09-03-18,0.0012
10-03-18,0.0009
11-03-18,0.0008
12-03-18,0.0011
13-03-18,0.0003
14-03-18,0.0018
15-03-18,0.0011
16-03-18,0.0003
17-03-18,0.0004
18-03-18,0.0006
19-03-18,0.0017
20-03-18,0.002
21-03-18,0.0011
22-03-18,0.0005
23-03-18,0.0006
24-03-18,0.0018
25-03-18,0.0017
26-03-18,0.0015
27-03-18,0.0009
28-03-18,0.0005
29-03-18,0.0014
30-03-18,0.0022
31-03-18,0.0017
01-04-18,0.0004
02-04-18,0.0012
03-04-18,0.0021
04-04-18,0.0011
05-04-18,0.0014
06-04-18,0.0028
07-04-18,0.0029
08-04-18,0.0026
09-04-18,0.0016
10-04-18,0.0017
11-04-18,0.001
12-04-18,0.0014
13-04-18,0.0014
14-04-18,0.0027
15-04-18,0.0019
16-04-18,0.0027
17-04-18,0.0034
18-04-18,0.0038
19-04-18,0.0042
20-04-18,0.0039
21-04-18,0.0038
22-04-18,0.0035
23-04-18,0.0031
24-04-18,0.0013
25-04-18,0.0017
26-04-18,0.0025
27-04-18,0.0026
28-04-18,0.0015
29-04-18,0.0013
30-04-18,0.0012
01-05-18,0.0028
02-05-18,0.0035
03-05-18,0.0036
04-05-18,0.004
05-05-18,0.0044
06-05-18,0.0047
07-05-18,0.0048
08-05-18,0.0048
09-05-18,0.0041
10-05-18,0.0022
11-05-18,0.0033
12-05-18,0.004
13-05-18,0.0009
14-05-18,0.004
15-05-18,0.0047
16-05-18,0.0029
17-05-18,0.0043
18-05-18,0.003
19-05-18,0.0019
20-05-18,0.0046
21-05-18,0.0046
22-05-18,0.0032
23-05-18,0.0033
24-05-18,0.0027
25-05-18,0.0042
26-05-18,0.0046
27-05-18,0.0026
28-05-18,0.005
29-05-18,0.0039
30-05-18,0.0044
31-05-18,0.0029
01-06-18,0.0007
02-06-18,0.0023
03-06-18,0.0035
04-06-18,0.0044
05-06-18,0.0022
06-06-18,0.0054
07-06-18,0.0041
08-06-18,0.0019
09-06-18,0.0045
10-06-18,0.0049
11-06-18,0.0045
12-06-18,0.0022
13-06-18,0.0027
14-06-18,0.0025
15-06-18,0.0041
16-06-18,0.0034
17-06-18,0.0019
18-06-18,0.0016
19-06-18,0.0017
20-06-18,0.0042
21-06-18,0.0035
22-06-18,0.0022
23-06-18,0.0023
24-06-18,0.0025
25-06-18,0.0037
26-06-18,0.0048
27-06-18,0.0052
28-06-18,0.0052
29-06-18,0.0056
30-06-18,0.0057
01-07-18,0.0057
02-07-18,0.0057
03-07-18,0.0056
04-07-18,0.0046
05-07-18,0.0049
06-07-18,0.0039
07-07-18,0.005
08-07-18,0.0051
09-07-18,0.0034
10-07-18,0.0023
11-07-18,0.0035
12-07-18,0.005
13-07-18,0.0044
14-07-18,0.0053
15-07-18,0.0054
16-07-18,0.0052
17-07-18,0.0047
18-07-18,0.0036
19-07-18,0.0041
20-07-18,0.0047
21-07-18,0.005
22-07-18,0.0044
23-07-18,0.0049
24-07-18,0.0046
25-07-18,0.0041
26-07-18,0.0048
27-07-18,0.0055
28-07-18,0.003
29-07-18,0.0034
30-07-18,0.0045
31-07-18,0.0038
01-08-18,0.0041
02-08-18,0.0046
03-08-18,0.005
04-08-18,0.0041
05-08-18,0.0048
06-08-18,0.0049
07-08-18,0.0049
08-08-18,0.0022
09-08-18,0.0015
10-08-18,0.0033
11-08-18,0.0036
12-08-18,0.0036
13-08-18,0.0016
14-08-18,0.0026
15-08-18,0.002
16-08-18,0.0031
17-08-18,0.0032
18-08-18,0.0026
19-08-18,0.0033
20-08-18,0.0014
21-08-18,0.0033
22-08-18,0.0035
23-08-18,0.0025
24-08-18,0.0027
25-08-18,0.0024
26-08-18,0.0027
27-08-18,0.0018
28-08-18,0.0026
29-08-18,0.0016
30-08-18,0.0027
31-08-18,0.0025
01-09-18,0.0029
02-09-18,0.0034
03-09-18,0.0013
04-09-18,0.0026
05-09-18,0.002
06-09-18,0.0014
07-09-18,0.0024
08-09-18,0.0018
09-09-18,0.0028
10-09-18,0.0016
11-09-18,0.0029
12-09-18,0.0008
13-09-18,0.0025
14-09-18,0.0024
15-09-18,0.0021
16-09-18,0.0024
17-09-18,0.003
18-09-18,0.003
19-09-18,0.0028
20-09-18,0.0026
21-09-18,0.0016
22-09-18,0.0011
23-09-18,0.0004
24-09-18,0.0018
25-09-18,0.002
26-09-18,0.0022
27-09-18,0.0025
28-09-18,0.0014
29-09-18,0.002
30-09-18,0.0017
01-10-18,0.0015
02-10-18,0.0007
03-10-18,0.0017
04-10-18,0.0015
05-10-18,0.0021
06-10-18,0.0021
07-10-18,0.0017
08-10-18,0.0016
09-10-18,0.0018
10-10-18,0.002
11-10-18,0.0015
12-10-18,0.0019
13-10-18,0.002
14-10-18,0.0019
15-10-18,0.0015
16-10-18,0.0014
17-10-18,0.0016
18-10-18,0.0005
19-10-18,0.0015
20-10-18,0.0012
21-10-18,0.0012
22-10-18,0.0011
23-10-18,0.0005
24-10-18,0.0004
25-10-18,0.0004
26-10-18,0.0004
27-10-18,0.001
28-10-18,0.0009
29-10-18,0.0002
30-10-18,0.0004
31-10-18,0.001
01-11-18,0.0004
02-11-18,0.001
03-11-18,0.0008
04-11-18,0.001
05-11-18,0.0005
06-11-18,0.001
07-11-18,0.0006
08-11-18,0.001
09-11-18,0.0006
10-11-18,0.0002
11-11-18,0.0003
12-11-18,0.0002
13-11-18,0.0007
14-11-18,0.0008
15-11-18,0.0008
16-11-18,0.0006
17-11-18,0.0007
18-11-18,0.0007
19-11-18,0.0003
20-11-18,0.0002
21-11-18,0.0004
22-11-18,0.0002
23-11-18,0.0005
24-11-18,0.0001
25-11-18,0.0001
26-11-18,0.0002
27-11-18,0.0002
28-11-18,0.0002
29-11-18,0.0002
30-11-18,0.0004
01-12-18,0.0004
02-12-18,0.0001
03-12-18,0.0003
04-12-18,0.0005
05-12-18,0.0002
06-12-18,0.0001
07-12-18,0.0001
08-12-18,0.0002
09-12-18,0.0003
10-12-18,0.0003
11-12-18,0.0004
12-12-18,0.0002
13-12-18,0.0004
14-12-18,0.0002
15-12-18,0.0001
16-12-18,0.0001
17-12-18,0.0001
18-12-18,0.0004
19-12-18,0.0003
20-12-18,0.0001
21-12-18,0.0001
22-12-18,0.0002
23-12-18,0.0001
24-12-18,0.0005
25-12-18,0.0003
26-12-18,0.0002
27-12-18,0.0003
28-12-18,0.0001
29-12-18,0.0001
30-12-18,0.0002
31-12-18,0.0001
01-01-19,0.0002
02-01-19,0.0003
03-01-19,0.0003
04-01-19,0.0001
05-01-19,0.0001
06-01-19,0.0003
07-01-19,0.0001
08-01-19,0.0002
09-01-19,0.0005
10-01-19,0.0002
11-01-19,0.0002
12-01-19,0.0001
13-01-19,0.0001
14-01-19,0.0004
15-01-19,0.0002
16-01-19,0.0002
17-01-19,0.0002
18-01-19,0.0005
19-01-19,0.0005
20-01-19,0.0005
21-01-19,0.0006
22-01-19,0.0002
23-01-19,0.0004
24-01-19,0.0002
25-01-19,0.0002
26-01-19,0.0002
27-01-19,0.0002
28-01-19,0.0003
29-01-19,0.0006
30-01-19,0.0003
31-01-19,0.0002
01-02-19,0.0002
02-02-19,0.0002
03-02-19,0.0007
04-02-19,0.0003
05-02-19,0.0002
06-02-19,0.0002
07-02-19,0.0008
08-02-19,0.0002
09-02-19,0.0006
10-02-19,0.0002
11-02-19,0.0006
12-02-19,0.0006
13-02-19,0.0004
14-02-19,0.0011
15-02-19,0.0012
16-02-19,0.0012
17-02-19,0.0012
18-02-19,0.0013
19-02-19,0.0009
20-02-19,0.001
21-02-19,0.0006
22-02-19,0.0004
23-02-19,0.0014
24-02-19,0.0015
25-02-19,0.0016
26-02-19,0.0016
27-02-19,0.0017
28-02-19,0.0009
01-03-19,0.0003
02-03-19,0.0007
03-03-19,0.0003
04-03-19,0.0009
05-03-19,0.001
06-03-19,0.0006
07-03-19,0.001
08-03-19,0.0012
09-03-19,0.0007
10-03-19,0.0005
11-03-19,0.001
12-03-19,0.0008
13-03-19,0.0005
14-03-19,0.0004
15-03-19,0.0006
16-03-19,0.0004
17-03-19,0.0013
18-03-19,0.0014
19-03-19,0.0017
20-03-19,0.0009
21-03-19,0.0022
22-03-19,0.0022
23-03-19,0.0006
24-03-19,0.0022
25-03-19,0.0015
26-03-19,0.0009
27-03-19,0.0014
28-03-19,0.0009
29-03-19,0.0026
30-03-19,0.0022
31-03-19,0.0019
01-04-19,0.0027
02-04-19,0.0013
03-04-19,0.0011
04-04-19,0.0011
05-04-19,0.0022
06-04-19,0.0024
07-04-19,0.003
08-04-19,0.0024
09-04-19,0.0026
10-04-19,0.0029
11-04-19,0.0025
12-04-19,0.0012
13-04-19,0.0019
14-04-19,0.0025
15-04-19,0.003
16-04-19,0.003
17-04-19,0.0011
18-04-19,0.0038
19-04-19,0.0039
20-04-19,0.004
21-04-19,0.0039
22-04-19,0.0039
23-04-19,0.0032
24-04-19,0.0029
25-04-19,0.0018
26-04-19,0.0021
27-04-19,0.0015
28-04-19,0.0017
29-04-19,0.0033
30-04-19,0.0011
01-05-19,0.0027
02-05-19,0.002
03-05-19,0.0021
04-05-19,0.0023
05-05-19,0.0021
06-05-19,0.0014
07-05-19,0.0019
08-05-19,0.0009
09-05-19,0.0024
10-05-19,0.002
11-05-19,0.0036
12-05-19,0.003
13-05-19,0.0042
14-05-19,0.0039
15-05-19,0.0044
16-05-19,0.0028
17-05-19,0.001
18-05-19,0.0034
19-05-19,0.0034
20-05-19,0.0011
21-05-19,0.0006
22-05-19,0.0036
23-05-19,0.0043
24-05-19,0.0045
25-05-19,0.0026
26-05-19,0.0025
27-05-19,0.0033
28-05-19,0.0022
29-05-19,0.0045
30-05-19,0.0015
31-05-19,0.0032
01-06-19,0.0049
02-06-19,0.0054
03-06-19,0.0028
04-06-19,0.0033
05-06-19,0.0024
06-06-19,0.0032
07-06-19,0.0035
08-06-19,0.0025
09-06-19,0.0037
10-06-19,0.0023
11-06-19,0.004
12-06-19,0.0018
13-06-19,0.0033
14-06-19,0.0037
15-06-19,0.0024
16-06-19,0.0035
17-06-19,0.005
18-06-19,0.0049
19-06-19,0.0034
20-06-19,0.0031
21-06-19,0.0036
22-06-19,0.0047
23-06-19,0.0052
24-06-19,0.0055
25-06-19,0.0052
26-06-19,0.0042
27-06-19,0.0054
28-06-19,0.0055
29-06-19,0.006
30-06-19,0.0049
01-07-19,0.0046
02-07-19,0.0043
03-07-19,0.004
04-07-19,0.005
05-07-19,0.0045
06-07-19,0.003
07-07-19,0.0032
08-07-19,0.002
09-07-19,0.0039
10-07-19,0.0021
11-07-19,0.0033
12-07-19,0.0021
13-07-19,0.0018
14-07-19,0.002
15-07-19,0.0021
16-07-19,0.0024
17-07-19,0.0035
18-07-19,0.0033
19-07-19,0.0038
20-07-19,0.0027
21-07-19,0.0036
22-07-19,0.005
23-07-19,0.0055
24-07-19,0.0055
25-07-19,0.0053
26-07-19,0.0047
27-07-19,0.003
28-07-19,0.0009
29-07-19,0.0044
30-07-19,0.0041
31-07-19,0.0028
01-08-19,0.003
02-08-19,0.0026
03-08-19,0.0019
04-08-19,0.004
05-08-19,0.004
06-08-19,0.0034
07-08-19,0.0035
08-08-19,0.0035
09-08-19,0.0014
10-08-19,0.0029
11-08-19,0.0032
12-08-19,0.0031
13-08-19,0.0023
14-08-19,0.0035
15-08-19,0.0022
16-08-19,0.0028
17-08-19,0.0008
18-08-19,0.0015
19-08-19,0.0032
20-08-19,0.0028
21-08-19,0.0035
22-08-19,0.004
23-08-19,0.0038
24-08-19,0.0042
25-08-19,0.004
26-08-19,0.0038
27-08-19,0.0033
28-08-19,0.0032
29-08-19,0.0023
30-08-19,0.0036
31-08-19,0.0036
01-09-19,0.0021
02-09-19,0.003
03-09-19,0.001
04-09-19,0.0018
05-09-19,0.0023
06-09-19,0.0024
07-09-19,0.0018
08-09-19,0.0019
09-09-19,0.0026
10-09-19,0.0026
11-09-19,0.0008
12-09-19,0.0027
13-09-19,0.0024
14-09-19,0.0029
15-09-19,0.0029
16-09-19,0.0007
17-09-19,0.0016
18-09-19,0.0021
19-09-19,0.0019
20-09-19,0.0025
21-09-19,0.0029
22-09-19,0.0023
23-09-19,0.0014
24-09-19,0.0008
25-09-19,0.0009
26-09-19,0.0005
27-09-19,0.0018
28-09-19,0.0013
29-09-19,0.0005
30-09-19,0.0016
01-10-19,0.0009
02-10-19,0.0016
03-10-19,0.0012
04-10-19,0.0005
05-10-19,0.0014
06-10-19,0.0003
07-10-19,0.0005
08-10-19,0.0008
09-10-19,0.0008
10-10-19,0.0013
11-10-19,0.0005
12-10-19,0.0006
13-10-19,0.0013
14-10-19,0.0015
15-10-19,0.0005
16-10-19,0.0007
17-10-19,0.0008
18-10-19,0.0008
19-10-19,0.0006
20-10-19,0.0003
21-10-19,0.0007
22-10-19,0.0007
23-10-19,0.0011
24-10-19,0.0008
25-10-19,0.0012
26-10-19,0.0014
27-10-19,0.0008
28-10-19,0.0008
29-10-19,0.001
30-10-19,0.0007
31-10-19,0.001
01-11-19,0.0003
02-11-19,0.0008
03-11-19,0.0006
04-11-19,0.0007
05-11-19,0.0003
06-11-19,0.0005
07-11-19,0.0003
08-11-19,0.0009
09-11-19,0.0006
10-11-19,0.0008
11-11-19,0.0004
12-11-19,0.0004
13-11-19,0.0003
14-11-19,0.0004
15-11-19,0.0004
16-11-19,0.0004
17-11-19,0.0005
18-11-19,0.0001
19-11-19,0.0005
20-11-19,0.0006
21-11-19,0.0003
22-11-19,0.0006
23-11-19,0.0003
24-11-19,0.0005
25-11-19,0.0006
26-11-19,0.0002
27-11-19,0.0003
28-11-19,0.0001
29-11-19,0.0004
30-11-19,0.0005
01-12-19,0.0003
02-12-19,0.0004
03-12-19,0.0003
04-12-19,0.0003
05-12-19,0.0002
06-12-19,0.0001
07-12-19,0.0002
08-12-19,0.0002
09-12-19,0.0002
10-12-19,0.0004
11-12-19,0.0001
12-12-19,0.0004
13-12-19,0.0001
14-12-19,0.0003
15-12-19,0.0004
16-12-19,0.0001
17-12-19,0.0004
18-12-19,0.0003
19-12-19,0.0005
20-12-19,0.0002
21-12-19,0.0002
22-12-19,0.0002
23-12-19,0.0002
24-12-19,0.0001
25-12-19,0.0002
26-12-19,0.0002
27-12-19,0.0004
28-12-19,0.0003
29-12-19,0.0002
30-12-19,0.0005
31-12-19,0.0002
01-01-20,0.0003
02-01-20,0.0001
03-01-20,0.0001
04-01-20,0.0001
05-01-20,0.0001
06-01-20,0.0005
07-01-20,0.0002
08-01-20,0.0001
09-01-20,0.0001
10-01-20,0.0001
11-01-20,0.0004
12-01-20,0.0001
13-01-20,0.0005
14-01-20,0.0001
15-01-20,0.0003
16-01-20,0.0007
17-01-20,0.0002
18-01-20,0.0003
19-01-20,0.0005
20-01-20,0.0003
21-01-20,0.0002
22-01-20,0.0002
23-01-20,0.0005
24-01-20,0.0001
25-01-20,0.0001
26-01-20,0.0005
27-01-20,0.0003
28-01-20,0.0004
29-01-20,0.0004
30-01-20,0.0005
31-01-20,0.0004
01-02-20,0.0004
02-02-20,0.0002
03-02-20,0.0003
04-02-20,0.0004
05-02-20,0.0007
06-02-20,0.0005
07-02-20,0.0009
08-02-20,0.0004
09-02-20,0.0004
10-02-20,0.0005
11-02-20,0.0004
12-02-20,0.0007
