Date, Precipitation
2009-10-01,0.0018
2009-10-02,0.00005
2009-10-03,0
2009-10-04,0.0009
2009-10-05,0.0038
2009-10-06,0.0045
2009-10-07,0.0221
2009-10-08,0.0087
2009-10-09,0.0118
2009-10-10,0.0047
2009-10-11,0.0089
2009-10-12,0.0007
2009-10-13,0
2009-10-14,0
2009-10-15,0
2009-10-16,0.0012
2009-10-17,0.0014
2009-10-18,0
2009-10-19,0
2009-10-20,0
2009-10-21,0.00005
2009-10-22,0.0008
2009-10-23,0.00005
2009-10-24,0.0047
2009-10-25,0.00005
2009-10-26,0.0007
2009-10-27,0
2009-10-28,0
2009-10-29,0
2009-10-30,0
2009-10-31,0.0004
2009-11-01,0.0151
2009-11-02,0.0004
2009-11-03,0.0115
2009-11-04,0.005
2009-11-05,0.0067
2009-11-06,0.0003
2009-11-07,0.0023
2009-11-08,0
2009-11-09,0.00005
2009-11-10,0.0011
2009-11-11,0.0001
2009-11-12,0.0022
2009-11-13,0.0001
2009-11-14,0.0002
2009-11-15,0.0012
2009-11-16,0.0008
2009-11-17,0.00005
2009-11-18,0.0001
2009-11-19,0
2009-11-20,0.0005
2009-11-21,0.0012
2009-11-22,0.0064
2009-11-23,0.0296
2009-11-24,0.0007
2009-11-25,0.00005
2009-11-26,0.004
2009-11-27,0.0026
2009-11-28,0.012
2009-11-29,0.0002
2009-11-30,0
2009-12-01,0
2009-12-02,0.0018
2009-12-03,0.0032
2009-12-04,0.0033
2009-12-05,0.0097
2009-12-06,0.0027
2009-12-07,0.0004
2009-12-08,0.0022
2009-12-09,0.0026
2009-12-10,0.0133
2009-12-11,0.00005
2009-12-12,0
2009-12-13,0
2009-12-14,0
2009-12-15,0
2009-12-16,0.00005
2009-12-17,0.0027
2009-12-18,0.00005
2009-12-19,0.00005
2009-12-20,0.0051
2009-12-21,0.0002
2009-12-22,0.0026
2009-12-23,0
2009-12-24,0.0011
2009-12-25,0.011
2009-12-26,0.00005
2009-12-27,0.0003
2009-12-28,0.0004
2009-12-29,0.0036
2009-12-30,0.0097
2009-12-31,0.0032
2010-01-01,0.00005
2010-01-02,0.0002
2010-01-03,0.0022
2010-01-04,0.0003
2010-01-05,0.0005
2010-01-06,0
2010-01-07,0.0004
2010-01-08,0
2010-01-09,0.001
2010-01-10,0.0001
2010-01-11,0.00005
2010-01-12,0.00005
2010-01-13,0.0001
2010-01-14,0
2010-01-15,0
2010-01-16,0.0084
2010-01-17,0.0005
2010-01-18,0.0001
2010-01-19,0.0018
2010-01-20,0
2010-01-21,0.0001
2010-01-22,0
2010-01-23,0
2010-01-24,0.0005
2010-01-25,0
2010-01-26,0
2010-01-27,0.0023
2010-01-28,0.0014
2010-01-29,0.0071
2010-01-30,0.0088
2010-01-31,0.0011
2010-02-01,0.0029
2010-02-02,0.0168
2010-02-03,0.0001
2010-02-04,0.0002
2010-02-05,0.002
2010-02-06,0.0003
2010-02-07,0
2010-02-08,0
2010-02-09,0
2010-02-10,0.0008
2010-02-11,0.0002
2010-02-12,0
2010-02-13,0.00005
2010-02-14,0.0015
2010-02-15,0.0006
2010-02-16,0
2010-02-17,0.0014
2010-02-18,0.0001
2010-02-19,0
2010-02-20,0
2010-02-21,0
2010-02-22,0.0103
2010-02-23,0.0012
2010-02-24,0.0018
2010-02-25,0.0059
2010-02-26,0.0038
2010-02-27,0.0006
2010-02-28,0.0129
2010-03-01,0.0007
2010-03-02,0.0005
2010-03-03,0
2010-03-04,0
2010-03-05,0.0049
2010-03-06,0.0011
2010-03-07,0
2010-03-08,0.0002
2010-03-09,0
2010-03-10,0
2010-03-11,0.0002
2010-03-12,0.00005
2010-03-13,0
2010-03-14,0.0002
2010-03-15,0.0083
2010-03-16,0.0001
2010-03-17,0
2010-03-18,0
2010-03-19,0.0008
2010-03-20,0.0154
2010-03-21,0.0074
2010-03-22,0
2010-03-23,0
2010-03-24,0
2010-03-25,0.0025
2010-03-26,0.0015
2010-03-27,0.0001
2010-03-28,0.0053
2010-03-29,0.006
2010-03-30,0.0021
2010-03-31,0.0017
2010-04-01,0.0019
2010-04-02,0.0018
2010-04-03,0.0051
2010-04-04,0.0008
2010-04-05,0
2010-04-06,0
2010-04-07,0.0003
2010-04-08,0.0022
2010-04-09,0
2010-04-10,0
2010-04-11,0
2010-04-12,0
2010-04-13,0
2010-04-14,0
2010-04-15,0
2010-04-16,0
2010-04-17,0
2010-04-18,0
2010-04-19,0
2010-04-20,0
2010-04-21,0.00005
2010-04-22,0
2010-04-23,0
2010-04-24,0
2010-04-25,0.0021
2010-04-26,0
2010-04-27,0
2010-04-28,0
2010-04-29,0.0014
2010-04-30,0.0011
2010-05-01,0.0001
2010-05-02,0.0085
2010-05-03,0.002
2010-05-04,0
2010-05-05,0
2010-05-06,0
2010-05-07,0.0056
2010-05-08,0
2010-05-09,0
2010-05-10,0
2010-05-11,0.0164
2010-05-12,0.0077
2010-05-13,0
2010-05-14,0
2010-05-15,0
2010-05-16,0.00005
2010-05-17,0.0025
2010-05-18,0
2010-05-19,0
2010-05-20,0
2010-05-21,0
2010-05-22,0
2010-05-23,0
2010-05-24,0.0005
2010-05-25,0
2010-05-26,0.0058
2010-05-27,0
2010-05-28,0
2010-05-29,0.002
2010-05-30,0.0167
2010-05-31,0.0012
2010-06-01,0
2010-06-02,0
2010-06-03,0
2010-06-04,0
2010-06-05,0
2010-06-06,0.001
2010-06-07,0
2010-06-08,0.0032
2010-06-09,0.0028
2010-06-10,0.0002
2010-06-11,0.00005
2010-06-12,0
2010-06-13,0
2010-06-14,0
2010-06-15,0
2010-06-16,0
2010-06-17,0
2010-06-18,0.0005
2010-06-19,0.0004
2010-06-20,0.00005
2010-06-21,0
2010-06-22,0
2010-06-23,0
2010-06-24,0
2010-06-25,0
2010-06-26,0
2010-06-27,0
2010-06-28,0
2010-06-29,0
2010-06-30,0
2010-07-01,0
2010-07-02,0
2010-07-03,0.0009
2010-07-04,0
2010-07-05,0.0041
2010-07-06,0
2010-07-07,0
2010-07-08,0
2010-07-09,0
2010-07-10,0.0206
2010-07-11,0.00005
2010-07-12,0.0213
2010-07-13,0.0062
2010-07-14,0.0131
2010-07-15,0.00005
2010-07-16,0.0001
2010-07-17,0
2010-07-18,0
2010-07-19,0
2010-07-20,0
2010-07-21,0.00005
2010-07-22,0.0024
2010-07-23,0
2010-07-24,0
2010-07-25,0.0044
2010-07-26,0.0132
2010-07-27,0.0065
2010-07-28,0.0021
2010-07-29,0.0043
2010-07-30,0
2010-07-31,0.0005
2010-08-01,0
2010-08-02,0.0072
2010-08-03,0
2010-08-04,0.0009
2010-08-05,0
2010-08-06,0
2010-08-07,0.0027
2010-08-08,0.001
2010-08-09,0
2010-08-10,0.0009
2010-08-11,0.001
2010-08-12,0.0001
2010-08-13,0.0018
2010-08-14,0
2010-08-15,0.0216
2010-08-16,0.0001
2010-08-17,0.0062
2010-08-18,0.0012
2010-08-19,0
2010-08-20,0
2010-08-21,0
2010-08-22,0.0206
2010-08-23,0.0144
2010-08-24,0
2010-08-25,0.0009
2010-08-26,0.0282
2010-08-27,0.0074
2010-08-28,0.0018
2010-08-29,0.0158
2010-08-30,0.0085
2010-08-31,0
2010-09-01,0
2010-09-02,0.0001
2010-09-03,0
2010-09-04,0
2010-09-05,0
2010-09-06,0
2010-09-07,0.0119
2010-09-08,0.0045
2010-09-09,0.0003
2010-09-10,0.0042
2010-09-11,0
2010-09-12,0.0088
2010-09-13,0
2010-09-14,0.0056
2010-09-15,0.0086
2010-09-16,0.0018
2010-09-17,0.0005
2010-09-18,0.00005
2010-09-19,0.00005
2010-09-20,0.00005
2010-09-21,0
2010-09-22,0
2010-09-23,0.0067
2010-09-24,0.0026
2010-09-25,0.0001
2010-09-26,0
2010-09-27,0.0065
2010-09-28,0.0004
2010-09-29,0
2010-09-30,0.0009
2010-10-01,0.0052
2010-10-02,0.0068
2010-10-03,0
2010-10-04,0
2010-10-05,0
2010-10-06,0
2010-10-07,0
2010-10-08,0
2010-10-09,0
2010-10-10,0
2010-10-11,0
2010-10-12,0
2010-10-13,0
2010-10-14,0
2010-10-15,0.0105
2010-10-16,0.0002
2010-10-17,0
2010-10-18,0.00005
2010-10-19,0.0096
2010-10-20,0.0033
2010-10-21,0
2010-10-22,0
2010-10-23,0.0037
2010-10-24,0.0012
2010-10-25,0
2010-10-26,0.0006
2010-10-27,0.0092
2010-10-28,0.0011
2010-10-29,0
2010-10-30,0.0017
2010-10-31,0.0013
2010-11-01,0
2010-11-02,0.0008
2010-11-03,0.0067
2010-11-04,0.0009
2010-11-05,0.005
2010-11-06,0.0151
2010-11-07,0.0003
2010-11-08,0.0003
2010-11-09,0.0052
2010-11-10,0.0089
2010-11-11,0.0113
2010-11-12,0.0248
2010-11-13,0.0193
2010-11-14,0.0078
2010-11-15,0
2010-11-16,0
2010-11-17,0
2010-11-18,0.0004
2010-11-19,0.00005
2010-11-20,0
2010-11-21,0
2010-11-22,0.00005
2010-11-23,0.00005
2010-11-24,0.0001
2010-11-25,0.0003
2010-11-26,0.0001
2010-11-27,0.00005
2010-11-28,0
2010-11-29,0.0019
2010-11-30,0.0001
2010-12-01,0.0005
2010-12-02,0.0021
2010-12-03,0.00005
2010-12-04,0.0033
2010-12-05,0.0052
2010-12-06,0
2010-12-07,0
2010-12-08,0
2010-12-09,0.0025
2010-12-10,0.0012
2010-12-11,0.0005
2010-12-12,0.0004
2010-12-13,0.0002
2010-12-14,0
2010-12-15,0.0004
2010-12-16,0.0094
2010-12-17,0.0005
2010-12-18,0.0009
2010-12-19,0.0072
2010-12-20,0.00005
2010-12-21,0.0003
2010-12-22,0.0003
2010-12-23,0.0073
2010-12-24,0.0034
2010-12-25,0.0002
2010-12-26,0.0003
2010-12-27,0
2010-12-28,0
2010-12-29,0
2010-12-30,0
2010-12-31,0.001
2011-01-01,0.0008
2011-01-02,0
2011-01-03,0.0001
2011-01-04,0.00005
2011-01-05,0.00005
2011-01-06,0.0108
2011-01-07,0.0035
2011-01-08,0.0035
2011-01-09,0.00005
2011-01-10,0
2011-01-11,0.001
2011-01-12,0.0121
2011-01-13,0.0233
2011-01-14,0.0084
2011-01-15,0.00005
2011-01-16,0
2011-01-17,0.0002
2011-01-18,0.0052
2011-01-19,0.0039
2011-01-20,0.00005
2011-01-21,0.0001
2011-01-22,0.0014
2011-01-23,0.0005
2011-01-24,0.0005
2011-01-25,0.006
2011-01-26,0.00005
2011-01-27,0
2011-01-28,0
2011-01-29,0
2011-01-30,0
2011-01-31,0
2011-02-01,0.0008
2011-02-02,0.0004
2011-02-03,0.0014
2011-02-04,0.00005
2011-02-05,0.00005
2011-02-06,0
2011-02-07,0.00005
2011-02-08,0
2011-02-09,0
2011-02-10,0.0061
2011-02-11,0.0081
2011-02-12,0.011
2011-02-13,0
2011-02-14,0.004
2011-02-15,0.0002
2011-02-16,0.00005
2011-02-17,0
2011-02-18,0
2011-02-19,0
2011-02-20,0
2011-02-21,0
2011-02-22,0
2011-02-23,0.0032
2011-02-24,0.0022
2011-02-25,0.00005
2011-02-26,0.0042
2011-02-27,0.0204
2011-02-28,0.0004
2011-03-01,0
2011-03-02,0
2011-03-03,0
2011-03-04,0
2011-03-05,0
2011-03-06,0
2011-03-07,0
2011-03-08,0
2011-03-09,0.00005
2011-03-10,0.0001
2011-03-11,0
2011-03-12,0.00005
2011-03-13,0.0022
2011-03-14,0.0016
2011-03-15,0
2011-03-16,0
2011-03-17,0.00005
2011-03-18,0.0105
2011-03-19,0.0002
2011-03-20,0
2011-03-21,0
2011-03-22,0
2011-03-23,0
2011-03-24,0
2011-03-25,0
2011-03-26,0.00005
2011-03-27,0
2011-03-28,0
2011-03-29,0
2011-03-30,0.0068
2011-03-31,0.0035
2011-04-01,0.00005
2011-04-02,0
2011-04-03,0.0036
2011-04-04,0
2011-04-05,0.00005
2011-04-06,0
2011-04-07,0
2011-04-08,0
2011-04-09,0
2011-04-10,0
2011-04-11,0.0019
2011-04-12,0.001
2011-04-13,0
2011-04-14,0
2011-04-15,0
2011-04-16,0
2011-04-17,0
2011-04-18,0
2011-04-19,0
2011-04-20,0
2011-04-21,0
2011-04-22,0
2011-04-23,0
2011-04-24,0
2011-04-25,0
2011-04-26,0
2011-04-27,0.0006
2011-04-28,0.003
2011-04-29,0.0033
2011-04-30,0
2011-05-01,0
2011-05-02,0
2011-05-03,0
2011-05-04,0
2011-05-05,0
2011-05-06,0
2011-05-07,0
2011-05-08,0
2011-05-09,0.0019
2011-05-10,0.00005
2011-05-11,0.0078
2011-05-12,0
2011-05-13,0
2011-05-14,0.0011
2011-05-15,0.00005
2011-05-16,0.0003
2011-05-17,0.0002
2011-05-18,0
2011-05-19,0
2011-05-20,0
2011-05-21,0
2011-05-22,0.002
2011-05-23,0
2011-05-24,0.00005
2011-05-25,0
2011-05-26,0
2011-05-27,0.001
2011-05-28,0.0003
2011-05-29,0
2011-05-30,0.00005
2011-05-31,0.0023
2011-06-01,0
2011-06-02,0
2011-06-03,0
2011-06-04,0
2011-06-05,0.0041
2011-06-06,0.0043
2011-06-07,0.007
2011-06-08,0.0002
2011-06-09,0
2011-06-10,0.0016
2011-06-11,0.0085
2011-06-12,0
2011-06-13,0.00005
2011-06-14,0
2011-06-15,0.00005
2011-06-16,0.0099
2011-06-17,0.0021
2011-06-18,0.0074
2011-06-19,0.0048
2011-06-20,0.0016
2011-06-21,0.0008
2011-06-22,0.0077
2011-06-23,0.0042
2011-06-24,0.0121
2011-06-25,0.0029
2011-06-26,0
2011-06-27,0
2011-06-28,0.005
2011-06-29,0.0012
2011-06-30,0.0001
2011-07-01,0.0014
2011-07-02,0
2011-07-03,0
2011-07-04,0
2011-07-05,0
2011-07-06,0.0064
2011-07-07,0.00005
2011-07-08,0.0002
2011-07-09,0.00005
2011-07-10,0.00005
2011-07-11,0
2011-07-12,0.011
2011-07-13,0.0049
2011-07-14,0.0216
2011-07-15,0.0002
2011-07-16,0.0117
2011-07-17,0.0031
2011-07-18,0.00005
2011-07-19,0.0014
2011-07-20,0.0021
2011-07-21,0.0009
2011-07-22,0.00005
2011-07-23,0.0047
2011-07-24,0.028
2011-07-25,0.00005
2011-07-26,0.0013
2011-07-27,0.0027
2011-07-28,0.0004
2011-07-29,0
2011-07-30,0.00005
2011-07-31,0
2011-08-01,0
2011-08-02,0
2011-08-03,0.0001
2011-08-04,0.0095
2011-08-05,0
2011-08-06,0.0017
2011-08-07,0.00005
2011-08-08,0.0164
2011-08-09,0.004
2011-08-10,0
2011-08-11,0.0012
2011-08-12,0.00005
2011-08-13,0.0015
2011-08-14,0.0261
2011-08-15,0
2011-08-16,0.00005
2011-08-17,0.00005
2011-08-18,0.0061
2011-08-19,0.0004
2011-08-20,0
2011-08-21,0.0025
2011-08-22,0.0017
2011-08-23,0.0432
2011-08-24,0.00005
2011-08-25,0
2011-08-26,0.0124
2011-08-27,0.0033
2011-08-28,0.0007
2011-08-29,0.0005
2011-08-30,0.0001
2011-08-31,0
2011-09-01,0
2011-09-02,0
2011-09-03,0.0004
2011-09-04,0.0066
2011-09-05,0.0005
2011-09-06,0.0111
2011-09-07,0.0034
2011-09-08,0.0031
2011-09-09,0.0001
2011-09-10,0.0001
2011-09-11,0.0028
2011-09-12,0.0001
2011-09-13,0.00005
2011-09-14,0
2011-09-15,0.00005
2011-09-16,0.0005
2011-09-17,0.0037
2011-09-18,0.0114
2011-09-19,0
2011-09-20,0
2011-09-21,0.00005
2011-09-22,0.00005
2011-09-23,0
2011-09-24,0
2011-09-25,0
2011-09-26,0
2011-09-27,0
2011-09-28,0
2011-09-29,0
2011-09-30,0
2011-10-01,0
2011-10-02,0
2011-10-03,0
2011-10-04,0.00005
2011-10-05,0.0012
2011-10-06,0.007
2011-10-07,0.0195
2011-10-08,0.0083
2011-10-09,0.0032
2011-10-10,0.0002
2011-10-11,0.0072
2011-10-12,0.0182
2011-10-13,0
2011-10-14,0
2011-10-15,0
2011-10-16,0
2011-10-17,0
2011-10-18,0.0059
2011-10-19,0.0022
2011-10-20,0.00005
2011-10-21,0
2011-10-22,0
2011-10-23,0
2011-10-24,0
2011-10-25,0.00005
2011-10-26,0.00005
2011-10-27,0
2011-10-28,0.00005
2011-10-29,0
2011-10-30,0.00005
2011-10-31,0
2011-11-01,0.0092
2011-11-02,0.0003
2011-11-03,0.00005
2011-11-04,0.0006
2011-11-05,0.00005
2011-11-06,0
2011-11-07,0
2011-11-08,0
2011-11-09,0
2011-11-10,0
2011-11-11,0
2011-11-12,0
2011-11-13,0
2011-11-14,0
2011-11-15,0
2011-11-16,0
2011-11-17,0
2011-11-18,0
2011-11-19,0
2011-11-20,0
2011-11-21,0
2011-11-22,0.00005
2011-11-23,0
2011-11-24,0
2011-11-25,0.0002
2011-11-26,0.00005
2011-11-27,0.0036
2011-11-28,0
2011-11-29,0.0004
2011-11-30,0
2011-12-01,0.0035
2011-12-02,0.0012
2011-12-03,0.0146
2011-12-04,0.002
2011-12-05,0.0014
2011-12-06,0.0027
2011-12-07,0.0043
2011-12-08,0.0048
2011-12-09,0.0035
2011-12-10,0.00005
2011-12-11,0.00005
2011-12-12,0.0008
2011-12-13,0.0098
2011-12-14,0.0126
2011-12-15,0.0034
2011-12-16,0.0174
2011-12-17,0.002
2011-12-18,0.0047
2011-12-19,0.0021
2011-12-20,0.0081
2011-12-21,0.00005
2011-12-22,0.0036
2011-12-23,0.0022
2011-12-24,0.0033
2011-12-25,0.0008
2011-12-26,0.0016
2011-12-27,0
2011-12-28,0.00005
2011-12-29,0.0062
2011-12-30,0.0024
2011-12-31,0.008
2012-01-01,0.0147
2012-01-02,0.0024
2012-01-03,0.0067
2012-01-04,0.0047
2012-01-05,0.0176
2012-01-06,0.00005
2012-01-07,0.0045
2012-01-08,0.0014
2012-01-09,0.0008
2012-01-10,0
2012-01-11,0.00005
2012-01-12,0.0013
2012-01-13,0.001
2012-01-14,0
2012-01-15,0
2012-01-16,0
2012-01-17,0
2012-01-18,0.0029
2012-01-19,0.0197
2012-01-20,0.0008
2012-01-21,0.0059
2012-01-22,0.0026
2012-01-23,0.0032
2012-01-24,0
2012-01-25,0.00005
2012-01-26,0.0032
2012-01-27,0
2012-01-28,0
2012-01-29,0.00005
2012-01-30,0.0005
2012-01-31,0
2012-02-01,0
2012-02-02,0
2012-02-03,0.0017
2012-02-04,0
2012-02-05,0.00005
2012-02-06,0
2012-02-07,0.00005
2012-02-08,0
2012-02-09,0
2012-02-10,0
2012-02-11,0
2012-02-12,0.00005
2012-02-13,0.0019
2012-02-14,0.0032
2012-02-15,0.001
2012-02-16,0.00005
2012-02-17,0.0019
2012-02-18,0.0063
2012-02-19,0.0056
2012-02-20,0
2012-02-21,0
2012-02-22,0.0003
2012-02-23,0.0009
2012-02-24,0.0008
2012-02-25,0
2012-02-26,0.00005
2012-02-27,0.00005
2012-02-28,0.0005
2012-02-29,0.00005
2012-03-01,0
2012-03-02,0
2012-03-03,0
2012-03-04,0.0053
2012-03-05,0.0041
2012-03-06,0.0001
2012-03-07,0.0077
2012-03-08,0
2012-03-09,0
2012-03-10,0.001
2012-03-11,0
2012-03-12,0
2012-03-13,0
2012-03-14,0
2012-03-15,0
2012-03-16,0
2012-03-17,0.00005
2012-03-18,0.0002
2012-03-19,0
2012-03-20,0
2012-03-21,0
2012-03-22,0
2012-03-23,0
2012-03-24,0
2012-03-25,0
2012-03-26,0
2012-03-27,0
2012-03-28,0
2012-03-29,0
2012-03-30,0.00005
2012-03-31,0.00005
2012-04-01,0
2012-04-02,0
2012-04-03,0
2012-04-04,0.0028
2012-04-05,0.00005
2012-04-06,0.0003
2012-04-07,0.0011
2012-04-08,0.0005
2012-04-09,0.0108
2012-04-10,0.0109
2012-04-11,0.0007
2012-04-12,0.0038
2012-04-13,0.0006
2012-04-14,0.0001
2012-04-15,0
2012-04-16,0
2012-04-17,0.0017
2012-04-18,0.0026
2012-04-19,0.0004
2012-04-20,0.007
2012-04-21,0.0157
2012-04-22,0.0111
2012-04-23,0
2012-04-24,0.0001
2012-04-25,0.0033
2012-04-26,0.0022
2012-04-27,0.00005
2012-04-28,0.0046
2012-04-29,0.00005
2012-04-30,0
2012-05-01,0.0044
2012-05-02,0.004
2012-05-03,0
2012-05-04,0
2012-05-05,0.002
2012-05-06,0
2012-05-07,0
2012-05-08,0
2012-05-09,0.0007
2012-05-10,0.0163
2012-05-11,0.00005
2012-05-12,0.0002
2012-05-13,0
2012-05-14,0
2012-05-15,0.01
2012-05-16,0.0002
2012-05-17,0
2012-05-18,0
2012-05-19,0.0004
2012-05-20,0.0322
2012-05-21,0
2012-05-22,0
2012-05-23,0.0375
2012-05-24,0.0019
2012-05-25,0
2012-05-26,0
2012-05-27,0
2012-05-28,0
2012-05-29,0
2012-05-30,0
2012-05-31,0.0037
2012-06-01,0.0002
2012-06-02,0
2012-06-03,0.0146
2012-06-04,0.017
2012-06-05,0
2012-06-06,0.0147
2012-06-07,0.0059
2012-06-08,0.0003
2012-06-09,0.00005
2012-06-10,0.00005
2012-06-11,0.0042
2012-06-12,0.003
2012-06-13,0.0003
2012-06-14,0
2012-06-15,0.0087
2012-06-16,0.0027
2012-06-17,0
2012-06-18,0.0087
2012-06-19,0
2012-06-20,0
2012-06-21,0.015
2012-06-22,0.0025
2012-06-23,0
2012-06-24,0.0071
2012-06-25,0
2012-06-26,0
2012-06-27,0.0003
2012-06-28,0
2012-06-29,0.0009
2012-06-30,0
2012-07-01,0.0002
2012-07-02,0
2012-07-03,0
2012-07-04,0
2012-07-05,0.0038
2012-07-06,0.00005
2012-07-07,0.0006
2012-07-08,0.0115
2012-07-09,0.0025
2012-07-10,0.0017
2012-07-11,0.0058
2012-07-12,0.0041
2012-07-13,0.0103
2012-07-14,0.011
2012-07-15,0.0001
2012-07-16,0.0079
2012-07-17,0.0039
2012-07-18,0.001
2012-07-19,0.0088
2012-07-20,0.00005
2012-07-21,0
2012-07-22,0
2012-07-23,0
2012-07-24,0
2012-07-25,0
2012-07-26,0
2012-07-27,0.0018
2012-07-28,0.0163
2012-07-29,0
2012-07-30,0.0019
2012-07-31,0
2012-08-01,0.0011
2012-08-02,0
2012-08-03,0
2012-08-04,0
2012-08-05,0.0007
2012-08-06,0.0026
2012-08-07,0.0003
2012-08-08,0.00005
2012-08-09,0
2012-08-10,0
2012-08-11,0
2012-08-12,0
2012-08-13,0.0026
2012-08-14,0.0027
2012-08-15,0.0062
2012-08-16,0
2012-08-17,0
2012-08-18,0
2012-08-19,0
2012-08-20,0
2012-08-21,0.00005
2012-08-22,0
2012-08-23,0.00005
2012-08-24,0.0024
2012-08-25,0.0003
2012-08-26,0.0201
2012-08-27,0
2012-08-28,0.0005
2012-08-29,0
2012-08-30,0.0001
2012-08-31,0.0082
2012-09-01,0
2012-09-02,0
2012-09-03,0
2012-09-04,0
2012-09-05,0
2012-09-06,0
2012-09-07,0
2012-09-08,0
2012-09-09,0
2012-09-10,0.0001
2012-09-11,0.0069
2012-09-12,0.0009
2012-09-13,0.0002
2012-09-14,0.0005
2012-09-15,0
2012-09-16,0
2012-09-17,0.00005
2012-09-18,0.0022
2012-09-19,0.0038
2012-09-20,0
2012-09-21,0
2012-09-22,0.0002
2012-09-23,0.0044
2012-09-24,0.0148
2012-09-25,0.001
2012-09-26,0.0018
2012-09-27,0.0052
2012-09-28,0
2012-09-29,0.0012
2012-09-30,0
2012-10-01,0
2012-10-02,0.0003
2012-10-03,0.0126
2012-10-04,0.0122
2012-10-05,0.0071
2012-10-06,0.0062
2012-10-07,0
2012-10-08,0
2012-10-09,0
2012-10-10,0
2012-10-11,0.001
2012-10-12,0.0068
2012-10-13,0.0079
2012-10-14,0
2012-10-15,0.0003
2012-10-16,0.0024
2012-10-17,0.0027
2012-10-18,0.0001
2012-10-19,0
2012-10-20,0
2012-10-21,0
2012-10-22,0
2012-10-23,0
2012-10-24,0
2012-10-25,0.00005
2012-10-26,0
2012-10-27,0.00005
2012-10-28,0
2012-10-29,0.006
2012-10-30,0.0037
2012-10-31,0
2012-11-01,0.0017
2012-11-02,0.0028
2012-11-03,0.0027
2012-11-04,0.0039
2012-11-05,0.0007
2012-11-06,0.0018
2012-11-07,0.0023
2012-11-08,0
2012-11-09,0.0005
2012-11-10,0.0001
2012-11-11,0
2012-11-12,0
2012-11-13,0.0003
2012-11-14,0
2012-11-15,0
2012-11-16,0
2012-11-17,0
2012-11-18,0.0043
2012-11-19,0
2012-11-20,0
2012-11-21,0.0002
2012-11-22,0
2012-11-23,0.0027
2012-11-24,0.0016
2012-11-25,0.00005
2012-11-26,0.0033
2012-11-27,0.0021
2012-11-28,0.0005
2012-11-29,0
2012-11-30,0
2012-12-01,0.0037
2012-12-02,0.0016
2012-12-03,0.0042
2012-12-04,0.0049
2012-12-05,0.0001
2012-12-06,0.00005
2012-12-07,0.0083
2012-12-08,0.00005
2012-12-09,0.0117
2012-12-10,0.00005
2012-12-11,0
2012-12-12,0.00005
2012-12-13,0.00005
2012-12-14,0.0087
2012-12-15,0.0013
2012-12-16,0.0016
2012-12-17,0.0031
2012-12-18,0.00005
2012-12-19,0
2012-12-20,0.0073
2012-12-21,0.0021
2012-12-22,0.0155
2012-12-23,0.0215
2012-12-24,0.0043
2012-12-25,0.008
2012-12-26,0.0039
2012-12-27,0.0029
2012-12-28,0.0025
2012-12-29,0.0014
2012-12-30,0.0023
2012-12-31,0.002
2013-01-01,0.0134
2013-01-02,0.0007
2013-01-03,0.0015
2013-01-04,0.0009
2013-01-05,0.0002
2013-01-06,0
2013-01-07,0.00005
2013-01-08,0
2013-01-09,0.005
2013-01-10,0.0026
2013-01-11,0
2013-01-12,0
2013-01-13,0.00005
2013-01-14,0.00005
2013-01-15,0.0047
2013-01-16,0.00005
2013-01-17,0.00005
2013-01-18,0.00005
2013-01-19,0
2013-01-20,0.002
2013-01-21,0.0012
2013-01-22,0.00005
2013-01-23,0
2013-01-24,0
2013-01-25,0.00005
2013-01-26,0.0003
2013-01-27,0.0029
2013-01-28,0.001
2013-01-29,0.0123
2013-01-30,0.0045
2013-01-31,0.0035
2013-02-01,0.01
2013-02-02,0.0025
2013-02-03,0.0018
2013-02-04,0.001
2013-02-05,0.0027
2013-02-06,0.013
2013-02-07,0.0024
2013-02-08,0.0025
2013-02-09,0.0006
2013-02-10,0.0001
2013-02-11,0.00005
2013-02-12,0
2013-02-13,0.00005
2013-02-14,0.0042
2013-02-15,0.0001
2013-02-16,0.0001
2013-02-17,0
2013-02-18,0
2013-02-19,0.0002
2013-02-20,0
2013-02-21,0.00005
2013-02-22,0.00005
2013-02-23,0.0001
2013-02-24,0.003
2013-02-25,0.0011
2013-02-26,0
2013-02-27,0
2013-02-28,0
2013-03-01,0.0002
2013-03-02,0
2013-03-03,0.0001
2013-03-04,0
2013-03-05,0
2013-03-06,0
2013-03-07,0.0005
2013-03-08,0.0026
2013-03-09,0.0131
2013-03-10,0.0012
2013-03-11,0.0001
2013-03-12,0.0003
2013-03-13,0.00005
2013-03-14,0.0006
2013-03-15,0.0006
2013-03-16,0.00005
2013-03-17,0.0023
2013-03-18,0.00005
2013-03-19,0.0012
2013-03-20,0.0055
2013-03-21,0
2013-03-22,0
2013-03-23,0.00005
2013-03-24,0
2013-03-25,0
2013-03-26,0
2013-03-27,0
2013-03-28,0.0001
2013-03-29,0.00005
2013-03-30,0.00005
2013-03-31,0.00005
2013-04-01,0
2013-04-02,0
2013-04-03,0
2013-04-04,0
2013-04-05,0
2013-04-06,0.00005
2013-04-07,0
2013-04-08,0
2013-04-09,0.0026
2013-04-10,0.0017
2013-04-11,0.009
2013-04-12,0.0032
2013-04-13,0.0004
2013-04-14,0.00005
2013-04-15,0.0016
2013-04-16,0.0008
2013-04-17,0.0018
2013-04-18,0
2013-04-19,0.0067
2013-04-20,0
2013-04-21,0
2013-04-22,0
2013-04-23,0
2013-04-24,0
2013-04-25,0
2013-04-26,0.0096
2013-04-27,0.00005
2013-04-28,0
2013-04-29,0.0001
2013-04-30,0
2013-05-01,0.00005
2013-05-02,0.00005
2013-05-03,0
2013-05-04,0
2013-05-05,0
2013-05-06,0
2013-05-07,0.00005
2013-05-08,0.0011
2013-05-09,0.00005
2013-05-10,0.0001
2013-05-11,0.0034
2013-05-12,0.0036
2013-05-13,0.0027
2013-05-14,0.0011
2013-05-15,0.00005
2013-05-16,0.0171
2013-05-17,0.0068
2013-05-18,0.00005
2013-05-19,0
2013-05-20,0.0003
2013-05-21,0.0058
2013-05-22,0.0003
2013-05-23,0.0039
2013-05-24,0.00005
2013-05-25,0.0042
2013-05-26,0.0008
2013-05-27,0
2013-05-28,0.00005
2013-05-29,0.002
2013-05-30,0
2013-05-31,0.00005
2013-06-01,0
2013-06-02,0
2013-06-03,0
2013-06-04,0
2013-06-05,0
2013-06-06,0
2013-06-07,0
2013-06-08,0
2013-06-09,0
2013-06-10,0
2013-06-11,0
2013-06-12,0.0001
2013-06-13,0.0037
2013-06-14,0
2013-06-15,0.001
2013-06-16,0.00005
2013-06-17,0.0001
2013-06-18,0
2013-06-19,0.0014
2013-06-20,0.0054
2013-06-21,0.0014
2013-06-22,0.0012
2013-06-23,0.0128
2013-06-24,0.0026
2013-06-25,0.00005
2013-06-26,0.0057
2013-06-27,0.0004
2013-06-28,0.0147
2013-06-29,0.0039
2013-06-30,0
2013-07-01,0
2013-07-02,0.0024
2013-07-03,0.0003
2013-07-04,0.0001
2013-07-05,0
2013-07-06,0
2013-07-07,0
2013-07-08,0
2013-07-09,0
2013-07-10,0
2013-07-11,0
2013-07-12,0
2013-07-13,0
2013-07-14,0
2013-07-15,0
2013-07-16,0
2013-07-17,0
2013-07-18,0
2013-07-19,0
2013-07-20,0
2013-07-21,0
2013-07-22,0
2013-07-23,0.0072
2013-07-24,0
2013-07-25,0
2013-07-26,0.0001
2013-07-27,0.02
2013-07-28,0.0002
2013-07-29,0.0009
2013-07-30,0.0036
2013-07-31,0
2013-08-01,0
2013-08-02,0
2013-08-03,0.00005
2013-08-04,0
2013-08-05,0.00005
2013-08-06,0
2013-08-07,0.0085
2013-08-08,0.0002
2013-08-09,0.0026
2013-08-10,0
2013-08-11,0.0057
2013-08-12,0.0001
2013-08-13,0.0004
2013-08-14,0.0006
2013-08-15,0.0003
2013-08-16,0.0001
2013-08-17,0.0011
2013-08-18,0.0042
2013-08-19,0.0028
2013-08-20,0
2013-08-21,0
2013-08-22,0.0001
2013-08-23,0
2013-08-24,0.001
2013-08-25,0
2013-08-26,0
2013-08-27,0
2013-08-28,0
2013-08-29,0
2013-08-30,0
2013-08-31,0.0001
2013-09-01,0
2013-09-02,0
2013-09-03,0
2013-09-04,0
2013-09-05,0
2013-09-06,0.00005
2013-09-07,0.0013
2013-09-08,0.0165
2013-09-09,0.0273
2013-09-10,0.024
2013-09-11,0.0063
2013-09-12,0.0008
2013-09-13,0.0026
2013-09-14,0.0076
2013-09-15,0.006
2013-09-16,0.0111
2013-09-17,0.0044
2013-09-18,0.0001
2013-09-19,0.0015
2013-09-20,0.0008
2013-09-21,0
2013-09-22,0
2013-09-23,0
2013-09-24,0
2013-09-25,0
2013-09-26,0
2013-09-27,0
2013-09-28,0
2013-09-29,0
2013-09-30,0
2013-10-01,0
2013-10-02,0
2013-10-03,0.001
2013-10-04,0.0067
2013-10-05,0
2013-10-06,0
2013-10-07,0
2013-10-08,0
2013-10-09,0.0026
2013-10-10,0.001
2013-10-11,0.0096
2013-10-12,0.0036
2013-10-13,0.023
2013-10-14,0.0029
2013-10-15,0.0126
2013-10-16,0.0014
2013-10-17,0.0002
2013-10-18,0
2013-10-19,0.0001
2013-10-20,0.0004
2013-10-21,0.00005
2013-10-22,0.0157
2013-10-23,0.0001
2013-10-24,0
2013-10-25,0.0013
2013-10-26,0
2013-10-27,0.0048
2013-10-28,0.0048
2013-10-29,0.0006
2013-10-30,0
2013-10-31,0
2013-11-01,0.0002
2013-11-02,0.0115
2013-11-03,0.0022
2013-11-04,0.0174
2013-11-05,0.0065
2013-11-06,0.0028
2013-11-07,0.0075
2013-11-08,0.0065
2013-11-09,0.0031
2013-11-10,0.0028
2013-11-11,0
2013-11-12,0.0022
2013-11-13,0
2013-11-14,0.0041
2013-11-15,0.00005
2013-11-16,0
2013-11-17,0.00005
2013-11-18,0
2013-11-19,0.0004
2013-11-20,0.0014
2013-11-21,0.00005
2013-11-22,0.00005
2013-11-23,0
2013-11-24,0.0003
2013-11-25,0.00005
2013-11-26,0.00005
2013-11-27,0
2013-11-28,0.0007
2013-11-29,0.0039
2013-11-30,0.0007
2013-12-01,0
2013-12-02,0
2013-12-03,0
2013-12-04,0.0011
2013-12-05,0.0043
2013-12-06,0.0116
2013-12-07,0.0072
2013-12-08,0.0003
2013-12-09,0
2013-12-10,0
2013-12-11,0
2013-12-12,0
2013-12-13,0
2013-12-14,0.0031
2013-12-15,0.0006
2013-12-16,0
2013-12-17,0
2013-12-18,0
2013-12-19,0.0044
2013-12-20,0
2013-12-21,0.0013
2013-12-22,0.0018
2013-12-23,0.0001
2013-12-24,0.0128
2013-12-25,0.0049
2013-12-26,0.00005
2013-12-27,0.0052
2013-12-28,0.0122
2013-12-29,0.0008
2013-12-30,0.0001
2013-12-31,0.0004
2014-01-01,0.0007
2014-01-02,0.0001
2014-01-03,0.0055
2014-01-04,0.00005
2014-01-05,0.0008
2014-01-06,0.0028
2014-01-07,0
2014-01-08,0.0061
2014-01-09,0.0026
2014-01-10,0
2014-01-11,0.0004
2014-01-12,0
2014-01-13,0.00005
2014-01-14,0.0001
2014-01-15,0.0037
2014-01-16,0.001
2014-01-17,0.0034
2014-01-18,0.00005
2014-01-19,0
2014-01-20,0.00005
2014-01-21,0
2014-01-22,0
2014-01-23,0.0055
2014-01-24,0.0008
2014-01-25,0.0056
2014-01-26,0.0077
2014-01-27,0.0004
2014-01-28,0
2014-01-29,0
2014-01-30,0.00005
2014-01-31,0.00005
2014-02-01,0.0036
2014-02-02,0
2014-02-03,0
2014-02-04,0
2014-02-05,0.0006
2014-02-06,0.0052
2014-02-07,0.0076
2014-02-08,0.0022
2014-02-09,0.0003
2014-02-10,0.0005
2014-02-11,0.0072
2014-02-12,0.0022
2014-02-13,0.005
2014-02-14,0.0074
2014-02-15,0.0006
2014-02-16,0.0001
2014-02-17,0
2014-02-18,0.001
2014-02-19,0.0003
2014-02-20,0.0029
2014-02-21,0.0013
2014-02-22,0.0001
2014-02-23,0
2014-02-24,0
2014-02-25,0.0002
2014-02-26,0
2014-02-27,0.0025
2014-02-28,0.0002
2014-03-01,0.001
2014-03-02,0.0001
2014-03-03,0.0005
2014-03-04,0
2014-03-05,0
2014-03-06,0
2014-03-07,0
2014-03-08,0
2014-03-09,0
2014-03-10,0
2014-03-11,0
2014-03-12,0
2014-03-13,0
2014-03-14,0
2014-03-15,0.00005
2014-03-16,0
2014-03-17,0
2014-03-18,0.0041
2014-03-19,0.0001
2014-03-20,0
2014-03-21,0.011
2014-03-22,0.0006
2014-03-23,0.0033
2014-03-24,0.0022
2014-03-25,0
2014-03-26,0
2014-03-27,0.00005
2014-03-28,0
2014-03-29,0
2014-03-30,0
2014-03-31,0
2014-04-01,0
2014-04-02,0
2014-04-03,0
2014-04-04,0
2014-04-05,0.0001
2014-04-06,0.0002
2014-04-07,0.0048
2014-04-08,0.0022
2014-04-09,0
2014-04-10,0
2014-04-11,0
2014-04-12,0
2014-04-13,0
2014-04-14,0.0005
2014-04-15,0.0001
2014-04-16,0
2014-04-17,0.0007
2014-04-18,0.00005
2014-04-19,0.0013
2014-04-20,0
2014-04-21,0.0004
2014-04-22,0.00005
2014-04-23,0.00005
2014-04-24,0.0127
2014-04-25,0.0027
2014-04-26,0.0002
2014-04-27,0.0034
2014-04-28,0
2014-04-29,0.0083
2014-04-30,0
2014-05-01,0.0006
2014-05-02,0
2014-05-03,0
2014-05-04,0
2014-05-05,0
2014-05-06,0.0035
2014-05-07,0.0033
2014-05-08,0.0129
2014-05-09,0.0214
2014-05-10,0.0056
2014-05-11,0.0027
2014-05-12,0.0176
2014-05-13,0.0026
2014-05-14,0.0015
2014-05-15,0
2014-05-16,0
2014-05-17,0
2014-05-18,0
2014-05-19,0
2014-05-20,0.0022
2014-05-21,0.0005
2014-05-22,0.0012
2014-05-23,0
2014-05-24,0
2014-05-25,0
2014-05-26,0.0001
2014-05-27,0.0294
2014-05-28,0.0084
2014-05-29,0.0074
2014-05-30,0
2014-05-31,0
2014-06-01,0
2014-06-02,0
2014-06-03,0.0026
2014-06-04,0.007
2014-06-05,0.0038
2014-06-06,0
2014-06-07,0
2014-06-08,0.0031
2014-06-09,0.0071
2014-06-10,0.0059
2014-06-11,0
2014-06-12,0
2014-06-13,0
2014-06-14,0.00005
2014-06-15,0
2014-06-16,0.0004
2014-06-17,0
2014-06-18,0
2014-06-19,0.0003
2014-06-20,0.0006
2014-06-21,0
2014-06-22,0
2014-06-23,0
2014-06-24,0
2014-06-25,0
2014-06-26,0
2014-06-27,0.0039
2014-06-28,0.00005
2014-06-29,0.0073
2014-06-30,0
2014-07-01,0
2014-07-02,0
2014-07-03,0
2014-07-04,0.0001
2014-07-05,0.0042
2014-07-06,0.0038
2014-07-07,0
2014-07-08,0.0346
2014-07-09,0.0153
2014-07-10,0.0178
2014-07-11,0.0006
2014-07-12,0
2014-07-13,0.0045
2014-07-14,0.0003
2014-07-15,0
2014-07-16,0
2014-07-17,0
2014-07-18,0
2014-07-19,0.00005
2014-07-20,0
2014-07-21,0.0078
2014-07-22,0.0023
2014-07-23,0
2014-07-24,0
2014-07-25,0
2014-07-26,0.0003
2014-07-27,0.0102
2014-07-28,0.0019
2014-07-29,0
2014-07-30,0
2014-07-31,0
2014-08-01,0
2014-08-02,0.0008
2014-08-03,0.0003
2014-08-04,0
2014-08-05,0
2014-08-06,0.0041
2014-08-07,0
2014-08-08,0.0196
2014-08-09,0.0005
2014-08-10,0.0268
2014-08-11,0.0023
2014-08-12,0.0101
2014-08-13,0
2014-08-14,0.0044
2014-08-15,0.0174
2014-08-16,0.0007
2014-08-17,0.0034
2014-08-18,0.0074
2014-08-19,0.0106
2014-08-20,0.0003
2014-08-21,0.00005
2014-08-22,0.0039
2014-08-23,0.0016
2014-08-24,0.0009
2014-08-25,0.0095
2014-08-26,0.014
2014-08-27,0
2014-08-28,0.0047
2014-08-29,0
2014-08-30,0.0025
2014-08-31,0.0019
2014-09-01,0.00005
2014-09-02,0
2014-09-03,0
2014-09-04,0
2014-09-05,0
2014-09-06,0.00005
2014-09-07,0
2014-09-08,0
2014-09-09,0.00005
2014-09-10,0
2014-09-11,0
2014-09-12,0
2014-09-13,0
2014-09-14,0
2014-09-15,0
2014-09-16,0
2014-09-17,0
2014-09-18,0.001
2014-09-19,0.0001
2014-09-20,0.0001
2014-09-21,0.0014
2014-09-22,0
2014-09-23,0
2014-09-24,0.0082
2014-09-25,0
2014-09-26,0.0003
2014-09-27,0
2014-09-28,0
2014-09-29,0.0012
2014-09-30,0.00005
2014-10-01,0.00005
2014-10-02,0.00005
2014-10-03,0
2014-10-04,0.00005
2014-10-05,0.002
2014-10-06,0.0016
2014-10-07,0.0076
2014-10-08,0.0049
2014-10-09,0
2014-10-10,0
2014-10-11,0.0022
2014-10-12,0.0031
2014-10-13,0.00005
2014-10-14,0
2014-10-15,0.0017
2014-10-16,0.007
2014-10-17,0
2014-10-18,0
2014-10-19,0.0014
2014-10-20,0.00005
2014-10-21,0.0211
2014-10-22,0.0045
2014-10-23,0.00005
2014-10-24,0.0059
2014-10-25,0.0002
2014-10-26,0
2014-10-27,0
2014-10-28,0
2014-10-29,0.0009
2014-10-30,0.0005
2014-10-31,0
2014-11-01,0
2014-11-02,0.0036
2014-11-03,0.013
2014-11-04,0.001
2014-11-05,0
2014-11-06,0.00005
2014-11-07,0.0001
2014-11-08,0
2014-11-09,0.0001
2014-11-10,0.0022
2014-11-11,0.0002
2014-11-12,0.0002
2014-11-13,0
2014-11-14,0.0019
2014-11-15,0.0012
2014-11-16,0.0086
2014-11-17,0.00005
2014-11-18,0
2014-11-19,0
2014-11-20,0
2014-11-21,0
2014-11-22,0.00005
2014-11-23,0.0001
2014-11-24,0.0006
2014-11-25,0
2014-11-26,0.00005
2014-11-27,0.002
2014-11-28,0
2014-11-29,0
2014-11-30,0.00005
2014-12-01,0
2014-12-02,0.00005
2014-12-03,0
2014-12-04,0
2014-12-05,0.00005
2014-12-06,0.00005
2014-12-07,0.0023
2014-12-08,0.0014
2014-12-09,0.00005
2014-12-10,0.0033
2014-12-11,0.0051
2014-12-12,0.0137
2014-12-13,0
2014-12-14,0
2014-12-15,0.0027
2014-12-16,0.0015
2014-12-17,0.0026
2014-12-18,0.0025
2014-12-19,0.0133
2014-12-20,0.0006
2014-12-21,0.0004
2014-12-22,0.0004
2014-12-23,0.00005
2014-12-24,0.002
2014-12-25,0.0037
2014-12-26,0.00005
2014-12-27,0.0288
2014-12-28,0
2014-12-29,0.0009
2014-12-30,0.00005
2014-12-31,0
2015-01-01,0
2015-01-02,0.0037
2015-01-03,0.0025
2015-01-04,0.00005
2015-01-05,0
2015-01-06,0.0013
2015-01-07,0.0001
2015-01-08,0.0238
2015-01-09,0.0111
2015-01-10,0.0083
2015-01-11,0.0018
2015-01-12,0.0004
2015-01-13,0.0088
2015-01-14,0.0035
2015-01-15,0.0016
2015-01-16,0.0005
2015-01-17,0.00005
2015-01-18,0.0039
2015-01-19,0.0019
2015-01-20,0
2015-01-21,0
2015-01-22,0
2015-01-23,0
2015-01-24,0.0079
2015-01-25,0.0011
2015-01-26,0.0023
2015-01-27,0.0008
2015-01-28,0.0057
2015-01-29,0.0017
2015-01-30,0.0015
2015-01-31,0.001
2015-02-01,0.0007
2015-02-02,0.0072
2015-02-03,0.0003
2015-02-04,0.00005
2015-02-05,0.0002
2015-02-06,0
2015-02-07,0.0001
2015-02-08,0.00005
2015-02-09,0.0004
2015-02-10,0.0004
2015-02-11,0
2015-02-12,0
2015-02-13,0
2015-02-14,0.00005
2015-02-15,0
2015-02-16,0
2015-02-17,0.00005
2015-02-18,0
2015-02-19,0
2015-02-20,0.0092
2015-02-21,0.0035
2015-02-22,0.0015
2015-02-23,0.0035
2015-02-24,0.0036
2015-02-25,0.0036
2015-02-26,0.0065
2015-02-27,0.0004
2015-02-28,0.00005
2015-03-01,0.0081
2015-03-02,0.0033
2015-03-03,0.0035
2015-03-04,0.0006
2015-03-05,0
2015-03-06,0
2015-03-07,0
2015-03-08,0
2015-03-09,0.00005
2015-03-10,0.0003
2015-03-11,0
2015-03-12,0
2015-03-13,0
2015-03-14,0.0002
2015-03-15,0.0003
2015-03-16,0
2015-03-17,0
2015-03-18,0
2015-03-19,0
2015-03-20,0
2015-03-21,0.0038
2015-03-22,0
2015-03-23,0
2015-03-24,0.0022
2015-03-25,0.0084
2015-03-26,0.0026
2015-03-27,0
2015-03-28,0.0031
2015-03-29,0.0153
2015-03-30,0.0059
2015-03-31,0.0078
2015-04-01,0.0031
2015-04-02,0.0053
2015-04-03,0
2015-04-04,0.0018
2015-04-05,0
2015-04-06,0.00005
2015-04-07,0
2015-04-08,0
2015-04-09,0
2015-04-10,0
2015-04-11,0.0017
2015-04-12,0
2015-04-13,0.00005
2015-04-14,0
2015-04-15,0
2015-04-16,0
2015-04-17,0
2015-04-18,0
2015-04-19,0
2015-04-20,0
2015-04-21,0
2015-04-22,0
2015-04-23,0
2015-04-24,0
2015-04-25,0.0063
2015-04-26,0.0038
2015-04-27,0.0003
2015-04-28,0.0028
2015-04-29,0.0015
2015-04-30,0.0001
2015-05-01,0
2015-05-02,0
2015-05-03,0.0038
2015-05-04,0.0145
2015-05-05,0.0052
2015-05-06,0.0005
2015-05-07,0.0011
2015-05-08,0
2015-05-09,0.0009
2015-05-10,0
2015-05-11,0
2015-05-12,0
2015-05-13,0
2015-05-14,0.00005
2015-05-15,0
2015-05-16,0.0016
2015-05-17,0
2015-05-18,0.0013
2015-05-19,0.0007
2015-05-20,0.0001
2015-05-21,0
2015-05-22,0
2015-05-23,0.0002
2015-05-24,0.0006
2015-05-25,0.0018
2015-05-26,0
2015-05-27,0
2015-05-28,0.0002
2015-05-29,0.003
2015-05-30,0.0022
2015-05-31,0.0072
2015-06-01,0
2015-06-02,0.0017
2015-06-03,0.0004
2015-06-04,0
2015-06-05,0.0045
2015-06-06,0
2015-06-07,0
2015-06-08,0
2015-06-09,0
2015-06-10,0
2015-06-11,0
2015-06-12,0.0001
2015-06-13,0.0012
2015-06-14,0
2015-06-15,0
2015-06-16,0.00005
2015-06-17,0.0035
2015-06-18,0.0009
2015-06-19,0.0056
2015-06-20,0.00005
2015-06-21,0.0016
2015-06-22,0.0098
2015-06-23,0.0028
2015-06-24,0
2015-06-25,0
2015-06-26,0.0004
2015-06-27,0.0001
2015-06-28,0.00005
2015-06-29,0
2015-06-30,0
2015-07-01,0
2015-07-02,0.0018
2015-07-03,0
2015-07-04,0
2015-07-05,0.0016
2015-07-06,0
2015-07-07,0.00005
2015-07-08,0.0239
2015-07-09,0.0003
2015-07-10,0
2015-07-11,0
2015-07-12,0.001
2015-07-13,0.0062
2015-07-14,0.0037
2015-07-15,0.0024
2015-07-16,0.00005
2015-07-17,0.0021
2015-07-18,0.0001
2015-07-19,0.0037
2015-07-20,0.0068
2015-07-21,0.0002
2015-07-22,0
2015-07-23,0
2015-07-24,0.0004
2015-07-25,0.0039
2015-07-26,0.0019
2015-07-27,0.002
2015-07-28,0.0004
2015-07-29,0.0045
2015-07-30,0.0014
2015-07-31,0
2015-08-01,0
2015-08-02,0
2015-08-03,0
2015-08-04,0.0079
2015-08-05,0
2015-08-06,0
2015-08-07,0.00005
2015-08-08,0
2015-08-09,0.00005
2015-08-10,0.00005
2015-08-11,0
2015-08-12,0
2015-08-13,0
2015-08-14,0.0036
2015-08-15,0.0097
2015-08-16,0.0179
2015-08-17,0.0099
2015-08-18,0.0011
2015-08-19,0.0014
2015-08-20,0
2015-08-21,0
2015-08-22,0
2015-08-23,0.0068
2015-08-24,0.0027
2015-08-25,0.0087
2015-08-26,0.0027
2015-08-27,0.0083
2015-08-28,0
2015-08-29,0
2015-08-30,0.0156
2015-08-31,0.0041
2015-09-01,0.0003
2015-09-02,0.0041
2015-09-03,0.0019
2015-09-04,0.0101
2015-09-05,0.0047
2015-09-06,0.0004
2015-09-07,0.0007
2015-09-08,0.0002
2015-09-09,0
2015-09-10,0
2015-09-11,0
2015-09-12,0.0032
2015-09-13,0.0002
2015-09-14,0.0098
2015-09-15,0.00005
2015-09-16,0.0227
2015-09-17,0.0133
2015-09-18,0.0002
2015-09-19,0.0018
2015-09-20,0
2015-09-21,0.0024
2015-09-22,0.0156
2015-09-23,0.0034
2015-09-24,0.0018
2015-09-25,0.00005
2015-09-26,0
2015-09-27,0
2015-09-28,0
2015-09-29,0
2015-09-30,0
2015-10-01,0
2015-10-02,0
2015-10-03,0
2015-10-04,0
2015-10-05,0.0041
2015-10-06,0.0067
2015-10-07,0.0005
2015-10-08,0.0003
2015-10-09,0
2015-10-10,0
2015-10-11,0
2015-10-12,0
2015-10-13,0
2015-10-14,0.0069
2015-10-15,0.0047
2015-10-16,0.0081
2015-10-17,0
2015-10-18,0.00005
2015-10-19,0.00005
2015-10-20,0.00005
2015-10-21,0.0011
2015-10-22,0.0013
2015-10-23,0
2015-10-24,0
2015-10-25,0.0013
2015-10-26,0
2015-10-27,0
2015-10-28,0.0003
2015-10-29,0
2015-10-30,0
2015-10-31,0
2015-11-01,0
2015-11-02,0
2015-11-03,0
2015-11-04,0.00005
2015-11-05,0.0042
2015-11-06,0.0022
2015-11-07,0.007
2015-11-08,0
2015-11-09,0.0029
2015-11-10,0.0002
2015-11-11,0.0022
2015-11-12,0
2015-11-13,0.0018
2015-11-14,0.0076
2015-11-15,0.016
2015-11-16,0.0023
2015-11-17,0.0071
2015-11-18,0.0003
2015-11-19,0.0114
2015-11-20,0.0006
2015-11-21,0.001
2015-11-22,0.0005
2015-11-23,0
2015-11-24,0.0059
2015-11-25,0.0022
2015-11-26,0
2015-11-27,0.00005
2015-11-28,0.0048
2015-11-29,0.0152
2015-11-30,0.0182
2015-12-01,0.0023
2015-12-02,0
2015-12-03,0
2015-12-04,0.0034
2015-12-05,0
2015-12-06,0
2015-12-07,0.00005
2015-12-08,0.003
2015-12-09,0
2015-12-10,0
2015-12-11,0.0072
2015-12-12,0.0002
2015-12-13,0.0041
2015-12-14,0
2015-12-15,0.00005
2015-12-16,0.005
2015-12-17,0.00005
2015-12-18,0.00005
2015-12-19,0
2015-12-20,0.0004
2015-12-21,0.0009
2015-12-22,0.002
2015-12-23,0.0019
2015-12-24,0.0009
2015-12-25,0.0001
2015-12-26,0
2015-12-27,0
2015-12-28,0
2015-12-29,0
2015-12-30,0
2015-12-31,0.0019
2016-01-01,0
2016-01-02,0.0045
2016-01-03,0.01
2016-01-04,0.0047
2016-01-05,0.0002
2016-01-06,0.0008
2016-01-07,0.0093
2016-01-08,0.0004
2016-01-09,0.00005
2016-01-10,0.0004
2016-01-11,0.0042
2016-01-12,0.0034
2016-01-13,0.0055
2016-01-14,0.005
2016-01-15,0
2016-01-16,0.001
2016-01-17,0.00005
2016-01-18,0
2016-01-19,0
2016-01-20,0.00005
2016-01-21,0
2016-01-22,0.006
2016-01-23,0
2016-01-24,0.0027
2016-01-25,0
2016-01-26,0.0014
2016-01-27,0.0081
2016-01-28,0.0045
2016-01-29,0.0009
2016-01-30,0.023
2016-01-31,0.0049
2016-02-01,0.0021
2016-02-02,0.002
2016-02-03,0.001
2016-02-04,0.0032
2016-02-05,0.0003
2016-02-06,0
2016-02-07,0.0022
2016-02-08,0.0071
2016-02-09,0.0159
2016-02-10,0.0058
2016-02-11,0
2016-02-12,0
2016-02-13,0.0022
2016-02-14,0.0111
2016-02-15,0.0017
2016-02-16,0
2016-02-17,0
2016-02-18,0.00005
2016-02-19,0.0011
2016-02-20,0.0059
2016-02-21,0.0017
2016-02-22,0.0142
2016-02-23,0.0033
2016-02-24,0.00005
2016-02-25,0.00005
2016-02-26,0
2016-02-27,0
2016-02-28,0
2016-02-29,0
2016-03-01,0.0043
2016-03-02,0.0089
2016-03-03,0.0005
2016-03-04,0.0072
2016-03-05,0
2016-03-06,0.00005
2016-03-07,0.0014
2016-03-08,0.0005
2016-03-09,0
2016-03-10,0
2016-03-11,0
2016-03-12,0
2016-03-13,0
2016-03-14,0
2016-03-15,0
2016-03-16,0
2016-03-17,0
2016-03-18,0
2016-03-19,0
2016-03-20,0.0001
2016-03-21,0.0005
2016-03-22,0.0002
2016-03-23,0.0003
2016-03-24,0.0003
2016-03-25,0.0063
2016-03-26,0
2016-03-27,0.0063
2016-03-28,0.0021
2016-03-29,0.0002
2016-03-30,0.0002
2016-03-31,0
2016-04-01,0
2016-04-02,0
2016-04-03,0.0002
2016-04-04,0.0004
2016-04-05,0.0021
2016-04-06,0.0024
2016-04-07,0.0005
2016-04-08,0.0001
2016-04-09,0
2016-04-10,0.0009
2016-04-11,0.0002
2016-04-12,0.0058
2016-04-13,0.0045
2016-04-14,0.00005
2016-04-15,0.0131
2016-04-16,0.0002
2016-04-17,0.0006
2016-04-18,0
2016-04-19,0
2016-04-20,0
2016-04-21,0
2016-04-22,0
2016-04-23,0.00005
2016-04-24,0.0012
2016-04-25,0.0077
2016-04-26,0.0088
2016-04-27,0.0038
2016-04-28,0.0009
2016-04-29,0.0005
2016-04-30,0.00005
2016-05-01,0
2016-05-02,0.0004
2016-05-03,0.0027
2016-05-04,0
2016-05-05,0
2016-05-06,0
2016-05-07,0
2016-05-08,0
2016-05-09,0
2016-05-10,0.00005
2016-05-11,0.00005
2016-05-12,0
2016-05-13,0
2016-05-14,0
2016-05-15,0.00005
2016-05-16,0.0001
2016-05-17,0
2016-05-18,0.0026
2016-05-19,0.0011
2016-05-20,0.006
2016-05-21,0.00005
2016-05-22,0.0167
2016-05-23,0.0135
2016-05-24,0
2016-05-25,0.00005
2016-05-26,0
2016-05-27,0.0117
2016-05-28,0
2016-05-29,0.00005
2016-05-30,0.068
2016-05-31,0
2016-06-01,0.0011
2016-06-02,0.00005
2016-06-03,0.0004
2016-06-04,0
2016-06-05,0
2016-06-06,0
2016-06-07,0
2016-06-08,0
2016-06-09,0
2016-06-10,0
2016-06-11,0.00005
2016-06-12,0.0195
2016-06-13,0.016
2016-06-14,0.0027
2016-06-15,0.021
2016-06-16,0.0001
2016-06-17,0.021
2016-06-18,0.0032
2016-06-19,0
2016-06-20,0.0155
2016-06-21,0.0021
2016-06-22,0
2016-06-23,0.0111
2016-06-24,0.0043
2016-06-25,0.007
2016-06-26,0.0034
2016-06-27,0.0056
2016-06-28,0.0049
2016-06-29,0.0031
2016-06-30,0.0012
2016-07-01,0.0133
2016-07-02,0.001
2016-07-03,0.00005
2016-07-04,0
2016-07-05,0.0001
2016-07-06,0.0009
2016-07-07,0
2016-07-08,0
2016-07-09,0
2016-07-10,0
2016-07-11,0
2016-07-12,0.00005
2016-07-13,0.0047
2016-07-14,0.00005
2016-07-15,0
2016-07-16,0
2016-07-17,0.0024
2016-07-18,0
2016-07-19,0
2016-07-20,0.00005
2016-07-21,0
2016-07-22,0.0181
2016-07-23,0
2016-07-24,0
2016-07-25,0
2016-07-26,0
2016-07-27,0.0001
2016-07-28,0.0055
2016-07-29,0.0035
2016-07-30,0.0007
2016-07-31,0.00005
2016-08-01,0.0075
2016-08-02,0.0103
2016-08-03,0.0188
2016-08-04,0.0013
2016-08-05,0.0001
2016-08-06,0.00005
2016-08-07,0
2016-08-08,0.0001
2016-08-09,0.0001
2016-08-10,0.0052
2016-08-11,0.006
2016-08-12,0.0008
2016-08-13,0
2016-08-14,0
2016-08-15,0
2016-08-16,0
2016-08-17,0
2016-08-18,0
2016-08-19,0.0008
2016-08-20,0
2016-08-21,0.004
2016-08-22,0.0007
2016-08-23,0
2016-08-24,0
2016-08-25,0
2016-08-26,0
2016-08-27,0
2016-08-28,0
2016-08-29,0.00005
2016-08-30,0
2016-08-31,0
2016-09-01,0
2016-09-02,0.001
2016-09-03,0.0003
2016-09-04,0.0024
2016-09-05,0
2016-09-06,0
2016-09-07,0
2016-09-08,0
2016-09-09,0
2016-09-10,0
2016-09-11,0.00005
2016-09-12,0
2016-09-13,0
2016-09-14,0
2016-09-15,0.022
2016-09-16,0
2016-09-17,0
2016-09-18,0
2016-09-19,0
2016-09-20,0
2016-09-21,0
2016-09-22,0
2016-09-23,0
2016-09-24,0
2016-09-25,0.0006
2016-09-26,0
2016-09-27,0
2016-09-28,0
2016-09-29,0.0012
2016-09-30,0
2016-10-01,0.002
2016-10-02,0.0031
2016-10-03,0.00005
2016-10-04,0
2016-10-05,0
2016-10-06,0
2016-10-07,0
2016-10-08,0.0004
2016-10-09,0
2016-10-10,0
2016-10-11,0.0007
2016-10-12,0.0012
2016-10-13,0
2016-10-14,0.0042
2016-10-15,0.0017
2016-10-16,0
2016-10-17,0.00005
2016-10-18,0.0091
2016-10-19,0.0039
2016-10-20,0.0035
2016-10-21,0.0016
2016-10-22,0
2016-10-23,0
2016-10-24,0.0012
2016-10-25,0
2016-10-26,0
2016-10-27,0
2016-10-28,0.0004
2016-10-29,0.00005
2016-10-30,0
2016-10-31,0
2016-11-01,0.0002
2016-11-02,0.0029
2016-11-03,0.00005
2016-11-04,0.0003
2016-11-05,0.0014
2016-11-06,0.0001
2016-11-07,0.0026
2016-11-08,0.0001
2016-11-09,0.0081
2016-11-10,0.008
2016-11-11,0.0009
2016-11-12,0
2016-11-13,0.0013
2016-11-14,0.0032
2016-11-15,0.006
2016-11-16,0.012
2016-11-17,0.0104
2016-11-18,0.0095
2016-11-19,0.0001
2016-11-20,0.0049
2016-11-21,0.0029
2016-11-22,0
2016-11-23,0
2016-11-24,0
2016-11-25,0
2016-11-26,0
2016-11-27,0.00005
2016-11-28,0
2016-11-29,0
2016-11-30,0
2016-12-01,0
2016-12-02,0.0019
2016-12-03,0
2016-12-04,0
2016-12-05,0
2016-12-06,0
2016-12-07,0
2016-12-08,0.0004
2016-12-09,0.00005
2016-12-10,0.0026
2016-12-11,0.0024
2016-12-12,0
2016-12-13,0.0007
2016-12-14,0
2016-12-15,0
2016-12-16,0
2016-12-17,0.001
2016-12-18,0
2016-12-19,0
2016-12-20,0
2016-12-21,0.0047
2016-12-22,0.0074
2016-12-23,0.0006
2016-12-24,0.0015
2016-12-25,0.001
2016-12-26,0.0039
2016-12-27,0.0004
2016-12-28,0
2016-12-29,0
2016-12-30,0
2016-12-31,0
2017-01-01,0.001
2017-01-02,0.0021
2017-01-03,0.00005
2017-01-04,0.004
2017-01-05,0.0004
2017-01-06,0
2017-01-07,0.0035
2017-01-08,0
2017-01-09,0.002
2017-01-10,0.0034
2017-01-11,0.0009
2017-01-12,0.0182
2017-01-13,0.0126
2017-01-14,0.0036
2017-01-15,0
2017-01-16,0.00005
2017-01-17,0
2017-01-18,0
2017-01-19,0
2017-01-20,0
2017-01-21,0
2017-01-22,0
2017-01-23,0.00005
2017-01-24,0.00005
2017-01-25,0
2017-01-26,0
2017-01-27,0
2017-01-28,0.00005
2017-01-29,0.0012
2017-01-30,0.0067
2017-01-31,0
2017-02-01,0.0007
2017-02-02,0
2017-02-03,0.0001
2017-02-04,0.0057
2017-02-05,0
2017-02-06,0
2017-02-07,0.0022
2017-02-08,0.00005
2017-02-09,0
2017-02-10,0.00005
2017-02-11,0.0045
2017-02-12,0.0002
2017-02-13,0
2017-02-14,0
2017-02-15,0
2017-02-16,0
2017-02-17,0.0014
2017-02-18,0
2017-02-19,0.0005
2017-02-20,0.0055
2017-02-21,0.0004
2017-02-22,0.0269
2017-02-23,0.0123
2017-02-24,0.0012
2017-02-25,0.0001
2017-02-26,0.0003
2017-02-27,0.0064
2017-02-28,0.005
2017-03-01,0.0036
2017-03-02,0.0025
2017-03-03,0.0001
2017-03-04,0.0109
2017-03-05,0.0033
2017-03-06,0.0075
2017-03-07,0.0011
2017-03-08,0.0141
2017-03-09,0.0005
2017-03-10,0
2017-03-11,0
2017-03-12,0
2017-03-13,0
2017-03-14,0
2017-03-15,0
2017-03-16,0
2017-03-17,0.0015
2017-03-18,0.014
2017-03-19,0.0013
2017-03-20,0.0025
2017-03-21,0.0017
2017-03-22,0
2017-03-23,0
2017-03-24,0
2017-03-25,0
2017-03-26,0
2017-03-27,0
2017-03-28,0.00005
2017-03-29,0.00005
2017-03-30,0
2017-03-31,0.00005
2017-04-01,0.0018
2017-04-02,0
2017-04-03,0
2017-04-04,0
2017-04-05,0.0001
2017-04-06,0.0021
2017-04-07,0
2017-04-08,0
2017-04-09,0
2017-04-10,0
2017-04-11,0
2017-04-12,0.0018
2017-04-13,0.0005
2017-04-14,0.00005
2017-04-15,0.0021
2017-04-16,0.0022
2017-04-17,0.0104
2017-04-18,0.0004
2017-04-19,0
2017-04-20,0
2017-04-21,0.00005
2017-04-22,0.003
2017-04-23,0
2017-04-24,0.0017
2017-04-25,0.0004
2017-04-26,0.00005
2017-04-27,0.00005
2017-04-28,0.0002
2017-04-29,0
2017-04-30,0
2017-05-01,0.001
2017-05-02,0.0028
2017-05-03,0.0028
2017-05-04,0.0001
2017-05-05,0.0002
2017-05-06,0
2017-05-07,0
2017-05-08,0.0001
2017-05-09,0
2017-05-10,0
2017-05-11,0.0034
2017-05-12,0.0002
2017-05-13,0.0013
2017-05-14,0.0003
2017-05-15,0.00005
2017-05-16,0
2017-05-17,0
2017-05-18,0.0042
2017-05-19,0.0022
2017-05-20,0
2017-05-21,0
2017-05-22,0
2017-05-23,0
2017-05-24,0
2017-05-25,0
2017-05-26,0
2017-05-27,0
2017-05-28,0.0017
2017-05-29,0.00005
2017-05-30,0.0017
2017-05-31,0
2017-06-01,0
2017-06-02,0
2017-06-03,0.01
2017-06-04,0.00005
2017-06-05,0
2017-06-06,0.006
2017-06-07,0.0041
2017-06-08,0.00005
2017-06-09,0.0099
2017-06-10,0
2017-06-11,0.00005
2017-06-12,0
2017-06-13,0
2017-06-14,0
2017-06-15,0
2017-06-16,0
2017-06-17,0
2017-06-18,0
2017-06-19,0
2017-06-20,0
2017-06-21,0
2017-06-22,0.0013
2017-06-23,0.00005
2017-06-24,0.0009
2017-06-25,0.0002
2017-06-26,0.0002
2017-06-27,0.0005
2017-06-28,0.0139
2017-06-29,0.00005
2017-06-30,0.0002
2017-07-01,0.015
2017-07-02,0.0006
2017-07-03,0.00005
2017-07-04,0
2017-07-05,0
2017-07-06,0.0139
2017-07-07,0.0007
2017-07-08,0
2017-07-09,0
2017-07-10,0.00005
2017-07-11,0.0011
2017-07-12,0.0443
2017-07-13,0
2017-07-14,0.0037
2017-07-15,0.00005
2017-07-16,0.0024
2017-07-17,0.0048
2017-07-18,0
2017-07-19,0.00005
2017-07-20,0.0068
2017-07-21,0
2017-07-22,0.0076
2017-07-23,0.0106
2017-07-24,0.005
2017-07-25,0.0061
2017-07-26,0
2017-07-27,0.00005
2017-07-28,0.0011
2017-07-29,0
2017-07-30,0.0021
2017-07-31,0
2017-08-01,0
2017-08-02,0.0016
2017-08-03,0.0014
2017-08-04,0
2017-08-05,0.0052
2017-08-06,0
2017-08-07,0
2017-08-08,0.0023
2017-08-09,0
2017-08-10,0.006
2017-08-11,0.00005
2017-08-12,0.002
2017-08-13,0
2017-08-14,0
2017-08-15,0.0036
2017-08-16,0
2017-08-17,0.0006
2017-08-18,0.0058
2017-08-19,0.0005
2017-08-20,0.0002
2017-08-21,0
2017-08-22,0
2017-08-23,0
2017-08-24,0
2017-08-25,0
2017-08-26,0
2017-08-27,0
2017-08-28,0
2017-08-29,0
2017-08-30,0.0253
2017-08-31,0.0004
2017-09-01,0.004
2017-09-02,0
2017-09-03,0
2017-09-04,0
2017-09-05,0.0061
2017-09-06,0.0017
2017-09-07,0.00005
2017-09-08,0.0038
2017-09-09,0.0065
2017-09-10,0.00005
2017-09-11,0.0023
2017-09-12,0.0002
2017-09-13,0.0083
2017-09-14,0.019
2017-09-15,0.0037
2017-09-16,0.0004
2017-09-17,0
2017-09-18,0.0134
2017-09-19,0
2017-09-20,0
2017-09-21,0
2017-09-22,0.0006
2017-09-23,0
2017-09-24,0
2017-09-25,0
2017-09-26,0
2017-09-27,0
2017-09-28,0.0054
2017-09-29,0.0071
2017-09-30,0.0037
2017-10-01,0.00005
2017-10-02,0.0065
2017-10-03,0.0004
2017-10-04,0.0001
2017-10-05,0.0104
2017-10-06,0.0051
2017-10-07,0.007
2017-10-08,0.00005
2017-10-09,0.0007
2017-10-10,0.0005
2017-10-11,0.00005
2017-10-12,0.0005
2017-10-13,0
2017-10-14,0
2017-10-15,0
2017-10-16,0.00005
2017-10-17,0
2017-10-18,0
2017-10-19,0.00005
2017-10-20,0.0008
2017-10-21,0.0028
2017-10-22,0.0061
2017-10-23,0
2017-10-24,0.0007
2017-10-25,0.00005
2017-10-26,0
2017-10-27,0.0001
2017-10-28,0.0039
2017-10-29,0.0019
2017-10-30,0.00005
2017-10-31,0.0001
2017-11-01,0
2017-11-02,0.00005
2017-11-03,0
2017-11-04,0.0022
2017-11-05,0.0047
2017-11-06,0.00005
2017-11-07,0
2017-11-08,0.00005
2017-11-09,0.0003
2017-11-10,0.0005
2017-11-11,0.0012
2017-11-12,0.0024
2017-11-13,0.0035
2017-11-14,0.00005
2017-11-15,0.0002
2017-11-16,0.0016
2017-11-17,0.00005
2017-11-18,0.0018
2017-11-19,0.0016
2017-11-20,0.0092
2017-11-21,0.0046
2017-11-22,0
2017-11-23,0.0033
2017-11-24,0.0086
2017-11-25,0.0012
2017-11-26,0.0004
2017-11-27,0.0109
2017-11-28,0.00005
2017-11-29,0.00005
2017-11-30,0.00005
2017-12-01,0.00005
2017-12-02,0
2017-12-03,0.0017
2017-12-04,0.0004
2017-12-05,0
2017-12-06,0
2017-12-07,0.0062
2017-12-08,0.0173
2017-12-09,0.0116
2017-12-10,0.0177
2017-12-11,0.0111
2017-12-12,0.0001
2017-12-13,0.008
2017-12-14,0.0047
2017-12-15,0.00005
2017-12-16,0.005
2017-12-17,0.0055
2017-12-18,0.0022
2017-12-19,0.001
2017-12-20,0.0003
2017-12-21,0.0007
2017-12-22,0.0021
2017-12-23,0.00005
2017-12-24,0
2017-12-25,0
2017-12-26,0.0012
2017-12-27,0.0031
2017-12-28,0.0006
2017-12-29,0.0052
2017-12-30,0.0061
2017-12-31,0.01
2018-01-01,0.0095
2018-01-02,0.0051
2018-01-03,0.0113
2018-01-04,0.0011
2018-01-05,0.0051
2018-01-06,0
2018-01-07,0
2018-01-08,0
2018-01-09,0.00005
2018-01-10,0.0031
2018-01-11,0.00005
2018-01-12,0
2018-01-13,0
2018-01-14,0
2018-01-15,0.0067
2018-01-16,0.0045
2018-01-17,0.0061
2018-01-18,0.0097
2018-01-19,0.0041
2018-01-20,0.0019
2018-01-21,0.0014
2018-01-22,0.0008
2018-01-23,0.0001
2018-01-24,0.0009
2018-01-25,0.0001
2018-01-26,0
2018-01-27,0.0006
2018-01-28,0.0011
2018-01-29,0.0038
2018-01-30,0
2018-01-31,0.0111
2018-02-01,0.001
2018-02-02,0.0041
2018-02-03,0.0001
2018-02-04,0.0005
2018-02-05,0
2018-02-06,0
2018-02-07,0
2018-02-08,0
2018-02-09,0.00005
2018-02-10,0.001
2018-02-11,0.0031
2018-02-12,0.00005
2018-02-13,0
2018-02-14,0
2018-02-15,0.0048
2018-02-16,0
2018-02-17,0
2018-02-18,0
2018-02-19,0
2018-02-20,0
2018-02-21,0
2018-02-22,0
2018-02-23,0
2018-02-24,0
2018-02-25,0
2018-02-26,0.00005
2018-02-27,0
2018-02-28,0.00005
2018-03-01,0
2018-03-02,0.00005
2018-03-03,0.0007
2018-03-04,0.0014
2018-03-05,0
2018-03-06,0
2018-03-07,0.0023
2018-03-08,0.0019
2018-03-09,0.0029
2018-03-10,0.0033
2018-03-11,0.0002
2018-03-12,0.0015
2018-03-13,0.0073
2018-03-14,0
2018-03-15,0.0033
2018-03-16,0.0014
2018-03-17,0.0011
2018-03-18,0
2018-03-19,0
2018-03-20,0.0005
2018-03-21,0
2018-03-22,0.0023
2018-03-23,0.00005
2018-03-24,0.00005
2018-03-25,0
2018-03-26,0.00005
2018-03-27,0.0039
2018-03-28,0.0126
2018-03-29,0.0005
2018-03-30,0.0036
2018-03-31,0.0055
2018-04-01,0.0029
2018-04-02,0.0006
2018-04-03,0.0005
2018-04-04,0.003
2018-04-05,0.0044
2018-04-06,0
2018-04-07,0
2018-04-08,0
2018-04-09,0
2018-04-10,0.0132
2018-04-11,0.00005
2018-04-12,0.00005
2018-04-13,0
2018-04-14,0.0008
2018-04-15,0.0007
2018-04-16,0.00005
2018-04-17,0
2018-04-18,0
2018-04-19,0
2018-04-20,0
2018-04-21,0
2018-04-22,0.0034
2018-04-23,0
2018-04-24,0.00005
2018-04-25,0.00005
2018-04-26,0.0023
2018-04-27,0
2018-04-28,0.0002
2018-04-29,0.0259
2018-04-30,0.0122
2018-05-01,0.0063
2018-05-02,0.00005
2018-05-03,0
2018-05-04,0
2018-05-05,0
2018-05-06,0
2018-05-07,0
2018-05-08,0
2018-05-09,0
2018-05-10,0.0007
2018-05-11,0
2018-05-12,0
2018-05-13,0.0035
2018-05-14,0
2018-05-15,0
2018-05-16,0.0001
2018-05-17,0
2018-05-18,0
2018-05-19,0.00005
2018-05-20,0
2018-05-21,0.0007
2018-05-22,0.0091
2018-05-23,0.0026
2018-05-24,0.00005
2018-05-25,0
2018-05-26,0
2018-05-27,0.0047
2018-05-28,0
2018-05-29,0.0198
2018-05-30,0
2018-05-31,0.00005
2018-06-01,0.0112
2018-06-02,0
2018-06-03,0
2018-06-04,0
2018-06-05,0
2018-06-06,0
2018-06-07,0.0003
2018-06-08,0.0174
2018-06-09,0
2018-06-10,0
2018-06-11,0
2018-06-12,0.00005
2018-06-13,0.0009
2018-06-14,0.0016
2018-06-15,0
2018-06-16,0.00005
2018-06-17,0
2018-06-18,0.00005
2018-06-19,0.00005
2018-06-20,0
2018-06-21,0.00005
2018-06-22,0.00005
2018-06-23,0.0001
2018-06-24,0
2018-06-25,0.00005
2018-06-26,0
2018-06-27,0
2018-06-28,0
2018-06-29,0
2018-06-30,0
2018-07-01,0
2018-07-02,0
2018-07-03,0
2018-07-04,0
2018-07-05,0
2018-07-06,0
2018-07-07,0
2018-07-08,0
2018-07-09,0.00005
2018-07-10,0.0023
2018-07-11,0
2018-07-12,0
2018-07-13,0
2018-07-14,0
2018-07-15,0
2018-07-16,0
2018-07-17,0
2018-07-18,0
2018-07-19,0
2018-07-20,0.00005
2018-07-21,0
2018-07-22,0
2018-07-23,0
2018-07-24,0
2018-07-25,0
2018-07-26,0
2018-07-27,0
2018-07-28,0.0004
2018-07-29,0.00005
2018-07-30,0.00005
2018-07-31,0
2018-08-01,0
2018-08-02,0
2018-08-03,0
2018-08-04,0
2018-08-05,0
2018-08-06,0
2018-08-07,0.00005
2018-08-08,0.0006
2018-08-09,0.0263
2018-08-10,0.004
2018-08-11,0.00005
2018-08-12,0.00005
2018-08-13,0.0088
2018-08-14,0.0002
2018-08-15,0
2018-08-16,0
2018-08-17,0.0148
2018-08-18,0
2018-08-19,0
2018-08-20,0.00005
2018-08-21,0
2018-08-22,0
2018-08-23,0.0035
2018-08-24,0.00005
2018-08-25,0.0133
2018-08-26,0.0005
2018-08-27,0.001
2018-08-28,0
2018-08-29,0.0131
2018-08-30,0
2018-08-31,0
2018-09-01,0
2018-09-02,0
2018-09-03,0.00005
2018-09-04,0.00005
2018-09-05,0.0063
2018-09-06,0.0016
2018-09-07,0.0041
2018-09-08,0
2018-09-09,0.00005
2018-09-10,0
2018-09-11,0
2018-09-12,0.0002
2018-09-13,0
2018-09-14,0
2018-09-15,0.00005
2018-09-16,0
2018-09-17,0
2018-09-18,0
2018-09-19,0
2018-09-20,0
2018-09-21,0.008
2018-09-22,0.0019
2018-09-23,0.0113
2018-09-24,0.0009
2018-09-25,0
2018-09-26,0
2018-09-27,0
2018-09-28,0
2018-09-29,0
2018-09-30,0.00005
2018-10-01,0.0007
2018-10-02,0.0007
2018-10-03,0.00005
2018-10-04,0.00005
2018-10-05,0
2018-10-06,0.0001
2018-10-07,0.00005
2018-10-08,0
2018-10-09,0
2018-10-10,0
2018-10-11,0
2018-10-12,0.00005
2018-10-13,0
2018-10-14,0
2018-10-15,0
2018-10-16,0
2018-10-17,0
2018-10-18,0
2018-10-19,0
2018-10-20,0
2018-10-21,0
2018-10-22,0.0009
2018-10-23,0
2018-10-24,0.0011
2018-10-25,0
2018-10-26,0.0024
2018-10-27,0.0001
2018-10-28,0
2018-10-29,0.0002
2018-10-30,0.0279
2018-10-31,0.00005
2018-11-01,0.0037
2018-11-02,0.0005
2018-11-03,0
2018-11-04,0
2018-11-05,0
2018-11-06,0
2018-11-07,0.001
2018-11-08,0
2018-11-09,0
2018-11-10,0.0029
2018-11-11,0.0039
2018-11-12,0.0064
2018-11-13,0.0006
2018-11-14,0
2018-11-15,0
2018-11-16,0
2018-11-17,0
2018-11-18,0
2018-11-19,0.0006
2018-11-20,0
2018-11-21,0
2018-11-22,0
2018-11-23,0
2018-11-24,0.0001
2018-11-25,0
2018-11-26,0.0008
2018-11-27,0
2018-11-28,0.0023
2018-11-29,0.0071
2018-11-30,0.00005
2018-12-01,0.0007
2018-12-02,0.0158
2018-12-03,0.0071
2018-12-04,0.0016
2018-12-05,0.0014
2018-12-06,0.0007
2018-12-07,0.0092
2018-12-08,0.0121
2018-12-09,0.0069
2018-12-10,0.0013
2018-12-11,0.0001
2018-12-12,0
2018-12-13,0
2018-12-14,0
2018-12-15,0.00005
2018-12-16,0.0027
2018-12-17,0.0024
2018-12-18,0
2018-12-19,0.0002
2018-12-20,0.0019
2018-12-21,0.0119
2018-12-22,0.0051
2018-12-23,0.0096
2018-12-24,0.00005
2018-12-25,0
2018-12-26,0
2018-12-27,0
2018-12-28,0
2018-12-29,0.0006
2018-12-30,0.0031
2018-12-31,0.0001
2019-01-01,0.0008
2019-01-02,0.00005
2019-01-03,0.00005
2019-01-04,0.00005
2019-01-05,0.0012
2019-01-06,0.00005
2019-01-07,0.0037
2019-01-08,0.0008
2019-01-09,0.0004
2019-01-10,0.0005
2019-01-11,0.0011
2019-01-12,0.0042
2019-01-13,0.0064
2019-01-14,0.0023
2019-01-15,0
2019-01-16,0.0025
2019-01-17,0.0038
2019-01-18,0
2019-01-19,0
2019-01-20,0
2019-01-21,0
2019-01-22,0.004
2019-01-23,0
2019-01-24,0
2019-01-25,0.0018
2019-01-26,0.0007
2019-01-27,0.0045
2019-01-28,0.0038
2019-01-29,0
2019-01-30,0.0008
2019-01-31,0
2019-02-01,0.0022
2019-02-02,0.0042
2019-02-03,0
2019-02-04,0.0005
2019-02-05,0
2019-02-06,0.0062
2019-02-07,0.0027
2019-02-08,0.0023
2019-02-09,0.0002
2019-02-10,0.0239
2019-02-11,0.0002
2019-02-12,0
2019-02-13,0
2019-02-14,0
2019-02-15,0
2019-02-16,0
2019-02-17,0
2019-02-18,0
2019-02-19,0.00005
2019-02-20,0
2019-02-21,0.0019
2019-02-22,0
2019-02-23,0
2019-02-24,0
2019-02-25,0
2019-02-26,0
2019-02-27,0
2019-02-28,0.0001
2019-03-01,0.0009
2019-03-02,0.0004
2019-03-03,0.0055
2019-03-04,0.0034
2019-03-05,0.0008
2019-03-06,0.0005
2019-03-07,0.0083
2019-03-08,0.003
2019-03-09,0.0041
2019-03-10,0.0116
2019-03-11,0.0015
2019-03-12,0.0019
2019-03-13,0.0121
2019-03-14,0.0075
2019-03-15,0.0049
2019-03-16,0.0037
2019-03-17,0.0057
2019-03-18,0.0019
2019-03-19,0
2019-03-20,0.00005
2019-03-21,0
2019-03-22,0
2019-03-23,0.00005
2019-03-24,0
2019-03-25,0.0017
2019-03-26,0.00005
2019-03-27,0
2019-03-28,0
2019-03-29,0
2019-03-30,0
2019-03-31,0
2019-04-01,0
2019-04-02,0.002
2019-04-03,0.0001
2019-04-04,0
2019-04-05,0
2019-04-06,0
2019-04-07,0.00005
2019-04-08,0
2019-04-09,0
2019-04-10,0
2019-04-11,0
2019-04-12,0
2019-04-13,0.00005
2019-04-14,0
2019-04-15,0
2019-04-16,0
2019-04-17,0.00005
2019-04-18,0
2019-04-19,0
2019-04-20,0
2019-04-21,0
2019-04-22,0
2019-04-23,0
2019-04-24,0.0064
2019-04-25,0.0006
2019-04-26,0
2019-04-27,0.0035
2019-04-28,0
2019-04-29,0.00005
2019-04-30,0
2019-05-01,0
2019-05-02,0.0001
2019-05-03,0.0013
2019-05-04,0.0012
2019-05-05,0.0004
2019-05-06,0.00005
2019-05-07,0
2019-05-08,0.0012
2019-05-09,0.0008
2019-05-10,0.0004
2019-05-11,0
2019-05-12,0.00005
2019-05-13,0
2019-05-14,0
2019-05-15,0
2019-05-16,0.00005
2019-05-17,0.0003
2019-05-18,0.00005
2019-05-19,0.0022
2019-05-20,0
2019-05-21,0
2019-05-22,0
2019-05-23,0
2019-05-24,0
2019-05-25,0
2019-05-26,0.0003
2019-05-27,0.0009
2019-05-28,0.0061
2019-05-29,0
2019-05-30,0.0001
2019-05-31,0.00005
2019-06-01,0
2019-06-02,0.0001
2019-06-03,0.00005
2019-06-04,0.0062
2019-06-05,0.0083
2019-06-06,0.0067
2019-06-07,0.00005
2019-06-08,0.0017
2019-06-09,0.00005
2019-06-10,0.0011
2019-06-11,0.00005
2019-06-12,0.0163
2019-06-13,0.0079
2019-06-14,0.0002
2019-06-15,0.0074
2019-06-16,0
2019-06-17,0
2019-06-18,0
2019-06-19,0.00005
2019-06-20,0.0001
2019-06-21,0
2019-06-22,0
2019-06-23,0
2019-06-24,0
2019-06-25,0
2019-06-26,0
2019-06-27,0
2019-06-28,0
2019-06-29,0
2019-06-30,0
2019-07-01,0
2019-07-02,0
2019-07-03,0
2019-07-04,0
2019-07-05,0
2019-07-06,0.0011
2019-07-07,0.00005
2019-07-08,0.0001
2019-07-09,0.00005
2019-07-10,0.0028
2019-07-11,0.00005
2019-07-12,0.0064
2019-07-13,0.0002
2019-07-14,0.00005
2019-07-15,0.0002
2019-07-16,0
2019-07-17,0
2019-07-18,0.00005
2019-07-19,0
2019-07-20,0.0054
2019-07-21,0
2019-07-22,0
2019-07-23,0
2019-07-24,0
2019-07-25,0
2019-07-26,0
2019-07-27,0.00005
2019-07-28,0.00005
2019-07-29,0
2019-07-30,0
2019-07-31,0.0001
2019-08-01,0.00005
2019-08-02,0.0023
2019-08-03,0.0006
2019-08-04,0.00005
2019-08-05,0.00005
2019-08-06,0.00005
2019-08-07,0
2019-08-08,0
2019-08-09,0.0067
2019-08-10,0.0002
2019-08-11,0
2019-08-12,0.0069
2019-08-13,0.0057
2019-08-14,0.0022
2019-08-15,0.0031
2019-08-16,0.0003
2019-08-17,0.0057
2019-08-18,0.0041
2019-08-19,0.0005
2019-08-20,0.0011
2019-08-21,0
2019-08-22,0
2019-08-23,0
2019-08-24,0
2019-08-25,0
2019-08-26,0
2019-08-27,0
2019-08-28,0.0008
2019-08-29,0.0128
2019-08-30,0
2019-08-31,0.00005
2019-09-01,0
2019-09-02,0
2019-09-03,0
2019-09-04,0.004
2019-09-05,0.0003
2019-09-06,0
2019-09-07,0.00005
2019-09-08,0.00005
2019-09-09,0
2019-09-10,0
2019-09-11,0.0021
2019-09-12,0
2019-09-13,0.0002
2019-09-14,0
2019-09-15,0
2019-09-16,0.0001
2019-09-17,0
2019-09-18,0
2019-09-19,0
2019-09-20,0
2019-09-21,0
2019-09-22,0.00005
2019-09-23,0.001
2019-09-24,0.0033
2019-09-25,0.0012
2019-09-26,0.0089
2019-09-27,0.0014
2019-09-28,0.0009
2019-09-29,0.0113
2019-09-30,0.0072
2019-10-01,0.0187
2019-10-02,0.0008
2019-10-03,0.00005
2019-10-04,0.0104
2019-10-05,0
2019-10-06,0.0154
2019-10-07,0.0007
2019-10-08,0.0063
2019-10-09,0.0012
2019-10-10,0.001
2019-10-11,0.0019
2019-10-12,0
2019-10-13,0.0019
2019-10-14,0.00005
2019-10-15,0.0029
2019-10-16,0.0062
2019-10-17,0.0009
2019-10-18,0.0024
2019-10-19,0.0007
2019-10-20,0.0023
2019-10-21,0.0018
2019-10-22,0.00005
2019-10-23,0.00005
2019-10-24,0.00005
2019-10-25,0.00005
2019-10-26,0.0008
2019-10-27,0.0025
2019-10-28,0
2019-10-29,0
2019-10-30,0
2019-10-31,0
2019-11-01,0.0049
2019-11-02,0.002
2019-11-03,0.0067
2019-11-04,0.0008
2019-11-05,0.0003
2019-11-06,0.0026
2019-11-07,0.003
2019-11-08,0
2019-11-09,0.0004
2019-11-10,0
2019-11-11,0.0014
2019-11-12,0.0001
2019-11-13,0.0047
2019-11-14,0
2019-11-15,0
2019-11-16,0
2019-11-17,0.0046
2019-11-18,0.006
2019-11-19,0.0007
2019-11-20,0
2019-11-21,0.00005
2019-11-22,0.0005
2019-11-23,0
2019-11-24,0
2019-11-25,0
2019-11-26,0.0001
2019-11-27,0.0056
2019-11-28,0.0086
2019-11-29,0
2019-11-30,0
2019-12-01,0
2019-12-02,0.0001
2019-12-03,0
2019-12-04,0
2019-12-05,0
2019-12-06,0.0058
2019-12-07,0.0001
2019-12-08,0.0014
2019-12-09,0.0061
2019-12-10,0.00005
2019-12-11,0.0048
2019-12-12,0.0009
2019-12-13,0.0042
2019-12-14,0.0086
2019-12-15,0.0024
2019-12-16,0.00005
2019-12-17,0.0027
2019-12-18,0
2019-12-19,0.00005
2019-12-20,0.0011
2019-12-21,0.0003
2019-12-22,0.0073
2019-12-23,0.0008
2019-12-24,0.0027
2019-12-25,0.0014
2019-12-26,0.0023
2019-12-27,0.0001
2019-12-28,0
2019-12-29,0
2019-12-30,0
2019-12-31,0.00005
2020-01-01,0
2020-01-02,0
2020-01-03,0.0029
2020-01-04,0.0003
2020-01-05,0
2020-01-06,0.001
2020-01-07,0.0001
2020-01-08,0.0015
2020-01-09,0.0016
2020-01-10,0.0035
2020-01-11,0
2020-01-12,0.0023
2020-01-13,0.00005
2020-01-14,0.0012
2020-01-15,0.0018
2020-01-16,0
2020-01-17,0.00005
2020-01-18,0.0017
2020-01-19,0.00005
2020-01-20,0
2020-01-21,0
2020-01-22,0.00005
2020-01-23,0
2020-01-24,0.00005
2020-01-25,0
2020-01-26,0
2020-01-27,0.003
2020-01-28,0.0049
2020-01-29,0.0005
2020-01-30,0.0021
2020-01-31,0.0001
2020-02-01,0.0035
2020-02-02,0.0053
2020-02-03,0.004
2020-02-04,0.0091
2020-02-05,0
2020-02-06,0
2020-02-07,0
2020-02-08,0.0004
2020-02-09,0.0106
2020-02-10,0.0034
2020-02-11,0.0031
2020-02-12,0.0009