Date, Waterlevel
2011-01-01,8.09
2011-01-02,8.06
2011-01-03,8.08
2011-01-04,8.01
2011-01-05,7.98
2011-01-06,7.93
2011-01-07,7.99
2011-01-08,8.53
2011-01-09,9.97
2011-01-10,11.12
2011-01-11,11.83
2011-01-12,12.09
2011-01-13,11.89
2011-01-14,11.48
2011-01-15,11.19
2011-01-16,11.38
2011-01-17,11.49
2011-01-18,11.34
2011-01-19,10.77
2011-01-20,9.97
2011-01-21,9.34
2011-01-22,8.9
2011-01-23,8.48
2011-01-24,8.43
2011-01-25,8.23
2011-01-26,8.18
2011-01-27,8.2
2011-01-28,8.32
2011-01-29,8.1
2011-01-30,8.08
2011-01-31,7.94
2011-02-01,7.95
2011-02-02,7.89
2011-02-03,7.89
2011-02-04,7.9
2011-02-05,7.91
2011-02-06,7.91
2011-02-07,7.87
2011-02-08,7.84
2011-02-09,7.81
2011-02-10,7.82
2011-02-11,7.81
2011-02-12,7.88
2011-02-13,7.89
2011-02-14,7.86
2011-02-15,7.86
2011-02-16,7.9
2011-02-17,7.9
2011-02-18,7.86
2011-02-19,7.88
2011-02-20,7.88
2011-02-21,7.82
2011-02-22,7.81
2011-02-23,7.8
2011-02-24,7.86
2011-02-25,7.85
2011-02-26,7.82
2011-02-27,7.83
2011-02-28,7.88
2011-03-01,7.88
2011-03-02,7.86
2011-03-03,7.84
2011-03-04,7.81
2011-03-05,7.81
2011-03-06,7.83
2011-03-07,7.83
2011-03-08,7.82
2011-03-09,7.78
2011-03-10,7.78
2011-03-11,7.76
2011-03-12,7.81
2011-03-13,7.76
2011-03-14,7.77
2011-03-15,7.84
2011-03-16,7.78
2011-03-17,7.76
2011-03-18,7.75
2011-03-19,7.77
2011-03-20,7.83
2011-03-21,7.8
2011-03-22,7.76
2011-03-23,7.77
2011-03-24,7.74
2011-03-25,7.71
2011-03-26,7.78
2011-03-27,7.75
2011-03-28,7.8
2011-03-29,7.76
2011-03-30,7.77
2011-03-31,7.8
2011-04-01,7.75
2011-04-02,7.75
2011-04-03,7.7
2011-04-04,7.78
2011-04-05,7.76
2011-04-06,7.76
2011-04-07,7.75
2011-04-08,7.75
2011-04-09,7.78
2011-04-10,7.7
2011-04-11,7.78
2011-04-12,7.79
2011-04-13,7.72
2011-04-14,7.75
2011-04-15,7.75
2011-04-16,7.75
2011-04-17,7.77
2011-04-18,7.74
2011-04-19,7.76
2011-04-20,7.76
2011-04-21,7.77
2011-04-22,7.79
2011-04-23,7.73
2011-04-24,7.72
2011-04-25,7.74
2011-04-26,7.7
2011-04-27,7.75
2011-04-28,7.74
2011-04-29,7.76
2011-04-30,7.77
2011-05-01,7.73
2011-05-02,7.74
2011-05-03,7.76
2011-05-04,7.77
2011-05-05,7.83
2011-05-06,7.78
2011-05-07,7.81
2011-05-08,7.74
2011-05-09,7.74
2011-05-10,7.8
2011-05-11,7.76
2011-05-12,7.76
2011-05-13,7.7
2011-05-14,7.77
2011-05-15,7.78
2011-05-16,7.77
2011-05-17,7.77
2011-05-18,7.75
2011-05-19,7.75
2011-05-20,7.74
2011-05-21,7.77
2011-05-22,7.69
2011-05-23,7.75
2011-05-24,7.76
2011-05-25,7.77
2011-05-26,7.74
2011-05-27,7.76
2011-05-28,7.76
2011-05-29,7.75
2011-05-30,7.74
2011-05-31,7.76
2011-06-01,7.73
2011-06-02,7.77
2011-06-03,7.74
2011-06-04,7.73
2011-06-05,7.74
2011-06-06,7.75
2011-06-07,7.82
2011-06-08,7.78
2011-06-09,7.76
2011-06-10,7.73
2011-06-11,7.77
2011-06-12,7.74
2011-06-13,7.69
2011-06-14,7.75
2011-06-15,7.77
2011-06-16,7.81
2011-06-17,7.78
2011-06-18,7.78
2011-06-19,7.75
2011-06-20,7.74
2011-06-21,7.75
2011-06-22,7.75
2011-06-23,7.77
2011-06-24,7.78
2011-06-25,7.77
2011-06-26,7.72
2011-06-27,7.77
2011-06-28,7.77
2011-06-29,7.73
2011-06-30,7.76
2011-07-01,7.76
2011-07-02,7.74
2011-07-03,7.73
2011-07-04,7.76
2011-07-05,7.76
2011-07-06,7.76
2011-07-07,7.79
2011-07-08,7.73
2011-07-09,7.78
2011-07-10,7.76
2011-07-11,7.74
2011-07-12,7.76
2011-07-13,7.74
2011-07-14,7.76
2011-07-15,7.8
2011-07-16,7.73
2011-07-17,7.74
2011-07-18,7.75
2011-07-19,7.76
2011-07-20,7.75
2011-07-21,7.76
2011-07-22,7.8
2011-07-23,7.78
2011-07-24,7.74
2011-07-25,7.74
2011-07-26,7.77
2011-07-27,7.78
2011-07-28,7.78
2011-07-29,7.76
2011-07-30,7.78
2011-07-31,7.76
2011-08-01,7.75
2011-08-02,7.79
2011-08-03,7.76
2011-08-04,7.75
2011-08-05,7.71
2011-08-06,7.74
2011-08-07,7.75
2011-08-08,7.78
2011-08-09,7.76
2011-08-10,7.81
2011-08-11,7.75
2011-08-12,7.73
2011-08-13,7.73
2011-08-14,7.74
2011-08-15,7.81
2011-08-16,7.77
2011-08-17,7.77
2011-08-18,7.76
2011-08-19,7.77
2011-08-20,7.78
2011-08-21,7.8
2011-08-22,7.71
2011-08-23,7.71
2011-08-24,7.81
2011-08-25,7.78
2011-08-26,7.74
2011-08-27,7.75
2011-08-28,7.7
2011-08-29,7.8
2011-08-30,7.79
2011-08-31,7.74
2011-09-01,7.74
2011-09-02,7.78
2011-09-03,7.77
2011-09-04,7.73
2011-09-05,7.77
2011-09-06,7.72
2011-09-07,7.75
2011-09-08,7.74
2011-09-09,7.74
2011-09-10,7.76
2011-09-11,7.75
2011-09-12,7.73
2011-09-13,7.76
2011-09-14,7.74
2011-09-15,7.75
2011-09-16,7.74
2011-09-17,7.75
2011-09-18,7.74
2011-09-19,7.76
2011-09-20,7.7
2011-09-21,7.75
2011-09-22,7.73
2011-09-23,7.7
2011-09-24,7.72
2011-09-25,7.72
2011-09-26,7.7
2011-09-27,7.73
2011-09-28,7.74
2011-09-29,7.72
2011-09-30,7.72
2011-10-01,7.72
2011-10-02,7.73
2011-10-03,7.74
2011-10-04,7.75
2011-10-05,7.74
2011-10-06,7.73
2011-10-07,7.78
2011-10-08,7.85
2011-10-09,7.9
2011-10-10,7.8
2011-10-11,7.75
2011-10-12,7.74
2011-10-13,7.74
2011-10-14,7.71
2011-10-15,7.73
2011-10-16,7.73
2011-10-17,7.74
2011-10-18,7.73
2011-10-19,7.73
2011-10-20,7.75
2011-10-21,7.7
2011-10-22,7.72
2011-10-23,7.76
2011-10-24,7.72
2011-10-25,7.7
2011-10-26,7.74
2011-10-27,7.75
2011-10-28,7.71
2011-10-29,7.76
2011-10-30,7.73
2011-10-31,7.74
2011-11-01,7.73
2011-11-02,7.74
2011-11-03,7.7
2011-11-04,7.71
2011-11-05,7.75
2011-11-06,7.74
2011-11-07,7.71
2011-11-08,7.75
2011-11-09,7.72
2011-11-10,7.73
2011-11-11,7.7
2011-11-12,7.73
2011-11-13,7.73
2011-11-14,7.73
2011-11-15,7.76
2011-11-16,7.72
2011-11-17,7.72
2011-11-18,7.72
2011-11-19,7.72
2011-11-20,7.74
2011-11-21,7.74
2011-11-22,7.77
2011-11-23,7.74
2011-11-24,7.75
2011-11-25,7.74
2011-11-26,7.72
2011-11-27,7.76
2011-11-28,7.74
2011-11-29,7.73
2011-11-30,7.72
2011-12-01,7.74
2011-12-02,7.73
2011-12-03,7.74
2011-12-04,7.77
2011-12-05,7.8
2011-12-06,7.81
2011-12-07,7.87
2011-12-08,7.91
2011-12-09,7.88
2011-12-10,7.85
2011-12-11,7.81
2011-12-12,7.84
2011-12-13,7.8
2011-12-14,7.87
2011-12-15,7.95
2011-12-16,8.08
2011-12-17,8.25
2011-12-18,8.71
2011-12-19,9.26
2011-12-20,9.32
2011-12-21,8.89
2011-12-22,8.43
2011-12-23,8.59
2011-12-24,8.46
2011-12-25,8.53
2011-12-26,8.55
2011-12-27,8.46
2011-12-28,8.19
2011-12-29,8.03
2011-12-30,8
2011-12-31,8.04
2012-01-01,8.12
2012-01-02,8.24
2012-01-03,8.44
2012-01-04,8.74
2012-01-05,9.03
2012-01-06,9.2
2012-01-07,9.57
2012-01-08,10.19
2012-01-09,10.5
2012-01-10,10.41
2012-01-11,9.75
2012-01-12,9
2012-01-13,8.83
2012-01-14,8.56
2012-01-15,8.34
2012-01-16,8.34
2012-01-17,8.11
2012-01-18,8.11
2012-01-19,8
2012-01-20,8.04
2012-01-21,8.2
2012-01-22,8.38
2012-01-23,8.65
2012-01-24,8.98
2012-01-25,8.71
2012-01-26,8.33
2012-01-27,8.25
2012-01-28,8.22
2012-01-29,8.2
2012-01-30,8.14
2012-01-31,8.1
2012-02-01,7.97
2012-02-02,7.92
2012-02-03,7.96
2012-02-04,7.84
2012-02-05,7.94
2012-02-06,7.98
2012-02-07,7.98
2012-02-08,7.91
2012-02-09,7.94
2012-02-10,7.85
2012-02-11,7.93
2012-02-12,7.97
2012-02-13,7.9
2012-02-14,7.88
2012-02-15,7.78
2012-02-16,7.79
2012-02-17,7.9
2012-02-18,7.92
2012-02-19,7.92
2012-02-20,7.96
2012-02-21,8
2012-02-22,7.89
2012-02-23,8
2012-02-24,7.88
2012-02-25,7.84
2012-02-26,7.85
2012-02-27,7.83
2012-02-28,7.88
2012-02-29,7.95
2012-03-01,7.87
2012-03-02,7.84
2012-03-03,7.82
2012-03-04,7.79
2012-03-05,7.81
2012-03-06,7.8
2012-03-07,7.88
2012-03-08,7.91
2012-03-09,7.97
2012-03-10,7.91
2012-03-11,7.89
2012-03-12,7.93
2012-03-13,7.85
2012-03-14,7.8
2012-03-15,7.83
2012-03-16,7.82
2012-03-17,7.78
2012-03-18,7.75
2012-03-19,7.81
2012-03-20,7.78
2012-03-21,7.79
2012-03-22,7.78
2012-03-23,7.75
2012-03-24,7.76
2012-03-25,7.77
2012-03-26,7.84
2012-03-27,7.74
2012-03-28,7.78
2012-03-29,7.76
2012-03-30,7.8
2012-03-31,7.76
2012-04-01,7.8
2012-04-02,7.82
2012-04-03,7.75
2012-04-04,7.75
2012-04-05,7.79
2012-04-06,7.81
2012-04-07,7.78
2012-04-08,7.73
2012-04-09,7.73
2012-04-10,7.79
2012-04-11,7.77
2012-04-12,7.74
2012-04-13,7.72
2012-04-14,7.76
2012-04-15,7.78
2012-04-16,7.78
2012-04-17,7.76
2012-04-18,7.76
2012-04-19,7.81
2012-04-20,7.78
2012-04-21,7.79
2012-04-22,7.78
2012-04-23,7.83
2012-04-24,7.74
2012-04-25,7.76
2012-04-26,7.8
2012-04-27,7.83
2012-04-28,7.91
2012-04-29,7.94
2012-04-30,7.96
2012-05-01,7.86
2012-05-02,7.88
2012-05-03,7.83
2012-05-04,7.86
2012-05-05,7.84
2012-05-06,7.92
2012-05-07,8.01
2012-05-08,8.09
2012-05-09,8.04
2012-05-10,7.87
2012-05-11,7.87
2012-05-12,7.88
2012-05-13,7.87
2012-05-14,7.8
2012-05-15,7.77
2012-05-16,7.8
2012-05-17,7.84
2012-05-18,7.82
2012-05-19,7.75
2012-05-20,7.76
2012-05-21,7.87
2012-05-22,7.92
2012-05-23,7.8
2012-05-24,7.77
2012-05-25,7.81
2012-05-26,7.8
2012-05-27,7.78
2012-05-28,7.79
2012-05-29,7.79
2012-05-30,7.79
2012-05-31,7.76
2012-06-01,7.78
2012-06-02,7.79
2012-06-03,7.73
2012-06-04,7.76
2012-06-05,7.74
2012-06-06,7.75
2012-06-07,7.78
2012-06-08,7.75
2012-06-09,7.79
2012-06-10,7.7
2012-06-11,7.83
2012-06-12,7.78
2012-06-13,7.74
2012-06-14,7.79
2012-06-15,7.74
2012-06-16,7.77
2012-06-17,7.81
2012-06-18,7.73
2012-06-19,7.79
2012-06-20,7.81
2012-06-21,7.74
2012-06-22,7.78
2012-06-23,7.81
2012-06-24,7.78
2012-06-25,7.79
2012-06-26,7.79
2012-06-27,7.78
2012-06-28,7.76
2012-06-29,7.75
2012-06-30,7.72
2012-07-01,7.72
2012-07-02,7.73
2012-07-03,7.75
2012-07-04,7.74
2012-07-05,7.62
2012-07-06,7.76
2012-07-07,7.75
2012-07-08,7.76
2012-07-09,7.84
2012-07-10,7.75
2012-07-11,7.74
2012-07-12,7.73
2012-07-13,7.77
2012-07-14,7.79
2012-07-15,7.82
2012-07-16,8.05
2012-07-17,8.22
2012-07-18,8.03
2012-07-19,7.9
2012-07-20,7.83
2012-07-21,7.82
2012-07-22,7.82
2012-07-23,7.8
2012-07-24,7.78
2012-07-25,7.76
2012-07-26,7.76
2012-07-27,7.77
2012-07-28,7.82
2012-07-29,7.86
2012-07-30,7.94
2012-07-31,7.91
2012-08-01,7.81
2012-08-02,7.73
2012-08-03,7.81
2012-08-04,7.75
2012-08-05,7.73
2012-08-06,7.79
2012-08-07,7.75
2012-08-08,7.8
2012-08-09,7.75
2012-08-10,7.76
2012-08-11,7.7
2012-08-12,7.74
2012-08-13,7.75
2012-08-14,7.71
2012-08-15,7.72
2012-08-16,7.74
2012-08-17,7.73
2012-08-18,7.74
2012-08-19,7.71
2012-08-20,7.73
2012-08-21,7.74
2012-08-22,7.73
2012-08-23,7.75
2012-08-24,7.74
2012-08-25,7.75
2012-08-26,7.74
2012-08-27,7.75
2012-08-28,7.76
2012-08-29,7.74
2012-08-30,7.71
2012-08-31,7.72
2012-09-01,7.74
2012-09-02,7.76
2012-09-03,7.73
2012-09-04,7.73
2012-09-05,7.72
2012-09-06,7.77
2012-09-07,7.75
2012-09-08,7.72
2012-09-09,7.72
2012-09-10,7.73
2012-09-11,7.73
2012-09-12,7.75
2012-09-13,7.74
2012-09-14,7.76
2012-09-15,7.72
2012-09-16,7.7
2012-09-17,7.8
2012-09-18,7.71
2012-09-19,7.74
2012-09-20,7.74
2012-09-21,7.76
2012-09-22,7.72
2012-09-23,7.73
2012-09-24,7.75
2012-09-25,7.74
2012-09-26,7.74
2012-09-27,7.72
2012-09-28,7.77
2012-09-29,7.74
2012-09-30,7.76
2012-10-01,7.7
2012-10-02,7.74
2012-10-03,7.74
2012-10-04,7.75
2012-10-05,7.76
2012-10-06,7.84
2012-10-07,7.75
2012-10-08,7.92
2012-10-09,7.77
2012-10-10,7.77
2012-10-11,7.8
2012-10-12,7.75
2012-10-13,7.85
2012-10-14,7.81
2012-10-15,7.92
2012-10-16,7.86
2012-10-17,7.84
2012-10-18,7.84
2012-10-19,7.83
2012-10-20,7.81
2012-10-21,7.81
2012-10-22,7.78
2012-10-23,7.77
2012-10-24,7.79
2012-10-25,7.76
2012-10-26,7.76
2012-10-27,7.79
2012-10-28,7.81
2012-10-29,7.8
2012-10-30,7.75
2012-10-31,7.76
2012-11-01,7.78
2012-11-02,7.78
2012-11-03,7.8
2012-11-04,7.79
2012-11-05,7.9
2012-11-06,7.92
2012-11-07,7.89
2012-11-08,7.83
2012-11-09,7.82
2012-11-10,7.8
2012-11-11,7.82
2012-11-12,7.86
2012-11-13,7.86
2012-11-14,7.81
2012-11-15,7.78
2012-11-16,7.74
2012-11-17,7.76
2012-11-18,7.78
2012-11-19,7.8
2012-11-20,7.78
2012-11-21,7.75
2012-11-22,7.78
2012-11-23,7.73
2012-11-24,7.74
2012-11-25,7.76
2012-11-26,7.78
2012-11-27,7.72
2012-11-28,7.74
2012-11-29,7.79
2012-11-30,7.78
2012-12-01,7.76
2012-12-02,7.74
2012-12-03,7.87
2012-12-04,7.76
2012-12-05,7.8
2012-12-06,7.86
2012-12-07,7.8
2012-12-08,7.86
2012-12-09,7.79
2012-12-10,7.85
2012-12-11,7.93
2012-12-12,7.96
2012-12-13,7.91
2012-12-14,7.84
2012-12-15,7.88
2012-12-16,7.97
2012-12-17,8.15
2012-12-18,8.43
2012-12-19,8.44
2012-12-20,8.42
2012-12-21,8.25
2012-12-22,8.28
2012-12-23,8.34
2012-12-24,8.42
2012-12-25,9.1
2012-12-26,9.47
2012-12-27,9.34
2012-12-28,9.28
2012-12-29,9.36
2012-12-30,9.71
2012-12-31,9.78
2013-01-01,9.53
2013-01-02,9.11
2013-01-03,8.96
2013-01-04,8.94
2013-01-05,8.68
2013-01-06,8.5
2013-01-07,8.34
2013-01-08,8.35
2013-01-09,8.17
2013-01-10,8.12
2013-01-11,8.05
2013-01-12,8
2013-01-13,7.9
2013-01-14,7.97
2013-01-15,7.91
2013-01-16,7.88
2013-01-17,7.89
2013-01-18,7.91
2013-01-19,7.84
2013-01-20,7.82
2013-01-21,7.86
2013-01-22,7.86
2013-01-23,7.83
2013-01-24,7.84
2013-01-25,7.84
2013-01-26,7.84
2013-01-27,7.83
2013-01-28,7.85
2013-01-29,7.92
2013-01-30,7.98
2013-01-31,8.39
2013-02-01,8.69
2013-02-02,8.96
2013-02-03,8.97
2013-02-04,9.07
2013-02-05,8.88
2013-02-06,8.73
2013-02-07,8.77
2013-02-08,8.79
2013-02-09,8.72
2013-02-10,8.68
2013-02-11,8.63
2013-02-12,8.49
2013-02-13,8.3
2013-02-14,8.14
2013-02-15,8.08
2013-02-16,8.04
2013-02-17,8
2013-02-18,8.02
2013-02-19,7.96
2013-02-20,8.01
2013-02-21,7.9
2013-02-22,7.92
2013-02-23,7.88
2013-02-24,7.91
2013-02-25,7.92
2013-02-26,7.91
2013-02-27,7.88
2013-02-28,7.86
2013-03-01,7.82
2013-03-02,7.87
2013-03-03,7.83
2013-03-04,7.84
2013-03-05,7.85
2013-03-06,7.82
2013-03-07,7.79
2013-03-08,7.83
2013-03-09,7.82
2013-03-10,7.87
2013-03-11,7.92
2013-03-12,7.85
2013-03-13,7.85
2013-03-14,7.81
2013-03-15,7.8
2013-03-16,7.83
2013-03-17,7.83
2013-03-18,7.98
2013-03-19,7.96
2013-03-20,7.95
2013-03-21,7.97
2013-03-22,8.03
2013-03-23,8.03
2013-03-24,8.05
2013-03-25,8.01
2013-03-26,7.97
2013-03-27,7.95
2013-03-28,7.91
2013-03-29,7.87
2013-03-30,7.83
2013-03-31,7.84
2013-04-01,7.85
2013-04-02,7.82
2013-04-03,7.78
2013-04-04,7.84
2013-04-05,7.83
2013-04-06,7.8
2013-04-07,7.77
2013-04-08,7.81
2013-04-09,7.76
2013-04-10,7.78
2013-04-11,7.8
2013-04-12,7.76
2013-04-13,7.86
2013-04-14,7.81
2013-04-15,7.88
2013-04-16,7.81
2013-04-17,7.81
2013-04-18,7.77
2013-04-19,7.83
2013-04-20,7.82
2013-04-21,7.83
2013-04-22,7.79
2013-04-23,7.82
2013-04-24,7.75
2013-04-25,7.77
2013-04-26,7.76
2013-04-27,7.78
2013-04-28,7.8
2013-04-29,7.74
2013-04-30,7.79
2013-05-01,7.8
2013-05-02,7.78
2013-05-03,7.78
2013-05-04,7.82
2013-05-05,7.79
2013-05-06,7.79
2013-05-07,7.81
2013-05-08,7.82
2013-05-09,7.84
2013-05-10,7.88
2013-05-11,7.85
2013-05-12,7.85
2013-05-13,7.86
2013-05-14,7.81
2013-05-15,7.8
2013-05-16,7.79
2013-05-17,7.84
2013-05-18,7.85
2013-05-19,7.87
2013-05-20,7.87
2013-05-21,7.87
2013-05-22,7.96
2013-05-23,8.02
2013-05-24,8.14
2013-05-25,8.07
2013-05-26,8
2013-05-27,7.96
2013-05-28,7.97
2013-05-29,7.91
2013-05-30,7.89
2013-05-31,7.97
2013-06-01,8.04
2013-06-02,7.99
2013-06-03,7.97
2013-06-04,7.87
2013-06-05,7.85
2013-06-06,7.79
2013-06-07,7.8
2013-06-08,7.81
2013-06-09,7.77
2013-06-10,7.81
2013-06-11,7.8
2013-06-12,7.79
2013-06-13,7.74
2013-06-14,7.77
2013-06-15,7.91
2013-06-16,7.79
2013-06-17,7.78
2013-06-18,7.81
2013-06-19,7.86
2013-06-20,8.11
2013-06-21,7.84
2013-06-22,7.85
2013-06-23,7.87
2013-06-24,7.87
2013-06-25,7.85
2013-06-26,7.8
2013-06-27,7.82
2013-06-28,7.77
2013-06-29,7.8
2013-06-30,7.85
2013-07-01,7.86
2013-07-02,7.8
2013-07-03,7.75
2013-07-04,7.85
2013-07-05,7.85
2013-07-06,7.83
2013-07-07,7.81
2013-07-08,7.84
2013-07-09,7.89
2013-07-10,7.89
2013-07-11,7.93
2013-07-12,7.91
2013-07-13,7.91
2013-07-14,7.89
2013-07-15,7.93
2013-07-16,7.88
2013-07-17,7.92
2013-07-18,7.91
2013-07-19,7.9
2013-07-20,7.88
2013-07-21,7.89
2013-07-22,7.95
2013-07-23,7.97
2013-07-24,7.94
2013-07-25,7.97
2013-07-26,7.96
2013-07-27,7.94
2013-07-28,7.98
2013-07-29,8
2013-07-30,7.88
2013-07-31,7.93
2013-08-01,7.98
2013-08-02,7.98
2013-08-03,7.94
2013-08-04,7.98
2013-08-05,7.98
2013-08-06,7.97
2013-08-07,7.94
2013-08-08,7.98
2013-08-09,7.96
2013-08-10,7.92
2013-08-11,7.97
2013-08-12,7.92
2013-08-13,7.95
2013-08-14,7.97
2013-08-15,7.93
2013-08-16,7.95
2013-08-17,7.94
2013-08-18,7.93
2013-08-19,7.94
2013-08-20,7.91
2013-08-21,7.93
2013-08-22,7.91
2013-08-23,7.97
2013-08-24,7.95
2013-08-25,7.92
2013-08-26,8
2013-08-27,7.95
2013-08-28,7.96
2013-08-29,7.93
2013-08-30,7.97
2013-08-31,7.93
2013-09-01,7.93
2013-09-02,7.93
2013-09-03,7.96
2013-09-04,7.91
2013-09-05,7.93
2013-09-06,7.94
2013-09-07,7.94
2013-09-08,7.96
2013-09-09,8
2013-09-10,7.98
2013-09-11,7.98
2013-09-12,7.93
2013-09-13,7.97
2013-09-14,7.98
2013-09-15,7.97
2013-09-16,8.02
2013-09-17,7.95
2013-09-18,7.96
2013-09-19,8
2013-09-20,7.99
2013-09-21,7.95
2013-09-22,8
2013-09-23,7.99
2013-09-24,7.94
2013-09-25,7.96
2013-09-26,7.94
2013-09-27,7.99
2013-09-28,7.94
2013-09-29,7.96
2013-09-30,7.96
2013-10-01,7.95
2013-10-02,7.97
2013-10-03,7.98
2013-10-04,7.98
2013-10-05,7.95
2013-10-06,7.94
2013-10-07,7.95
2013-10-08,7.94
2013-10-09,7.96
2013-10-10,7.96
2013-10-11,7.95
2013-10-12,8
2013-10-13,7.97
2013-10-14,7.91
2013-10-15,7.95
2013-10-16,7.98
2013-10-17,7.97
2013-10-18,7.97
2013-10-19,7.97
2013-10-20,7.97
2013-10-21,7.99
2013-10-22,7.95
2013-10-23,7.96
2013-10-24,8.01
2013-10-25,7.97
2013-10-26,7.97
2013-10-27,7.96
2013-10-28,8.04
2013-10-29,8.04
2013-10-30,8.06
2013-10-31,8.04
2013-11-01,8.05
2013-11-02,7.98
2013-11-03,8.05
2013-11-04,8.13
2013-11-05,8.28
2013-11-06,8.36
2013-11-07,8.36
2013-11-08,8.47
2013-11-09,8.6
2013-11-10,8.95
2013-11-11,9.01
2013-11-12,8.82
2013-11-13,8.58
2013-11-14,8.42
2013-11-15,8.32
2013-11-16,8.3
2013-11-17,8.28
2013-11-18,8.28
2013-11-19,8.2
2013-11-20,8.22
2013-11-21,8.2
2013-11-22,8.16
2013-11-23,8.14
2013-11-24,8.09
2013-11-25,8.08
2013-11-26,8.1
2013-11-27,8.03
2013-11-28,8.01
2013-11-29,8.03
2013-11-30,8.03
2013-12-01,8.06
2013-12-02,8.09
2013-12-03,8.03
2013-12-04,8
2013-12-05,8.05
2013-12-06,8.01
2013-12-07,7.99
2013-12-08,8.01
2013-12-09,8.03
2013-12-10,7.99
2013-12-11,7.99
2013-12-12,8.01
2013-12-13,7.97
2013-12-14,7.98
2013-12-15,8
2013-12-16,8
2013-12-17,7.98
2013-12-18,7.97
2013-12-19,7.99
2013-12-20,7.99
2013-12-21,8
2013-12-22,8.01
2013-12-23,8.04
2013-12-24,8.01
2013-12-25,8.03
2013-12-26,8.27
2013-12-27,8.82
2013-12-28,9.16
2013-12-29,8.78
2013-12-30,8.75
2013-12-31,8.74
2014-01-01,8.51
2014-01-02,8.44
2014-01-03,8.31
2014-01-04,8.36
2014-01-05,8.37
2014-01-06,8.35
2014-01-07,8.3
2014-01-08,8.27
2014-01-09,8.32
2014-01-10,8.39
2014-01-11,8.37
2014-01-12,8.31
2014-01-13,8.28
2014-01-14,8.21
2014-01-15,8.13
2014-01-16,8.13
2014-01-17,8.14
2014-01-18,8.13
2014-01-19,8.19
2014-01-20,8.15
2014-01-21,8.13
2014-01-22,8.23
2014-01-23,8.19
2014-01-24,8.17
2014-01-25,8.18
2014-01-26,8.2
2014-01-27,8.22
2014-01-28,8.2
2014-01-29,8.27
2014-01-30,8.31
2014-01-31,8.24
2014-02-01,8.17
2014-02-02,8.15
2014-02-03,8.23
2014-02-04,8.23
2014-02-05,8.15
2014-02-06,8.15
2014-02-07,8.13
2014-02-08,8.14
2014-02-09,8.15
2014-02-10,8.21
2014-02-11,8.32
2014-02-12,8.25
2014-02-13,8.18
2014-02-14,8.21
2014-02-15,8.26
2014-02-16,8.38
2014-02-17,8.38
2014-02-18,8.28
2014-02-19,8.21
2014-02-20,8.17
2014-02-21,8.14
2014-02-22,8.16
2014-02-23,8.19
2014-02-24,8.17
2014-02-25,8.19
2014-02-26,8.11
2014-02-27,8.12
2014-02-28,8.05
2014-03-01,8.09
2014-03-02,8.12
2014-03-03,8.16
2014-03-04,8.1
2014-03-05,8.11
2014-03-06,8.11
2014-03-07,8.04
2014-03-08,8.03
2014-03-09,8.04
2014-03-10,8.08
2014-03-11,8.02
2014-03-12,8.02
2014-03-13,8.01
2014-03-14,7.98
2014-03-15,7.99
2014-03-16,8.02
2014-03-17,8.03
2014-03-18,7.99
2014-03-19,8.01
2014-03-20,7.97
2014-03-21,8
2014-03-22,7.99
2014-03-23,8.03
2014-03-24,7.94
2014-03-25,8.01
2014-03-26,7.95
2014-03-27,8
2014-03-28,7.99
2014-03-29,7.93
2014-03-30,8.01
2014-03-31,7.97
2014-04-01,7.97
2014-04-02,7.98
2014-04-03,7.96
2014-04-04,7.98
2014-04-05,7.97
2014-04-06,7.96
2014-04-07,7.98
2014-04-08,7.98
2014-04-09,7.98
2014-04-10,7.99
2014-04-11,7.97
2014-04-12,7.96
2014-04-13,7.96
2014-04-14,7.96
2014-04-15,7.94
2014-04-16,7.99
2014-04-17,7.99
2014-04-18,7.98
2014-04-19,8
2014-04-20,7.97
2014-04-21,7.95
2014-04-22,7.95
2014-04-23,7.98
2014-04-24,8
2014-04-25,7.96
2014-04-26,8
2014-04-27,7.97
2014-04-28,7.92
2014-04-29,7.96
2014-04-30,7.95
2014-05-01,7.98
2014-05-02,7.97
2014-05-03,7.99
2014-05-04,8.02
2014-05-05,8
2014-05-06,7.95
2014-05-07,7.97
2014-05-08,7.99
2014-05-09,7.96
2014-05-10,7.91
2014-05-11,7.96
2014-05-12,7.98
2014-05-13,7.99
2014-05-14,8
2014-05-15,7.99
2014-05-16,7.99
2014-05-17,7.97
2014-05-18,7.95
2014-05-19,7.94
2014-05-20,7.94
2014-05-21,7.91
2014-05-22,7.96
2014-05-23,7.91
2014-05-24,7.98
2014-05-25,7.97
2014-05-26,8
2014-05-27,7.92
2014-05-28,7.96
2014-05-29,7.92
2014-05-30,7.96
2014-05-31,7.99
2014-06-01,7.93
2014-06-02,7.95
2014-06-03,7.96
2014-06-04,7.94
2014-06-05,7.96
2014-06-06,7.96
2014-06-07,7.95
2014-06-08,7.94
2014-06-09,8.01
2014-06-10,7.98
2014-06-11,7.98
2014-06-12,7.96
2014-06-13,7.98
2014-06-14,7.96
2014-06-15,7.97
2014-06-16,7.93
2014-06-17,7.93
2014-06-18,7.92
2014-06-19,7.95
2014-06-20,7.98
2014-06-21,7.96
2014-06-22,7.93
2014-06-23,7.96
2014-06-24,7.96
2014-06-25,7.94
2014-06-26,7.94
2014-06-27,7.97
2014-06-28,7.93
2014-06-29,7.96
2014-06-30,7.94
2014-07-01,7.98
2014-07-02,7.93
2014-07-03,7.95
2014-07-04,7.95
2014-07-05,7.97
2014-07-06,7.94
2014-07-07,7.95
2014-07-08,7.94
2014-07-09,7.96
2014-07-10,8.09
2014-07-11,8.36
2014-07-12,8.3
2014-07-13,8.09
2014-07-14,8.04
2014-07-15,8.05
2014-07-16,7.99
2014-07-17,7.98
2014-07-18,8
2014-07-19,7.97
2014-07-20,7.99
2014-07-21,7.97
2014-07-22,7.97
2014-07-23,8
2014-07-24,8.01
2014-07-25,7.96
2014-07-26,7.95
2014-07-27,7.95
2014-07-28,7.95
2014-07-29,7.96
2014-07-30,7.95
2014-07-31,7.98
2014-08-01,7.96
2014-08-02,7.94
2014-08-03,7.82
2014-08-04,7.86
2014-08-05,7.93
2014-08-06,7.96
2014-08-07,7.99
2014-08-08,7.97
2014-08-09,8.03
2014-08-10,7.98
2014-08-11,8.01
2014-08-12,7.99
2014-08-13,7.99
2014-08-14,7.98
2014-08-15,7.94
2014-08-16,7.96
2014-08-17,7.99
2014-08-18,8
2014-08-19,7.98
2014-08-20,7.97
2014-08-21,7.94
2014-08-22,7.96
2014-08-23,7.98
2014-08-24,7.93
2014-08-25,7.99
2014-08-26,7.92
2014-08-27,8.01
2014-08-28,8.18
2014-08-29,8.07
2014-08-30,7.97
2014-08-31,7.98
2014-09-01,8
2014-09-02,8
2014-09-03,7.94
2014-09-04,7.98
2014-09-05,7.99
2014-09-06,7.99
2014-09-07,8
2014-09-08,8.02
2014-09-09,7.95
2014-09-10,7.99
2014-09-11,7.92
2014-09-12,7.97
2014-09-13,7.96
2014-09-14,7.96
2014-09-15,7.92
2014-09-16,7.97
2014-09-17,7.97
2014-09-18,7.96
2014-09-19,7.93
2014-09-20,7.99
2014-09-21,7.96
2014-09-22,8.06
2014-09-23,8.03
2014-09-24,7.98
2014-09-25,7.96
2014-09-26,7.95
2014-09-27,7.94
2014-09-28,7.95
2014-09-29,7.94
2014-09-30,7.92
2014-10-01,7.96
2014-10-02,7.92
2014-10-03,7.95
2014-10-04,8
2014-10-05,7.97
2014-10-06,7.94
2014-10-07,7.93
2014-10-08,7.95
2014-10-09,7.98
2014-10-10,8.01
2014-10-11,8.03
2014-10-12,7.98
2014-10-13,7.96
2014-10-14,7.96
2014-10-15,7.99
2014-10-16,8.01
2014-10-17,7.98
2014-10-18,8
2014-10-19,7.98
2014-10-20,7.94
2014-10-21,8.03
2014-10-22,8
2014-10-23,8.03
2014-10-24,8
2014-10-25,7.98
2014-10-26,8
2014-10-27,7.99
2014-10-28,8
2014-10-29,7.96
2014-10-30,7.98
2014-10-31,7.97
2014-11-01,7.94
2014-11-02,7.98
2014-11-03,7.94
2014-11-04,7.95
2014-11-05,7.96
2014-11-06,8.05
2014-11-07,7.98
2014-11-08,8.03
2014-11-09,7.97
2014-11-10,8.05
2014-11-11,7.99
2014-11-12,8
2014-11-13,8
2014-11-14,7.99
2014-11-15,7.99
2014-11-16,8.03
2014-11-17,8.03
2014-11-18,8.03
2014-11-19,7.99
2014-11-20,8.02
2014-11-21,7.98
2014-11-22,7.97
2014-11-23,7.98
2014-11-24,8.02
2014-11-25,7.96
2014-11-26,7.96
2014-11-27,7.97
2014-11-28,7.97
2014-11-29,7.96
2014-11-30,7.97
2014-12-01,7.95
2014-12-02,7.94
2014-12-03,7.95
2014-12-04,7.94
2014-12-05,7.95
2014-12-06,7.95
2014-12-07,7.96
2014-12-08,7.98
2014-12-09,7.96
2014-12-10,7.96
2014-12-11,7.99
2014-12-12,8.02
2014-12-13,8.1
2014-12-14,8.51
2014-12-15,8.89
2014-12-16,8.65
2014-12-17,8.4
2014-12-18,8.27
2014-12-19,8.31
2014-12-20,8.49
2014-12-21,8.75
2014-12-22,8.74
2014-12-23,8.46
2014-12-24,8.33
2014-12-25,8.28
2014-12-26,8.29
2014-12-27,8.31
2014-12-28,8.36
2014-12-29,8.43
2014-12-30,8.32
2014-12-31,8.24
2015-01-01,8.23
2015-01-02,8.26
2015-01-03,8.17
2015-01-04,8.22
2015-01-05,8.39
2015-01-06,8.54
2015-01-07,8.48
2015-01-08,8.38
2015-01-09,8.33
2015-01-10,8.67
2015-01-11,9
2015-01-12,9.06
2015-01-13,8.97
2015-01-14,8.74
2015-01-15,8.56
2015-01-16,8.6
2015-01-17,8.6
2015-01-18,8.72
2015-01-19,8.62
2015-01-20,8.51
2015-01-21,8.4
2015-01-22,8.25
2015-01-23,8.25
2015-01-24,8.19
2015-01-25,8.12
2015-01-26,8.18
2015-01-27,8.17
2015-01-28,8.28
2015-01-29,8.31
2015-01-30,8.29
2015-01-31,8.39
2015-02-01,8.51
2015-02-02,8.46
2015-02-03,8.5
2015-02-04,8.51
2015-02-05,8.38
2015-02-06,8.29
2015-02-07,8.2
2015-02-08,8.18
2015-02-09,8.13
2015-02-10,8.1
2015-02-11,8.06
2015-02-12,8.07
2015-02-13,8.06
2015-02-14,8.05
2015-02-15,8.08
2015-02-16,8.08
2015-02-17,8.14
2015-02-18,8.07
2015-02-19,8.04
2015-02-20,8.07
2015-02-21,8.09
2015-02-22,8.1
2015-02-23,8.38
2015-02-24,8.38
2015-02-25,8.53
2015-02-26,8.59
2015-02-27,8.51
2015-02-28,8.58
2015-03-01,8.62
2015-03-02,8.5
2015-03-03,8.46
2015-03-04,8.37
2015-03-05,8.32
2015-03-06,8.3
2015-03-07,8.16
2015-03-08,8.16
2015-03-09,8.15
2015-03-10,8.15
2015-03-11,8.1
2015-03-12,8.03
2015-03-13,8.05
2015-03-14,8.06
2015-03-15,8.04
2015-03-16,8.02
2015-03-17,8.03
2015-03-18,8.01
2015-03-19,8.07
2015-03-20,8.01
2015-03-21,7.99
2015-03-22,8.02
2015-03-23,7.99
2015-03-24,7.96
2015-03-25,7.99
2015-03-26,7.99
2015-03-27,8.02
2015-03-28,7.99
2015-03-29,8.02
2015-03-30,8
2015-03-31,8.22
2015-04-01,8.27
2015-04-02,8.27
2015-04-03,8.26
2015-04-04,8.56
2015-04-05,8.46
2015-04-06,8.32
2015-04-07,8.22
2015-04-08,8.16
2015-04-09,8.09
2015-04-10,8.05
2015-04-11,8.09
2015-04-12,8.02
2015-04-13,8.05
2015-04-14,8.04
2015-04-15,8.01
2015-04-16,7.99
2015-04-17,8.03
2015-04-18,8
2015-04-19,8
2015-04-20,8
2015-04-21,7.99
2015-04-22,7.94
2015-04-23,7.97
2015-04-24,8
2015-04-25,8.01
2015-04-26,7.95
2015-04-27,8.01
2015-04-28,8.01
2015-04-29,7.97
2015-04-30,7.99
2015-05-01,7.99
2015-05-02,7.99
2015-05-03,7.98
2015-05-04,8
2015-05-05,8.05
2015-05-06,8.01
2015-05-07,8.01
2015-05-08,8.01
2015-05-09,8.03
2015-05-10,7.97
2015-05-11,7.99
2015-05-12,7.96
2015-05-13,7.99
2015-05-14,7.99
2015-05-15,7.96
2015-05-16,7.97
2015-05-17,7.98
2015-05-18,7.98
2015-05-19,7.93
2015-05-20,7.96
2015-05-21,7.94
2015-05-22,7.96
2015-05-23,8
2015-05-24,7.97
2015-05-25,7.93
2015-05-26,8.02
2015-05-27,7.96
2015-05-28,7.93
2015-05-29,7.96
2015-05-30,7.96
2015-05-31,7.96
2015-06-01,7.96
2015-06-02,7.96
2015-06-03,7.94
2015-06-04,7.96
2015-06-05,7.94
2015-06-06,7.97
2015-06-07,7.96
2015-06-08,8.02
2015-06-09,7.97
2015-06-10,7.98
2015-06-11,7.96
2015-06-12,7.97
2015-06-13,8
2015-06-14,7.98
2015-06-15,7.91
2015-06-16,7.97
2015-06-17,7.97
2015-06-18,7.92
2015-06-19,7.99
2015-06-20,7.97
2015-06-21,8
2015-06-22,7.96
2015-06-23,7.98
2015-06-24,8
2015-06-25,7.99
2015-06-26,7.98
2015-06-27,7.93
2015-06-28,7.97
2015-06-29,8
2015-06-30,8.01
2015-07-01,7.95
2015-07-02,7.97
2015-07-03,7.93
2015-07-04,7.98
2015-07-05,7.97
2015-07-06,7.96
2015-07-07,7.98
2015-07-08,7.9
2015-07-09,7.94
2015-07-10,7.94
2015-07-11,7.9
2015-07-12,7.96
2015-07-13,7.95
2015-07-14,7.94
2015-07-15,7.96
2015-07-16,7.96
2015-07-17,7.93
2015-07-18,7.97
2015-07-19,7.92
2015-07-20,8.01
2015-07-21,7.92
2015-07-22,8
2015-07-23,7.97
2015-07-24,7.97
2015-07-25,7.99
2015-07-26,7.96
2015-07-27,7.99
2015-07-28,7.96
2015-07-29,7.99
2015-07-30,7.97
2015-07-31,8.01
2015-08-01,7.96
2015-08-02,7.98
2015-08-03,7.95
2015-08-04,7.93
2015-08-05,7.96
2015-08-06,7.99
2015-08-07,7.85
2015-08-08,8.01
2015-08-09,7.98
2015-08-10,7.94
2015-08-11,7.92
2015-08-12,7.88
2015-08-13,7.86
2015-08-14,7.85
2015-08-15,7.93
2015-08-16,8.06
2015-08-17,7.93
2015-08-18,7.97
2015-08-19,7.96
2015-08-20,7.97
2015-08-21,7.96
2015-08-22,7.94
2015-08-23,8
2015-08-24,7.95
2015-08-25,8.01
2015-08-26,7.94
2015-08-27,7.93
2015-08-28,7.95
2015-08-29,8.03
2015-08-30,7.86
2015-08-31,8
2015-09-01,7.97
2015-09-02,7.95
2015-09-03,7.97
2015-09-04,7.94
2015-09-05,7.97
2015-09-06,7.94
2015-09-07,8
2015-09-08,7.99
2015-09-09,7.95
2015-09-10,7.98
2015-09-11,7.92
2015-09-12,7.95
2015-09-13,7.95
2015-09-14,7.98
2015-09-15,7.94
2015-09-16,7.95
2015-09-17,7.96
2015-09-18,7.99
2015-09-19,7.97
2015-09-20,7.98
2015-09-21,7.91
2015-09-22,7.95
2015-09-23,7.95
2015-09-24,8.04
2015-09-25,8.05
2015-09-26,8.03
2015-09-27,7.92
2015-09-28,7.97
2015-09-29,7.93
2015-09-30,7.97
2015-10-01,7.97
2015-10-02,7.97
2015-10-03,7.97
2015-10-04,7.94
2015-10-05,7.96
2015-10-06,7.99
2015-10-07,7.98
2015-10-08,7.94
2015-10-09,7.95
2015-10-10,8
2015-10-11,7.98
2015-10-12,7.99
2015-10-13,7.98
2015-10-14,7.96
2015-10-15,7.98
2015-10-16,7.96
2015-10-17,7.95
2015-10-18,7.96
2015-10-19,7.96
2015-10-20,7.94
2015-10-21,7.99
2015-10-22,7.96
2015-10-23,7.94
2015-10-24,7.95
2015-10-25,7.9
2015-10-26,7.96
2015-10-27,7.96
2015-10-28,7.96
2015-10-29,7.96
2015-10-30,7.98
2015-10-31,7.99
2015-11-01,7.97
2015-11-02,7.96
2015-11-03,7.92
2015-11-04,7.96
2015-11-05,7.95
2015-11-06,7.95
2015-11-07,7.97
2015-11-08,7.95
2015-11-09,7.95
2015-11-10,8.02
2015-11-11,7.93
2015-11-12,7.92
2015-11-13,7.92
2015-11-14,7.99
2015-11-15,7.94
2015-11-16,7.95
2015-11-17,7.96
2015-11-18,8.02
2015-11-19,8.05
2015-11-20,8
2015-11-21,8.04
2015-11-22,8.17
2015-11-23,8.17
2015-11-24,8.12
2015-11-25,8.07
2015-11-26,8.05
2015-11-27,8.05
2015-11-28,8.04
2015-11-29,8.05
2015-11-30,8.11
2015-12-01,8.17
2015-12-02,8.39
2015-12-03,8.59
2015-12-04,8.42
2015-12-05,8.28
2015-12-06,8.12
2015-12-07,8.08
2015-12-08,8.05
2015-12-09,8.05
2015-12-10,8.07
2015-12-11,8.06
2015-12-12,8.04
2015-12-13,8.11
2015-12-14,8.14
2015-12-15,8.12
2015-12-16,8.08
2015-12-17,8.06
2015-12-18,8.08
2015-12-19,8.09
2015-12-20,8.06
2015-12-21,8.06
2015-12-22,8.02
2015-12-23,8.06
2015-12-24,8.03
2015-12-25,8.1
2015-12-26,8.07
2015-12-27,8.02
2015-12-28,8.04
2015-12-29,8.02
2015-12-30,8.01
2015-12-31,7.96
2016-01-01,7.98
2016-01-02,7.98
2016-01-03,7.98
2016-01-04,8
2016-01-05,8.01
2016-01-06,8.2
2016-01-07,8.14
2016-01-08,8.14
2016-01-09,8.18
2016-01-10,8.18
2016-01-11,8.13
2016-01-12,8.21
2016-01-13,8.28
2016-01-14,8.36
2016-01-15,8.44
2016-01-16,8.45
2016-01-17,8.51
2016-01-18,8.45
2016-01-19,8.38
2016-01-20,8.26
2016-01-21,8.15
2016-01-22,8.1
2016-01-23,8.09
2016-01-24,8.14
2016-01-25,8.17
2016-01-26,8.17
2016-01-27,8.17
2016-01-28,8.17
2016-01-29,8.17
2016-01-30,8.16
2016-01-31,8.22
2016-02-01,8.4
2016-02-02,8.67
2016-02-03,8.65
2016-02-04,8.71
2016-02-05,8.7
2016-02-06,8.61
2016-02-07,8.59
2016-02-08,8.47
2016-02-09,8.52
2016-02-10,8.67
2016-02-11,8.97
2016-02-12,9.41
2016-02-13,9.44
2016-02-14,9.07
2016-02-15,8.75
2016-02-16,8.76
2016-02-17,8.5
2016-02-18,8.49
2016-02-19,8.45
2016-02-20,8.42
2016-02-21,8.4
2016-02-22,8.43
2016-02-23,8.84
2016-02-24,8.94
2016-02-25,9.24
2016-02-26,9.38
2016-02-27,8.93
2016-02-28,8.62
2016-02-29,8.48
2016-03-01,8.38
2016-03-02,8.28
2016-03-03,8.3
2016-03-04,8.27
2016-03-05,8.33
2016-03-06,8.38
2016-03-07,8.5
2016-03-08,8.49
2016-03-09,8.53
2016-03-10,8.43
2016-03-11,8.36
2016-03-12,8.31
2016-03-13,8.23
2016-03-14,8.19
2016-03-15,8.2
2016-03-16,8.14
2016-03-17,8.1
2016-03-18,8.06
2016-03-19,8.05
2016-03-20,8.05
2016-03-21,8.06
2016-03-22,8.05
2016-03-23,8.09
2016-03-24,8.01
2016-03-25,8.06
2016-03-26,8.06
2016-03-27,8.01
2016-03-28,8.02
2016-03-29,8.01
2016-03-30,8.1
2016-03-31,8.06
2016-04-01,8.11
2016-04-02,8.14
2016-04-03,8.35
2016-04-04,8.22
2016-04-05,8.16
2016-04-06,8.14
2016-04-07,8.12
2016-04-08,8.06
2016-04-09,8.05
2016-04-10,8.02
2016-04-11,8.08
2016-04-12,8.07
2016-04-13,8.04
2016-04-14,8.08
2016-04-15,8.02
2016-04-16,8.03
2016-04-17,8.03
2016-04-18,8.06
2016-04-19,8.03
2016-04-20,8.03
2016-04-21,7.99
2016-04-22,7.97
2016-04-23,8.02
2016-04-24,8
2016-04-25,8.01
2016-04-26,8
2016-04-27,8.07
2016-04-28,8.1
2016-04-29,8.12
2016-04-30,8.16
2016-05-01,8.04
2016-05-02,8.11
2016-05-03,8.04
2016-05-04,8.02
2016-05-05,8
2016-05-06,8.02
2016-05-07,8.01
2016-05-08,7.98
2016-05-09,7.98
2016-05-10,7.97
2016-05-11,8
2016-05-12,7.97
2016-05-13,8.04
2016-05-14,8.03
2016-05-15,7.98
2016-05-16,8.03
2016-05-17,7.98
2016-05-18,8.01
2016-05-19,7.98
2016-05-20,7.98
2016-05-21,7.98
2016-05-22,7.98
2016-05-23,7.99
2016-05-24,8
2016-05-25,8.03
2016-05-26,7.93
2016-05-27,7.96
2016-05-28,8.02
2016-05-29,8
2016-05-30,8
2016-05-31,8.06
2016-06-01,8.24
2016-06-02,8.46
2016-06-03,8.67
2016-06-04,8.83
2016-06-05,8.86
2016-06-06,8.74
2016-06-07,8.59
2016-06-08,8.6
2016-06-09,8.62
2016-06-10,8.59
2016-06-11,8.34
2016-06-12,8.3
2016-06-13,8.24
2016-06-14,8.28
2016-06-15,8.27
2016-06-16,8.29
2016-06-17,8.25
2016-06-18,8.31
2016-06-19,8.43
2016-06-20,8.47
2016-06-21,8.33
2016-06-22,8.28
2016-06-23,8.31
2016-06-24,8.23
2016-06-25,8.38
2016-06-26,8.25
2016-06-27,8.23
2016-06-28,8.16
2016-06-29,8.09
2016-06-30,8.04
2016-07-01,8.07
2016-07-02,8.06
2016-07-03,8.06
2016-07-04,8.05
2016-07-05,7.99
2016-07-06,7.99
2016-07-07,7.97
2016-07-08,7.93
2016-07-09,8.03
2016-07-10,8.03
2016-07-11,8.02
2016-07-12,7.98
2016-07-13,8
2016-07-14,8.04
2016-07-15,7.99
2016-07-16,7.97
2016-07-17,7.96
2016-07-18,7.98
2016-07-19,7.97
2016-07-20,7.99
2016-07-21,7.91
2016-07-22,7.99
2016-07-23,7.96
2016-07-24,8
2016-07-25,8.06
2016-07-26,7.96
2016-07-27,7.97
2016-07-28,8.02
2016-07-29,7.96
2016-07-30,7.99
2016-07-31,7.99
2016-08-01,7.97
2016-08-02,8
2016-08-03,7.96
2016-08-04,8.01
2016-08-05,8.05
2016-08-06,8.07
2016-08-07,8.04
2016-08-08,8.04
2016-08-09,7.92
2016-08-10,7.97
2016-08-11,7.96
2016-08-12,8
2016-08-13,7.96
2016-08-14,7.97
2016-08-15,7.99
2016-08-16,7.98
2016-08-17,7.92
2016-08-18,7.98
2016-08-19,7.98
2016-08-20,7.93
2016-08-21,7.96
2016-08-22,7.99
2016-08-23,7.97
2016-08-24,7.98
2016-08-25,7.93
2016-08-26,7.98
2016-08-27,7.99
2016-08-28,7.98
2016-08-29,7.98
2016-08-30,7.99
2016-08-31,7.92
2016-09-01,7.94
2016-09-02,7.94
2016-09-03,7.91
2016-09-04,7.96
2016-09-05,7.93
2016-09-06,7.91
2016-09-07,7.95
2016-09-08,7.99
2016-09-09,7.95
2016-09-10,7.96
2016-09-11,7.96
2016-09-12,7.99
2016-09-13,7.98
2016-09-14,7.96
2016-09-15,7.97
2016-09-16,7.99
2016-09-17,7.94
2016-09-18,7.98
2016-09-19,7.96
2016-09-20,7.99
2016-09-21,7.96
2016-09-22,7.95
2016-09-23,7.97
2016-09-24,7.97
2016-09-25,7.93
2016-09-26,7.94
2016-09-27,7.88
2016-09-28,7.99
2016-09-29,7.89
2016-09-30,7.93
2016-10-01,7.95
2016-10-02,7.96
2016-10-03,8
2016-10-04,7.91
2016-10-05,7.97
2016-10-06,7.87
2016-10-07,7.99
2016-10-08,7.9
2016-10-09,7.98
2016-10-10,7.84
2016-10-11,7.96
2016-10-12,7.93
2016-10-13,7.91
2016-10-14,7.93
2016-10-15,7.94
2016-10-16,7.98
2016-10-17,7.95
2016-10-18,7.96
2016-10-19,7.95
2016-10-20,7.95
2016-10-21,7.98
2016-10-22,8.02
2016-10-23,7.95
2016-10-24,7.97
2016-10-25,7.93
2016-10-26,7.97
2016-10-27,7.98
2016-10-28,7.96
2016-10-29,7.94
2016-10-30,7.97
2016-10-31,7.94
2016-11-01,7.93
2016-11-02,7.96
2016-11-03,7.95
2016-11-04,7.95
2016-11-05,7.92
2016-11-06,7.95
2016-11-07,7.96
2016-11-08,7.94
2016-11-09,7.92
2016-11-10,7.99
2016-11-11,7.97
2016-11-12,7.98
2016-11-13,7.99
2016-11-14,7.92
2016-11-15,7.98
2016-11-16,7.94
2016-11-17,8
2016-11-18,7.98
2016-11-19,8
2016-11-20,7.91
2016-11-21,7.94
2016-11-22,7.98
2016-11-23,7.98
2016-11-24,7.98
2016-11-25,7.99
2016-11-26,8.01
2016-11-27,7.96
2016-11-28,7.97
2016-11-29,7.96
2016-11-30,7.94
2016-12-01,7.99
2016-12-02,7.94
2016-12-03,7.97
2016-12-04,7.95
2016-12-05,7.95
2016-12-06,7.96
2016-12-07,7.94
2016-12-08,7.96
2016-12-09,7.96
2016-12-10,7.96
2016-12-11,7.96
2016-12-12,7.95
2016-12-13,8.01
2016-12-14,7.99
2016-12-15,7.98
2016-12-16,7.93
2016-12-17,7.89
2016-12-18,7.95
2016-12-19,7.95
2016-12-20,7.97
2016-12-21,7.94
2016-12-22,7.95
2016-12-23,7.99
2016-12-24,7.92
2016-12-25,7.99
2016-12-26,7.99
2016-12-27,7.96
2016-12-28,7.98
2016-12-29,7.96
2016-12-30,7.14
2016-12-31,5.68
2017-01-01,5.15
2017-01-02,5.33
2017-01-03,5.31
2017-01-04,5.33
2017-01-05,5.21
2017-01-06,5.18
2017-01-07,5.29
2017-01-08,5.24
2017-01-09,5.15
2017-01-10,5.39
2017-01-11,5.45
2017-01-12,5.75
2017-01-13,5.94
2017-01-14,6.52
2017-01-15,6.34
2017-01-16,6.6
2017-01-17,6.33
2017-01-18,6.08
2017-01-19,5.92
2017-01-20,5.91
2017-01-21,6.28
2017-01-22,6.58
2017-01-23,7.04
2017-01-24,7.32
2017-01-25,7.89
2017-01-26,7.97
2017-01-27,7.96
2017-01-28,7.9
2017-01-29,7.95
2017-01-30,7.94
2017-01-31,7.92
2017-02-01,7.96
2017-02-02,8
2017-02-03,7.96
2017-02-04,7.97
2017-02-05,7.92
2017-02-06,8.01
2017-02-07,8.02
2017-02-08,7.93
2017-02-09,8.03
2017-02-10,8.26
2017-02-11,8.22
2017-02-12,8.04
2017-02-13,7.9
2017-02-14,8.13
2017-02-15,8.01
2017-02-16,7.94
2017-02-17,7.96
2017-02-18,8.01
2017-02-19,7.98
2017-02-20,7.95
2017-02-21,8
2017-02-22,7.98
2017-02-23,8.03
2017-02-24,8.07
2017-02-25,8.19
2017-02-26,8.03
2017-02-27,8.03
2017-02-28,7.99
2017-03-01,7.91
2017-03-02,8.11
2017-03-03,8.32
2017-03-04,8.04
2017-03-05,8.25
2017-03-06,8.25
2017-03-07,8.42
2017-03-08,8.56
2017-03-09,8.6
2017-03-10,8.67
2017-03-11,8.95
2017-03-12,9.05
2017-03-13,8.83
2017-03-14,8.43
2017-03-15,8.2
2017-03-16,8.2
2017-03-17,8.1
2017-03-18,8.09
2017-03-19,8
2017-03-20,7.99
2017-03-21,8.08
2017-03-22,7.92
2017-03-23,8.24
2017-03-24,7.99
2017-03-25,8.03
2017-03-26,8.01
2017-03-27,7.88
2017-03-28,7.98
2017-03-29,7.92
2017-03-30,7.97
2017-03-31,7.98
2017-04-01,7.97
2017-04-02,7.95
2017-04-03,7.98
2017-04-04,7.98
2017-04-05,7.99
2017-04-06,7.95
2017-04-07,8
2017-04-08,7.96
2017-04-09,7.97
2017-04-10,7.95
2017-04-11,7.99
2017-04-12,8.02
2017-04-13,7.99
2017-04-14,7.98
2017-04-15,7.96
2017-04-16,8
2017-04-17,7.99
2017-04-18,8
2017-04-19,7.91
2017-04-20,7.94
2017-04-21,7.93
2017-04-22,8
2017-04-23,7.95
2017-04-24,7.96
2017-04-25,7.96
2017-04-26,7.96
2017-04-27,7.94
2017-04-28,7.99
2017-04-29,7.98
2017-04-30,7.99
2017-05-01,7.95
2017-05-02,7.97
2017-05-03,8.02
2017-05-04,7.97
2017-05-05,7.94
2017-05-06,7.97
2017-05-07,8.01
2017-05-08,7.98
2017-05-09,7.95
2017-05-10,7.93
2017-05-11,7.97
2017-05-12,7.98
2017-05-13,7.97
2017-05-14,7.99
2017-05-15,7.99
2017-05-16,7.97
2017-05-17,7.94
2017-05-18,7.97
2017-05-19,7.97
2017-05-20,7.97
2017-05-21,7.97
2017-05-22,7.98
2017-05-23,7.96
2017-05-24,7.99
2017-05-25,7.99
2017-05-26,7.99
2017-05-27,7.99
2017-05-28,7.98
2017-05-29,7.99
2017-05-30,8
2017-05-31,7.99
2017-06-01,7.98
2017-06-02,7.96
2017-06-03,7.98
2017-06-04,7.93
2017-06-05,7.96
2017-06-06,7.99
2017-06-07,7.98
2017-06-08,8
2017-06-09,7.92
2017-06-10,7.95
2017-06-11,7.97
2017-06-12,7.97
2017-06-13,7.94
2017-06-14,7.99
2017-06-15,7.94
2017-06-16,7.91
2017-06-17,7.96
2017-06-18,7.98
2017-06-19,7.91
2017-06-20,7.87
2017-06-21,7.88
2017-06-22,7.95
2017-06-23,7.96
2017-06-24,7.99
2017-06-25,7.99
2017-06-26,7.98
2017-06-27,7.93
2017-06-28,7.92
2017-06-29,8.04
2017-06-30,7.95
2017-07-01,7.97
2017-07-02,7.99
2017-07-03,7.94
2017-07-04,7.97
2017-07-05,7.99
2017-07-06,7.93
2017-07-07,7.99
2017-07-08,7.99
2017-07-09,7.95
2017-07-10,7.95
2017-07-11,7.97
2017-07-12,7.94
2017-07-13,7.98
2017-07-14,7.97
2017-07-15,7.98
2017-07-16,7.99
2017-07-17,8
2017-07-18,7.99
2017-07-19,7.98
2017-07-20,7.97
2017-07-21,7.97
2017-07-22,8.01
2017-07-23,7.97
2017-07-24,7.94
2017-07-25,7.99
2017-07-26,8.03
2017-07-27,7.96
2017-07-28,7.96
2017-07-29,7.97
2017-07-30,8
2017-07-31,7.96
2017-08-01,7.97
2017-08-02,7.98
2017-08-03,7.96
2017-08-04,7.96
2017-08-05,7.94
2017-08-06,7.98
2017-08-07,7.96
2017-08-08,7.95
2017-08-09,7.97
2017-08-10,7.95
2017-08-11,7.99
2017-08-12,7.94
2017-08-13,7.99
2017-08-14,7.98
2017-08-15,7.96
2017-08-16,7.98
2017-08-17,8
2017-08-18,7.98
2017-08-19,8
2017-08-20,7.98
2017-08-21,7.97
2017-08-22,7.97
2017-08-23,8.01
2017-08-24,7.97
2017-08-25,7.93
2017-08-26,7.98
2017-08-27,7.98
2017-08-28,7.95
2017-08-29,7.95
2017-08-30,7.95
2017-08-31,7.96
2017-09-01,7.94
2017-09-02,7.97
2017-09-03,7.99
2017-09-04,7.98
2017-09-05,7.95
2017-09-06,7.99
2017-09-07,7.92
2017-09-08,7.94
2017-09-09,7.94
2017-09-10,8.01
2017-09-11,7.92
2017-09-12,7.97
2017-09-13,8.02
2017-09-14,7.97
2017-09-15,7.97
2017-09-16,7.98
2017-09-17,7.98
2017-09-18,7.99
2017-09-19,7.99
2017-09-20,7.98
2017-09-21,7.93
2017-09-22,7.96
2017-09-23,8.02
2017-09-24,7.96
2017-09-25,8
2017-09-26,7.91
2017-09-27,7.96
2017-09-28,7.95
2017-09-29,7.94
2017-09-30,7.94
2017-10-01,7.94
2017-10-02,8.01
2017-10-03,8
2017-10-04,7.97
2017-10-05,7.96
2017-10-06,7.95
2017-10-07,7.92
2017-10-08,7.97
2017-10-09,8.03
2017-10-10,7.96
2017-10-11,8.01
2017-10-12,7.96
2017-10-13,7.94
2017-10-14,7.96
2017-10-15,7.95
2017-10-16,7.97
2017-10-17,7.95
2017-10-18,7.99
2017-10-19,7.99
2017-10-20,7.92
2017-10-21,7.98
2017-10-22,7.94
2017-10-23,7.91
2017-10-24,7.94
2017-10-25,7.91
2017-10-26,7.95
2017-10-27,7.98
2017-10-28,7.94
2017-10-29,7.98
2017-10-30,7.99
2017-10-31,7.98
2017-11-01,7.97
2017-11-02,7.95
2017-11-03,7.95
2017-11-04,7.96
2017-11-05,7.92
2017-11-06,7.94
2017-11-07,7.94
2017-11-08,7.97
2017-11-09,7.96
2017-11-10,7.96
2017-11-11,7.95
2017-11-12,7.97
2017-11-13,7.95
2017-11-14,8.04
2017-11-15,8.05
2017-11-16,8.03
2017-11-17,7.96
2017-11-18,7.99
2017-11-19,8
2017-11-20,7.98
2017-11-21,7.98
2017-11-22,7.95
2017-11-23,8.02
2017-11-24,8.01
2017-11-25,8.03
2017-11-26,8.06
2017-11-27,8.07
2017-11-28,8.04
2017-11-29,8.09
2017-11-30,8.41
2017-12-01,8.42
2017-12-02,8.35
2017-12-03,8.22
2017-12-04,8.22
2017-12-05,8.14
2017-12-06,8.13
2017-12-07,8.04
2017-12-08,8.07
2017-12-09,8.1
2017-12-10,8.1
2017-12-11,8.13
2017-12-12,8.14
2017-12-13,8.34
2017-12-14,8.47
2017-12-15,8.52
2017-12-16,9.07
2017-12-17,9.27
2017-12-18,9.21
2017-12-19,8.92
2017-12-20,8.76
2017-12-21,8.64
2017-12-22,8.58
2017-12-23,8.46
2017-12-24,8.46
2017-12-25,8.43
2017-12-26,8.31
2017-12-27,8.27
2017-12-28,8.3
2017-12-29,8.34
2017-12-30,8.36
2017-12-31,8.37
2018-01-01,8.57
2018-01-02,8.81
2018-01-03,9.24
2018-01-04,9.56
2018-01-05,9.69
2018-01-06,9.86
2018-01-07,9.96
2018-01-08,9.86
2018-01-09,9.5
2018-01-10,9.14
2018-01-11,8.84
2018-01-12,8.64
2018-01-13,8.63
2018-01-14,8.66
2018-01-15,8.49
2018-01-16,8.42
2018-01-17,8.34
2018-01-18,8.6
2018-01-19,8.55
2018-01-20,8.61
2018-01-21,8.65
2018-01-22,8.67
2018-01-23,8.75
2018-01-24,8.82
2018-01-25,8.83
2018-01-26,8.79
2018-01-27,8.87
2018-01-28,8.97
2018-01-29,8.9
2018-01-30,8.83
2018-01-31,8.79
2018-02-01,8.71
2018-02-02,8.78
2018-02-03,8.99
2018-02-04,9.09
2018-02-05,9.02
2018-02-06,8.8
2018-02-07,8.55
2018-02-08,8.48
2018-02-09,8.4
2018-02-10,8.29
2018-02-11,8.24
2018-02-12,8.25
2018-02-13,8.27
2018-02-14,8.27
2018-02-15,8.17
2018-02-16,8.17
2018-02-17,8.14
2018-02-18,8.15
2018-02-19,8.11
2018-02-20,8.14
2018-02-21,8.08
2018-02-22,8.07
2018-02-23,8.1
2018-02-24,8.06
2018-02-25,8.04
2018-02-26,8.11
2018-02-27,8.06
2018-02-28,8.02
2018-03-01,7.99
2018-03-02,8.01
2018-03-03,8.01
2018-03-04,8
2018-03-05,8.06
2018-03-06,8.03
2018-03-07,7.99
2018-03-08,8.03
2018-03-09,7.99
2018-03-10,8.05
2018-03-11,8.06
2018-03-12,8.08
2018-03-13,8.09
2018-03-14,8.12
2018-03-15,8.18
2018-03-16,8.2
2018-03-17,8.15
2018-03-18,8.17
2018-03-19,8.15
2018-03-20,8.12
2018-03-21,8.1
2018-03-22,8.11
2018-03-23,8.07
2018-03-24,8.04
2018-03-25,8.09
2018-03-26,8.1
2018-03-27,8.05
2018-03-28,8.03
2018-03-29,8.06
2018-03-30,8.08
2018-03-31,8.12
2018-04-01,8.09
2018-04-02,8.08
2018-04-03,8.07
2018-04-04,8.08
2018-04-05,8.1
2018-04-06,8.11
2018-04-07,8.08
2018-04-08,8.11
2018-04-09,8.05
2018-04-10,8.07
2018-04-11,8.07
2018-04-12,8.04
2018-04-13,8.04
2018-04-14,8.05
2018-04-15,8.03
2018-04-16,8.01
2018-04-17,8.03
2018-04-18,8
2018-04-19,8
2018-04-20,7.92
2018-04-21,7.95
2018-04-22,7.98
2018-04-23,7.99
2018-04-24,7.99
2018-04-25,7.96
2018-04-26,7.94
2018-04-27,7.96
2018-04-28,7.99
2018-04-29,8
2018-04-30,8
2018-05-01,8.11
2018-05-02,8.09
2018-05-03,8.01
2018-05-04,8
2018-05-05,8.02
2018-05-06,7.97
2018-05-07,7.97
2018-05-08,8.01
2018-05-09,7.97
2018-05-10,7.89
2018-05-11,8
2018-05-12,7.97
2018-05-13,7.95
2018-05-14,8.1
2018-05-15,7.99
2018-05-16,8
2018-05-17,7.94
2018-05-18,7.98
2018-05-19,7.96
2018-05-20,7.94
2018-05-21,7.96
2018-05-22,7.96
2018-05-23,8.01
2018-05-24,7.93
2018-05-25,7.95
2018-05-26,8.05
2018-05-27,7.97
2018-05-28,8.13
2018-05-29,8.02
2018-05-30,8.02
2018-05-31,8.03
2018-06-01,7.99
2018-06-02,8.02
2018-06-03,8.12
2018-06-04,7.98
2018-06-05,7.96
2018-06-06,7.93
2018-06-07,7.95
2018-06-08,7.95
2018-06-09,7.96
2018-06-10,7.96
2018-06-11,7.97
2018-06-12,8.03
2018-06-13,8.09
2018-06-14,8.02
2018-06-15,8.05
2018-06-16,7.97
2018-06-17,7.97
2018-06-18,8.01
2018-06-19,7.98
2018-06-20,7.95
2018-06-21,7.97
2018-06-22,8.01
2018-06-23,7.95
2018-06-24,7.96
2018-06-25,7.82
2018-06-26,7.98
2018-06-27,7.93
2018-06-28,7.98
2018-06-29,7.91
2018-06-30,7.78
2018-07-01,7.7
2018-07-02,7.75
2018-07-03,7.79
2018-07-04,7.77
2018-07-05,7.74
2018-07-06,7.83
2018-07-07,7.97
2018-07-08,7.96
2018-07-09,8.01
2018-07-10,7.99
2018-07-11,7.91
2018-07-12,7.97
2018-07-13,7.97
2018-07-14,7.97
2018-07-15,7.97
2018-07-16,7.98
2018-07-17,7.98
2018-07-18,7.96
2018-07-19,7.94
2018-07-20,7.98
2018-07-21,7.95
2018-07-22,7.94
2018-07-23,7.96
2018-07-24,7.97
2018-07-25,7.94
2018-07-26,7.99
2018-07-27,7.97
2018-07-28,7.95
2018-07-29,7.94
2018-07-30,7.97
2018-07-31,7.97
2018-08-01,7.98
2018-08-02,7.98
2018-08-03,7.98
2018-08-04,7.98
2018-08-05,7.97
2018-08-06,7.9
2018-08-07,7.88
2018-08-08,7.85
2018-08-09,7.88
2018-08-10,7.88
2018-08-11,7.89
2018-08-12,7.91
2018-08-13,7.98
2018-08-14,8.03
2018-08-15,7.99
2018-08-16,7.84
2018-08-17,7.94
2018-08-18,7.97
2018-08-19,8.02
2018-08-20,7.95
2018-08-21,7.97
2018-08-22,8.01
2018-08-23,7.99
2018-08-24,7.98
2018-08-25,7.96
2018-08-26,7.97
2018-08-27,7.93
2018-08-28,7.93
2018-08-29,7.96
2018-08-30,7.89
2018-08-31,7.97
2018-09-01,7.96
2018-09-02,7.97
2018-09-03,7.98
2018-09-04,7.98
2018-09-05,7.94
2018-09-06,7.95
2018-09-07,7.94
2018-09-08,7.96
2018-09-09,7.92
2018-09-10,7.95
2018-09-11,7.97
2018-09-12,7.95
2018-09-13,7.97
2018-09-14,7.96
2018-09-15,7.97
2018-09-16,7.96
2018-09-17,7.95
2018-09-18,7.97
2018-09-19,7.93
2018-09-20,7.92
2018-09-21,7.92
2018-09-22,7.96
2018-09-23,7.89
2018-09-24,8.03
2018-09-25,7.94
2018-09-26,7.97
2018-09-27,7.95
2018-09-28,7.96
2018-09-29,7.96
2018-09-30,7.92
2018-10-01,7.87
2018-10-02,7.94
2018-10-03,7.92
2018-10-04,7.93
2018-10-05,7.92
2018-10-06,7.95
2018-10-07,7.99
2018-10-08,7.97
2018-10-09,7.95
2018-10-10,7.95
2018-10-11,7.98
2018-10-12,7.97
2018-10-13,7.96
2018-10-14,7.97
2018-10-15,7.97
2018-10-16,7.95
2018-10-17,7.96
2018-10-18,7.94
2018-10-19,7.99
2018-10-20,7.96
2018-10-21,7.99
2018-10-22,7.94
2018-10-23,7.92
2018-10-24,7.95
2018-10-25,7.93
2018-10-26,7.93
2018-10-27,7.94
2018-10-28,7.96
2018-10-29,7.98
2018-10-30,7.98
2018-10-31,8.02
2018-11-01,7.95
2018-11-02,7.93
2018-11-03,7.94
2018-11-04,7.96
2018-11-05,7.84
2018-11-06,8.02
2018-11-07,7.93
2018-11-08,7.96
2018-11-09,7.94
2018-11-10,7.94
2018-11-11,7.94
2018-11-12,7.96
2018-11-13,8
2018-11-14,7.9
2018-11-15,7.97
2018-11-16,7.97
2018-11-17,7.97
2018-11-18,7.94
2018-11-19,7.95
2018-11-20,7.97
2018-11-21,7.94
2018-11-22,7.96
2018-11-23,7.97
2018-11-24,7.96
2018-11-25,7.97
2018-11-26,7.97
2018-11-27,7.96
2018-11-28,7.95
2018-11-29,7.96
2018-11-30,7.96
2018-12-01,7.96
2018-12-02,7.94
2018-12-03,7.97
2018-12-04,8.05
2018-12-05,8.1
2018-12-06,8.07
2018-12-07,8.03
2018-12-08,7.96
2018-12-09,8.05
2018-12-10,8.08
2018-12-11,8.23
2018-12-12,8.18
2018-12-13,8.05
2018-12-14,8.01
2018-12-15,8.04
2018-12-16,7.97
2018-12-17,7.99
2018-12-18,8
2018-12-19,7.97
2018-12-20,8
2018-12-21,7.99
2018-12-22,8.06
2018-12-23,8
2018-12-24,8.13
2018-12-25,8.3
2018-12-26,8.54
2018-12-27,8.53
2018-12-28,8.23
2018-12-29,8.16
2018-12-30,8.08
2018-12-31,8.04
2019-01-01,8.03
2019-01-02,7.97
2019-01-03,8.04
2019-01-04,8.06
2019-01-05,7.96
2019-01-06,8.01
2019-01-07,8.02
2019-01-08,8.04
2019-01-09,8.04
2019-01-10,8.01
2019-01-11,8.02
2019-01-12,8
2019-01-13,8.01
2019-01-14,8.08
2019-01-15,8.19
2019-01-16,8.3
2019-01-17,8.16
2019-01-18,8.17
2019-01-19,8.14
2019-01-20,8.08
2019-01-21,8.12
2019-01-22,8.1
2019-01-23,8
2019-01-24,8.03
2019-01-25,8.01
2019-01-26,8.02
2019-01-27,7.99
2019-01-28,8.05
2019-01-29,8.22
2019-01-30,8.28
2019-01-31,8.27
2019-02-01,8.16
2019-02-02,8.16
2019-02-03,8.2
2019-02-04,8.38
2019-02-05,8.31
2019-02-06,8.21
2019-02-07,8.08
2019-02-08,8.13
2019-02-09,8.17
2019-02-10,8.19
2019-02-11,8.44
2019-02-12,8.74
2019-02-13,9.18
2019-02-14,9.03
2019-02-15,8.66
2019-02-16,8.31
2019-02-17,8.2
2019-02-18,8.16
2019-02-19,8.14
2019-02-20,8.09
2019-02-21,8.04
2019-02-22,8.06
2019-02-23,8
2019-02-24,8.02
2019-02-25,8.01
2019-02-26,8.03
2019-02-27,8.01
2019-02-28,7.98
2019-03-01,7.98
2019-03-02,8
2019-03-03,8.03
2019-03-04,8.06
2019-03-05,8.03
2019-03-06,8.02
2019-03-07,8.04
2019-03-08,8.1
2019-03-09,8.21
2019-03-10,8.22
2019-03-11,8.2
2019-03-12,8.27
2019-03-13,8.29
2019-03-14,8.2
2019-03-15,8.27
2019-03-16,8.61
2019-03-17,9.2
2019-03-18,10.01
2019-03-19,10.24
2019-03-20,9.82
2019-03-21,9.01
2019-03-22,8.64
2019-03-23,8.4
2019-03-24,8.31
2019-03-25,8.25
2019-03-26,8.2
2019-03-27,8.11
2019-03-28,8.07
2019-03-29,8.06
2019-03-30,8.03
2019-03-31,8.03
2019-04-01,8.04
2019-04-02,8.04
2019-04-03,8.03
2019-04-04,8
2019-04-05,8.01
2019-04-06,7.99
2019-04-07,7.99
2019-04-08,8.02
2019-04-09,8.02
2019-04-10,7.99
2019-04-11,8.02
2019-04-12,7.98
2019-04-13,8.01
2019-04-14,7.99
2019-04-15,7.99
2019-04-16,7.98
2019-04-17,8
2019-04-18,8.01
2019-04-19,7.99
2019-04-20,7.92
2019-04-21,7.99
2019-04-22,7.98
2019-04-23,8.01
2019-04-24,7.98
2019-04-25,7.98
2019-04-26,7.99
2019-04-27,7.96
2019-04-28,8.02
2019-04-29,8.02
2019-04-30,7.97
2019-05-01,7.96
2019-05-02,7.92
2019-05-03,7.97
2019-05-04,7.98
2019-05-05,8.03
2019-05-06,8.01
2019-05-07,7.97
2019-05-08,7.97
2019-05-09,7.97
2019-05-10,8.01
2019-05-11,8.04
2019-05-12,8.01
2019-05-13,7.95
2019-05-14,8.03
2019-05-15,8.02
2019-05-16,7.98
2019-05-17,7.98
2019-05-18,7.96
2019-05-19,8.03
2019-05-20,8.02
2019-05-21,8.02
2019-05-22,8
2019-05-23,7.97
2019-05-24,8.01
2019-05-25,7.97
2019-05-26,7.93
2019-05-27,7.98
2019-05-28,7.97
2019-05-29,7.96
2019-05-30,7.97
2019-05-31,7.96
2019-06-01,7.95
2019-06-02,7.95
2019-06-03,7.99
2019-06-04,7.97
2019-06-05,7.98
2019-06-06,7.97
2019-06-07,8
2019-06-08,7.94
2019-06-09,7.95
2019-06-10,7.98
2019-06-11,7.93
2019-06-12,7.99
2019-06-13,7.95
2019-06-14,7.94
2019-06-15,7.96
2019-06-16,7.99
2019-06-17,8
2019-06-18,7.9
2019-06-19,7.95
2019-06-20,7.96
2019-06-21,8.03
2019-06-22,7.97
2019-06-23,8.01
2019-06-24,7.96
2019-06-25,8.01
2019-06-26,7.98
2019-06-27,7.98
2019-06-28,7.94
2019-06-29,7.94
2019-06-30,8
2019-07-01,7.98
2019-07-02,7.99
2019-07-03,7.98
2019-07-04,7.93
2019-07-05,7.99
2019-07-06,7.91
2019-07-07,7.96
2019-07-08,7.88
2019-07-09,7.88
2019-07-10,7.9
2019-07-11,7.94
2019-07-12,7.95
2019-07-13,7.97
2019-07-14,7.98
2019-07-15,7.94
2019-07-16,7.99
2019-07-17,7.97
2019-07-18,8
2019-07-19,7.98
2019-07-20,7.96
2019-07-21,7.99
2019-07-22,7.95
2019-07-23,8.01
2019-07-24,7.99
2019-07-25,7.97
2019-07-26,7.98
2019-07-27,7.95
2019-07-28,7.94
2019-07-29,8.07
2019-07-30,7.94
2019-07-31,7.95
2019-08-01,7.96
2019-08-02,7.94
2019-08-03,7.98
2019-08-04,7.96
2019-08-05,7.96
2019-08-06,7.94
2019-08-07,7.93
2019-08-08,7.93
2019-08-09,7.92
2019-08-10,7.94
2019-08-11,7.91
2019-08-12,7.94
2019-08-13,7.97
2019-08-14,7.96
2019-08-15,7.95
2019-08-16,7.94
2019-08-17,7.95
2019-08-18,7.93
2019-08-19,7.97
2019-08-20,7.9
2019-08-21,8
2019-08-22,7.92
2019-08-23,7.99
2019-08-24,7.95
2019-08-25,7.94
2019-08-26,7.94
2019-08-27,7.92
2019-08-28,7.94
2019-08-29,7.92
2019-08-30,7.93
2019-08-31,7.95
2019-09-01,7.95
2019-09-02,7.91
2019-09-03,7.86
2019-09-04,7.84
2019-09-05,7.81
2019-09-06,7.78
2019-09-07,7.76
2019-09-08,7.81
2019-09-09,7.84
2019-09-10,7.85
2019-09-11,7.86
2019-09-12,7.89
2019-09-13,7.91
2019-09-14,7.93
2019-09-15,7.95
2019-09-16,7.98
2019-09-17,7.97
2019-09-18,7.99
2019-09-19,7.94
2019-09-20,7.96
2019-09-21,7.88
2019-09-22,7.88
2019-09-23,7.9
2019-09-24,7.89
2019-09-25,7.9
2019-09-26,7.93
2019-09-27,7.97
2019-09-28,7.97
2019-09-29,7.96
2019-09-30,7.98
2019-10-01,7.99
2019-10-02,7.97
2019-10-03,7.98
2019-10-04,7.94
2019-10-05,7.96
2019-10-06,7.97
2019-10-07,7.98
2019-10-08,8
2019-10-09,7.92
2019-10-10,7.98
2019-10-11,7.96
2019-10-12,8.05
2019-10-13,7.99
2019-10-14,7.96
2019-10-15,7.96
2019-10-16,7.94
2019-10-17,7.94
2019-10-18,8.03
2019-10-19,7.98
2019-10-20,7.97
2019-10-21,8
2019-10-22,7.92
2019-10-23,7.99
2019-10-24,8.02
2019-10-25,8.01
2019-10-26,7.93
2019-10-27,7.96
2019-10-28,8
2019-10-29,7.96
2019-10-30,8
2019-10-31,8.01
2019-11-01,7.98
2019-11-02,8
2019-11-03,8.03
2019-11-04,8.02
2019-11-05,8.02
2019-11-06,8.07
2019-11-07,8.05
2019-11-08,8.03
2019-11-09,8.04
2019-11-10,8.02
2019-11-11,8.02
2019-11-12,7.99
2019-11-13,8.02
2019-11-14,8.04
2019-11-15,8.01
2019-11-16,7.99
2019-11-17,7.97
2019-11-18,8.03
2019-11-19,7.99
2019-11-20,8.11
2019-11-21,8.1
2019-11-22,8.06
2019-11-23,8.01
2019-11-24,8.04
2019-11-25,8.03
2019-11-26,7.98
2019-11-27,8.02
2019-11-28,8.04
2019-11-29,7.99
2019-11-30,8.08
2019-12-01,8.1
2019-12-02,8.05
2019-12-03,8.06
2019-12-04,8.05
2019-12-05,8.01
2019-12-06,8.08
2019-12-07,8.01
2019-12-08,8.01
2019-12-09,8.07
2019-12-10,8.07
2019-12-11,8.17
2019-12-12,8.18
2019-12-13,8.22
2019-12-14,8.34
2019-12-15,8.52
2019-12-16,8.88
2019-12-17,8.96
2019-12-18,8.71
2019-12-19,8.57
2019-12-20,8.67
2019-12-21,8.51
2019-12-22,8.41
2019-12-23,8.56
2019-12-24,8.62
2019-12-25,8.81
2019-12-26,8.73
2019-12-27,8.77
2019-12-28,8.64
2019-12-29,8.71
2019-12-30,8.59
2019-12-31,8.41
2020-01-01,8.31
